id_contrato,idade,renda_mensal,valor_emprestimo,prazo_meses,taxa_juros,score_credito,valor_prestacao,tempo_emprego,dependentes,divida_total,gasto_mensal,saldo_mensal,valor_bem,finalidade,posse_imovel,estado_civil,grau_instrucao,tipo_emprego,regiao,inadimplente
1,23,6701.49,4767.88,37,22.97,649,2364.11,0,2,12485.2,6249.65,4208.39,70905.86,negocios,sim,divorciado,medio,clt,sudeste,0
2,62,3440.61,35173.54,29,10.7,583,1067.85,15,1,11218.3,3986.05,-647.93,182785.29,outros,nao,divorciado,fundamental,autonomo,sul,0
3,55,1200.0,13348.89,18,23.36,560,2464.27,0,3,1503.17,6228.36,410.12,205930.35,outros,nao,viuvo,fundamental,temporario,sudeste,1
4,43,1619.47,23044.03,13,24.35,698,1471.13,8,2,25795.79,7937.82,5527.99,80793.82,consumo,sim,divorciado,superior,temporario,norte,1
5,42,7358.93,19232.77,15,24.38,664,2476.78,11,1,8423.45,6049.12,5815.65,62267.01,outros,nao,viuvo,medio,estudante,centro_oeste,0
6,66,4077.74,7634.24,68,24.8,546,1645.98,7,3,8886.89,1858.53,4257.98,166877.61,outros,sim,solteiro,superior,clt,sul,0
7,22,3448.7,18223.98,32,21.24,516,983.5,3,4,22120.25,4037.14,-186.2,153552.89,consumo,sim,divorciado,fundamental,estudante,sul,1
8,57,7756.79,18430.69,69,7.42,638,2043.91,4,4,25858.99,5170.31,3986.98,83182.79,consumo,nao,divorciado,medio,autonomo,nordeste,0
9,29,7077.29,26255.81,28,5.25,550,1309.75,15,4,14261.67,1578.45,2833.62,199178.35,veiculo,sim,casado,medio,autonomo,sudeste,1
10,23,4844.01,46741.99,26,12.18,515,896.43,2,3,33058.96,5970.69,1684.57,99810.37,consumo,sim,divorciado,superior,estudante,norte,0
11,48,4271.87,23885.8,38,15.88,508,1289.74,12,3,5659.91,6562.56,1679.86,205894.36,outros,sim,casado,superior,autonomo,sudeste,0
12,73,4562.22,44106.39,68,11.26,685,2202.84,5,1,18457.25,6981.38,1733.79,194443.36,outros,nao,solteiro,fundamental,estudante,norte,0
13,59,5208.89,23500.87,43,21.81,586,1878.95,0,1,21606.54,1519.17,714.39,208652.52,outros,sim,casado,pos,temporario,sul,0
14,61,7680.09,7393.22,8,21.34,556,583.14,7,0,21608.35,6493.72,2396.66,23937.55,veiculo,sim,solteiro,pos,autonomo,sudeste,0
15,58,5560.44,12971.96,23,27.33,466,2125.55,1,0,22989.8,3612.56,-1515.01,58752.12,negocios,sim,viuvo,fundamental,autonomo,norte,0
16,62,6106.85,21042.05,70,13.61,442,1180.89,13,4,22185.91,2295.44,4818.23,81638.83,casa,nao,divorciado,pos,estudante,sul,0
17,47,6904.69,17304.28,16,22.86,697,372.25,13,2,27709.59,4956.94,5196.92,163550.94,educacao,nao,divorciado,pos,estudante,norte,0
18,25,2694.58,41895.23,61,21.79,807,521.44,3,2,28492.87,5368.11,1248.38,64611.47,outros,nao,divorciado,superior,estudante,centro_oeste,0
19,65,6158.75,33378.37,67,27.73,549,333.5,13,0,34210.78,4382.49,5598.83,45544.27,veiculo,nao,casado,pos,estudante,sudeste,0
20,43,4269.78,28813.03,20,22.57,757,1749.68,12,0,32889.44,7647.18,4253.93,75624.09,outros,sim,viuvo,pos,autonomo,sudeste,0
21,46,1200.0,24850.94,42,10.81,660,777.55,12,0,18197.46,1824.27,4813.48,68409.34,consumo,nao,casado,medio,estudante,norte,1
22,39,1200.0,20575.81,45,4.37,541,403.53,1,2,24708.16,3960.8,5151.97,179215.31,negocios,nao,viuvo,pos,estudante,centro_oeste,0
23,28,2967.39,30354.76,58,27.24,646,1028.35,2,2,14085.0,2769.64,854.48,217758.91,consumo,sim,casado,fundamental,estudante,norte,0
24,70,5756.2,8169.63,58,21.19,471,2191.36,2,0,22772.67,914.8,4539.17,66849.62,casa,nao,casado,fundamental,autonomo,sudeste,0
25,62,5004.84,9895.26,9,23.5,555,1638.65,14,3,260.55,3382.04,-667.99,11401.81,outros,nao,casado,superior,temporario,nordeste,0
26,54,5131.86,16291.79,27,23.04,714,1308.05,5,0,12865.74,6603.64,5820.88,158777.34,educacao,nao,casado,pos,estudante,sudeste,0
27,40,8311.7,10288.9,68,21.66,760,1881.01,9,4,32008.73,4947.62,2843.16,105718.89,educacao,sim,solteiro,fundamental,autonomo,sudeste,0
28,64,2515.64,33307.99,29,22.04,508,356.08,8,4,23625.12,4059.35,3614.32,95429.97,consumo,sim,casado,pos,temporario,sudeste,0
29,49,4750.62,3626.96,22,26.31,784,2228.03,17,3,604.79,4534.99,589.97,77263.78,outros,nao,casado,pos,estudante,sul,0
30,43,5347.98,9788.08,47,25.94,662,592.35,3,2,18294.04,3156.27,-1551.45,103483.74,negocios,sim,viuvo,medio,clt,norte,0
31,43,3474.71,43568.67,18,13.1,511,229.61,14,3,12806.09,1538.39,-527.86,29949.53,negocios,nao,casado,pos,temporario,centro_oeste,0
32,30,4850.99,47888.21,15,4.74,731,1020.68,2,1,28307.14,5518.65,-691.84,134674.71,educacao,sim,divorciado,superior,clt,norte,1
33,23,1920.09,24685.37,58,4.93,772,315.6,17,4,4019.56,7430.84,1650.97,204560.58,educacao,nao,casado,superior,estudante,sul,0
34,49,7337.83,25039.34,13,14.72,528,567.62,10,4,21142.21,7206.95,481.79,202219.87,veiculo,nao,casado,superior,autonomo,sul,0
35,68,3573.09,37689.64,64,24.04,462,1894.48,4,3,24922.46,2483.41,5566.19,162386.16,negocios,sim,casado,superior,temporario,sul,0
36,21,8456.52,4146.63,22,24.34,533,1118.98,7,4,20840.92,4191.45,4763.89,85671.46,educacao,nao,divorciado,superior,clt,norte,0
37,66,4741.55,21929.48,13,13.71,722,196.01,13,1,9605.23,5193.04,2410.84,202666.76,casa,sim,solteiro,pos,clt,nordeste,0
38,65,6650.5,7042.17,54,11.24,444,1673.52,7,4,27761.66,7320.84,4848.58,145146.66,casa,sim,divorciado,medio,estudante,nordeste,1
39,33,4704.05,20742.15,17,16.16,535,1820.5,1,0,27775.8,2170.31,2763.6,110821.24,educacao,sim,divorciado,medio,estudante,norte,1
40,54,4744.66,47263.89,30,23.98,547,2272.56,5,3,12632.54,1623.97,5376.16,62497.16,consumo,sim,divorciado,superior,autonomo,centro_oeste,0
41,27,3748.75,36790.31,29,19.28,426,538.68,16,1,9333.5,8418.8,4012.13,166154.67,veiculo,sim,solteiro,medio,temporario,sul,0
42,61,5014.42,47319.59,39,7.36,658,2168.62,6,4,23236.33,1738.62,3934.46,175418.45,educacao,nao,viuvo,pos,clt,sul,0
43,57,5372.4,36445.21,37,12.69,742,1824.2,8,2,12873.68,8907.43,344.2,122974.22,casa,sim,casado,pos,clt,sudeste,0
44,38,3388.33,30169.01,18,17.33,482,1487.6,3,0,12087.23,5591.28,4396.83,62934.75,casa,sim,divorciado,pos,temporario,norte,0
45,21,4574.92,36817.05,21,16.92,774,787.31,0,1,15769.55,4741.49,4224.44,85604.48,veiculo,sim,casado,pos,clt,centro_oeste,0
46,73,3701.82,32488.67,18,23.94,801,1242.2,4,4,16033.17,2105.99,-1168.64,137146.29,educacao,nao,viuvo,superior,temporario,norte,0
47,43,8939.4,23615.0,9,26.37,768,639.99,15,4,29036.78,7814.31,-1348.43,49058.85,educacao,nao,viuvo,medio,temporario,centro_oeste,0
48,68,4638.48,15810.86,48,6.41,708,1845.05,9,1,33348.67,1963.4,5073.76,103608.98,negocios,sim,divorciado,pos,clt,sudeste,0
49,56,7581.42,26168.1,37,9.39,599,1812.33,6,1,24971.2,3910.78,5835.07,9279.52,negocios,sim,viuvo,medio,temporario,sul,0
50,62,4447.88,14261.45,13,13.41,501,624.35,9,0,3088.2,908.29,2916.16,177149.5,negocios,sim,viuvo,pos,clt,sudeste,0
51,61,5266.72,24643.77,27,11.11,785,766.07,14,0,11822.47,691.66,-467.8,83978.13,veiculo,sim,viuvo,pos,autonomo,nordeste,0
52,29,2421.54,9149.16,50,13.8,632,2270.58,16,0,6636.48,6701.4,1485.27,97943.78,consumo,sim,divorciado,superior,temporario,centro_oeste,0
53,38,3995.27,28225.48,24,4.98,600,1274.31,5,1,23214.28,2265.81,-1635.82,194773.36,outros,sim,divorciado,pos,autonomo,sul,0
54,44,5178.96,13660.41,32,5.58,576,1458.59,14,0,20934.93,5606.72,4609.47,87177.37,outros,sim,divorciado,medio,clt,centro_oeste,0
55,46,7654.81,15859.17,55,24.12,507,2404.01,14,0,34385.89,6648.94,-995.36,104535.91,negocios,nao,divorciado,fundamental,temporario,sudeste,0
56,20,5199.57,25205.78,50,6.46,572,660.3,0,3,15669.37,4680.19,814.18,64994.86,educacao,sim,casado,superior,clt,centro_oeste,0
57,49,7290.7,9894.94,52,23.78,739,1634.94,16,4,3691.05,6079.67,2589.09,177551.43,casa,sim,casado,medio,estudante,sudeste,0
58,26,5953.31,46288.28,31,11.36,643,1975.71,4,4,20943.77,2549.76,3644.88,95970.01,outros,sim,divorciado,pos,estudante,nordeste,0
59,60,7729.32,22835.97,37,11.42,578,921.1,13,4,12843.04,7451.83,5275.19,106021.03,negocios,nao,viuvo,superior,estudante,nordeste,0
60,56,4693.72,18528.7,61,6.42,463,896.45,15,0,6229.44,2252.99,1490.15,108319.46,educacao,sim,solteiro,fundamental,autonomo,centro_oeste,1
61,70,9102.4,3828.45,63,4.32,585,2260.62,10,0,12984.6,5520.22,-309.97,148828.62,outros,nao,viuvo,superior,clt,sudeste,0
62,60,3926.29,40868.07,9,12.53,506,410.62,5,4,8336.43,7604.84,-950.6,119109.38,casa,nao,divorciado,superior,estudante,centro_oeste,0
63,38,3420.37,30975.44,61,24.05,579,545.07,15,0,6902.44,7242.21,3336.68,95649.32,educacao,nao,solteiro,medio,temporario,norte,0
64,73,2621.9,21446.43,64,26.08,479,1133.42,8,3,16927.41,935.79,-795.3,144056.23,educacao,nao,divorciado,pos,autonomo,sul,0
65,41,8995.84,13671.74,68,5.48,799,2032.27,13,0,28350.38,3621.05,3334.18,140249.5,casa,nao,viuvo,superior,clt,norte,1
66,36,6275.01,36403.75,23,4.74,489,1235.58,12,0,30998.26,7746.92,1758.63,156304.45,outros,sim,divorciado,superior,estudante,nordeste,0
67,69,4198.58,45519.09,39,7.81,469,807.71,5,3,9111.05,7732.99,1448.9,103314.61,consumo,nao,divorciado,medio,autonomo,sudeste,0
68,39,7048.24,19826.84,8,22.39,682,1155.08,9,3,15694.28,5909.48,235.15,215729.65,casa,sim,solteiro,pos,autonomo,sudeste,0
69,22,6037.85,8636.86,13,8.92,557,1213.47,3,0,29501.2,1422.52,5233.73,126597.11,consumo,sim,casado,superior,estudante,sudeste,0
70,44,8339.03,7468.36,43,9.54,818,1866.7,0,0,34603.71,3936.27,3786.26,175555.7,veiculo,sim,casado,superior,temporario,sudeste,0
71,63,2013.9,2789.47,19,25.33,581,2195.5,12,4,29747.62,8669.79,2292.47,102478.91,educacao,nao,viuvo,pos,autonomo,nordeste,1
72,28,4322.35,36349.97,20,25.0,680,925.3,3,1,17291.26,1405.58,1505.51,74140.25,casa,sim,divorciado,pos,estudante,sudeste,0
73,44,3967.46,47153.49,25,20.09,753,1823.81,9,4,30454.76,7311.93,1011.48,115361.39,veiculo,sim,casado,superior,autonomo,centro_oeste,0
74,25,1247.37,47673.21,36,7.94,813,1807.22,1,2,24731.95,4051.48,1313.48,126994.52,outros,nao,casado,pos,autonomo,sul,1
75,57,6708.59,38180.98,16,13.15,743,1959.32,11,4,3973.04,6830.3,4858.39,67909.47,veiculo,nao,divorciado,fundamental,clt,sudeste,0
76,45,4313.29,9879.36,58,9.67,650,1514.6,3,4,2944.95,961.65,1487.03,165944.74,veiculo,nao,solteiro,superior,clt,nordeste,0
77,36,6131.34,46985.78,50,20.12,745,214.1,4,3,32769.25,587.67,-1765.67,94101.39,casa,nao,casado,medio,clt,nordeste,0
78,30,9047.59,17415.51,58,22.72,533,1701.61,2,0,32355.48,3055.34,5401.31,145325.68,casa,nao,solteiro,superior,autonomo,norte,0
79,50,4164.16,17679.69,67,7.41,768,1600.53,16,4,16042.8,7896.53,2824.28,63380.53,consumo,sim,solteiro,pos,estudante,nordeste,0
80,56,4041.92,33773.83,45,25.55,768,1598.73,11,1,23163.87,6278.3,-507.71,106540.22,educacao,sim,casado,pos,estudante,sul,0
81,71,5013.6,4731.74,29,15.11,573,832.61,11,1,10667.72,5700.5,-812.63,77542.4,outros,sim,divorciado,fundamental,clt,sudeste,0
82,42,6577.05,40072.52,70,23.08,446,407.09,7,2,24548.95,8980.28,1137.32,92157.38,veiculo,sim,casado,pos,temporario,centro_oeste,1
83,27,3779.92,47877.03,43,5.24,693,619.3,15,1,15616.45,3452.01,2975.43,148707.12,consumo,nao,viuvo,pos,autonomo,sudeste,0
84,65,3664.27,37765.67,36,12.65,460,681.6,1,3,12196.89,7727.14,5525.53,34423.86,outros,sim,casado,superior,estudante,centro_oeste,0
85,53,6702.94,38066.28,33,4.35,426,582.77,7,1,15421.15,1432.16,-1375.27,53996.9,educacao,sim,divorciado,superior,autonomo,sudeste,0
86,57,5481.55,20259.27,8,21.24,799,747.33,1,4,15944.39,1951.18,951.65,79150.21,casa,sim,viuvo,superior,autonomo,centro_oeste,0
87,23,1200.0,5499.42,69,5.91,647,339.36,12,0,32996.59,4563.82,205.94,60089.99,consumo,sim,divorciado,pos,temporario,nordeste,0
88,35,2594.29,38566.37,60,12.12,680,804.84,17,2,30974.31,8655.57,1485.27,38386.34,educacao,sim,solteiro,fundamental,clt,centro_oeste,1
89,61,7502.22,29670.69,52,22.76,772,2495.09,13,4,6805.19,6478.92,4378.35,179733.05,consumo,nao,solteiro,pos,autonomo,sul,0
90,65,5523.47,43874.91,20,21.98,791,1366.4,2,4,9746.38,1456.51,-563.33,35720.79,negocios,sim,divorciado,pos,clt,norte,0
91,42,3428.05,7776.31,67,19.37,802,979.06,14,4,10478.12,8616.71,5492.79,141180.21,educacao,sim,solteiro,fundamental,autonomo,centro_oeste,1
92,63,4493.26,16383.1,17,20.66,473,1851.53,4,3,404.97,7008.61,200.24,99278.16,outros,sim,solteiro,medio,clt,sudeste,0
93,65,4823.83,18909.85,21,19.63,549,1269.15,6,2,18565.06,6761.16,4071.15,35960.85,casa,sim,viuvo,superior,estudante,centro_oeste,1
94,40,6124.32,33589.23,10,19.39,727,248.44,10,1,16894.21,5187.66,3187.88,65229.2,outros,sim,solteiro,fundamental,autonomo,norte,1
95,69,2355.13,38342.4,25,12.39,431,1449.94,8,1,4361.1,3845.03,2472.68,24077.8,veiculo,nao,casado,fundamental,autonomo,centro_oeste,0
96,34,3286.29,46226.43,27,4.68,513,885.43,3,2,34658.31,1434.13,4782.29,21086.78,educacao,nao,divorciado,medio,autonomo,sudeste,0
97,31,5291.32,15941.03,58,14.6,625,1505.15,9,1,26644.98,5768.24,2935.8,78960.3,consumo,sim,viuvo,pos,autonomo,norte,0
98,56,4620.3,24960.46,27,5.09,557,581.87,3,1,6408.04,1585.37,4303.23,166129.56,casa,sim,viuvo,superior,clt,nordeste,0
99,54,5829.35,3817.72,69,15.25,489,1299.52,12,3,24686.6,5514.54,2795.4,87491.91,consumo,nao,divorciado,pos,temporario,sudeste,1
100,25,2586.89,14010.95,25,15.14,779,629.25,1,3,11922.18,5087.01,3819.63,125162.77,outros,nao,casado,pos,clt,centro_oeste,0
101,65,5442.83,19517.16,40,8.29,599,873.25,14,2,22149.67,5570.46,-1429.59,28189.07,outros,sim,solteiro,superior,clt,nordeste,0
102,29,6764.85,29518.18,45,22.82,584,1774.22,17,1,16467.18,7527.67,3231.85,193905.31,educacao,nao,divorciado,superior,temporario,centro_oeste,0
103,63,5676.27,23923.47,60,20.9,682,708.15,13,0,4860.03,3995.01,5134.17,72686.0,educacao,nao,divorciado,superior,autonomo,centro_oeste,0
104,18,5050.4,19083.62,55,17.43,688,1147.76,10,1,16103.03,4211.08,3272.64,41649.09,casa,nao,divorciado,fundamental,temporario,sudeste,0
105,63,4627.41,30895.55,63,26.22,617,349.68,7,1,33659.05,1009.83,4581.4,77789.78,educacao,sim,viuvo,medio,clt,nordeste,0
106,62,3297.27,40202.01,67,10.89,774,1774.22,9,4,26184.57,2945.79,5929.58,213315.27,outros,nao,divorciado,fundamental,estudante,sul,0
107,62,4670.4,13496.49,13,10.29,538,1430.35,9,1,21930.38,1188.69,-581.24,138599.64,consumo,sim,solteiro,fundamental,temporario,centro_oeste,0
108,55,7067.47,18100.85,12,8.4,768,2067.99,15,4,29523.44,1704.95,3575.07,26623.52,educacao,nao,divorciado,medio,autonomo,sul,0
109,44,4585.75,34574.03,35,17.07,767,1421.38,2,2,29005.24,4127.77,5198.49,35625.78,consumo,sim,viuvo,pos,estudante,centro_oeste,0
110,58,3198.35,37896.3,15,8.93,423,2486.58,10,2,31087.14,3961.15,-1575.78,167795.21,negocios,sim,viuvo,pos,temporario,sudeste,0
111,33,3913.96,40055.56,38,24.85,721,739.43,9,1,3810.09,8454.79,-445.48,185983.0,negocios,sim,casado,medio,estudante,centro_oeste,0
112,62,5161.53,12024.57,44,11.3,483,1901.69,4,3,4530.77,1514.22,147.28,18137.53,outros,sim,solteiro,medio,temporario,norte,0
113,49,4127.67,27036.65,24,15.78,614,1183.0,7,4,27961.3,1769.07,5066.19,64632.84,consumo,sim,casado,pos,temporario,sul,1
114,44,5673.55,43450.5,12,16.71,787,1052.24,8,4,34836.98,6882.36,5822.41,10395.13,consumo,sim,divorciado,pos,estudante,sul,1
115,46,5741.12,20333.75,69,11.38,498,1877.15,0,4,19689.02,690.39,5325.35,27340.35,educacao,sim,solteiro,superior,estudante,nordeste,0
116,50,6400.17,22059.68,30,21.72,644,2396.89,8,0,33749.31,6033.04,1897.23,30317.52,outros,nao,viuvo,fundamental,temporario,norte,1
117,20,7362.41,47309.44,61,20.61,731,1932.94,3,4,23198.51,6854.27,3407.72,96182.09,negocios,sim,viuvo,medio,autonomo,sul,1
118,25,6592.55,7643.9,47,22.26,612,945.88,7,3,2986.16,5846.39,-989.15,2786.64,negocios,sim,casado,superior,clt,norte,0
119,31,3118.37,34604.89,49,18.54,451,1362.95,5,2,32418.85,2946.34,5836.82,156917.35,outros,nao,casado,superior,clt,sul,1
120,24,3173.64,41183.38,57,15.04,446,683.76,13,1,29372.44,1380.49,5563.54,88724.92,negocios,sim,viuvo,pos,autonomo,centro_oeste,0
121,43,4663.61,9361.11,23,14.77,627,1618.95,17,2,18754.68,8950.48,2851.26,88281.96,casa,nao,divorciado,superior,autonomo,centro_oeste,1
122,56,3987.88,35007.62,20,21.2,430,1114.0,1,4,26036.73,7804.51,-683.6,211626.72,consumo,sim,divorciado,medio,temporario,sul,1
123,55,2751.01,23873.09,71,13.05,426,709.27,4,2,12304.39,6710.41,5590.04,72845.11,outros,nao,solteiro,superior,clt,nordeste,0
124,44,4004.95,41306.54,50,14.49,801,228.94,2,0,21552.31,2089.84,5187.18,9075.93,educacao,sim,casado,superior,estudante,sudeste,0
125,66,3945.88,43789.08,25,7.93,633,2326.75,8,3,14463.38,4162.73,5927.31,89068.96,educacao,nao,solteiro,superior,estudante,sul,0
126,50,3590.67,42198.06,48,20.31,609,362.86,6,3,18449.66,6533.47,2161.26,102750.67,casa,nao,casado,medio,clt,nordeste,0
127,22,4231.58,5429.52,31,5.85,460,944.0,8,3,22279.36,1362.17,915.76,103516.48,consumo,nao,divorciado,fundamental,estudante,sul,1
128,61,6921.21,36936.92,62,27.77,734,621.85,1,1,1885.43,8637.29,1141.83,102021.16,outros,nao,viuvo,pos,temporario,sudeste,0
129,50,5158.63,44429.5,39,7.45,624,1326.38,15,1,3360.82,8619.48,2077.42,73542.7,veiculo,sim,viuvo,superior,clt,norte,0
130,54,9249.26,30771.35,26,13.19,508,632.27,17,2,2884.44,1779.21,5315.85,120164.36,veiculo,sim,casado,pos,clt,centro_oeste,0
131,50,5106.91,29839.86,51,9.71,721,1888.01,16,4,20822.53,2174.98,-796.22,191552.35,veiculo,nao,casado,superior,temporario,centro_oeste,0
132,49,4277.88,4547.75,55,10.98,514,701.58,8,4,14451.77,3594.65,3258.51,78825.16,veiculo,nao,casado,medio,estudante,centro_oeste,0
133,23,4807.44,41449.5,30,11.74,621,610.26,12,0,17502.11,4330.82,5338.38,117702.05,educacao,sim,viuvo,pos,temporario,sudeste,0
134,49,5261.69,4611.36,55,21.24,644,683.17,0,0,17509.85,4246.25,335.42,186460.31,consumo,nao,viuvo,pos,estudante,sul,0
135,63,5583.46,16764.69,21,8.24,531,870.35,10,0,1416.47,6349.74,2296.69,87690.8,outros,sim,casado,superior,autonomo,sudeste,0
136,35,8538.08,44626.77,21,10.33,770,1669.05,10,4,27862.06,4496.8,4396.8,29988.12,casa,nao,casado,fundamental,estudante,sudeste,1
137,52,3278.42,45713.4,60,6.43,701,666.34,13,4,24524.08,2066.16,2215.05,95142.47,casa,nao,viuvo,pos,estudante,sul,0
138,19,6346.28,47631.47,46,11.96,535,1796.69,14,1,24076.54,2718.69,2314.29,111009.07,negocios,nao,solteiro,superior,estudante,sul,0
139,37,5173.95,24176.3,8,26.59,482,1178.0,0,4,1198.78,3995.16,4179.61,191088.87,educacao,nao,casado,medio,clt,sul,0
140,42,1972.02,10573.04,50,13.12,551,637.06,7,2,22810.13,4914.04,-515.3,187658.3,outros,nao,solteiro,medio,estudante,centro_oeste,0
141,74,6187.26,24701.47,26,22.66,606,736.9,8,1,17516.02,8345.64,3776.34,169068.41,veiculo,nao,divorciado,fundamental,temporario,nordeste,0
142,30,7081.72,7155.24,24,15.08,640,1403.41,8,3,26619.87,1317.81,5328.09,84187.64,educacao,nao,viuvo,fundamental,autonomo,norte,0
143,33,3257.08,42200.39,33,14.79,580,1058.42,9,0,3390.5,7336.87,-1005.19,60925.85,consumo,sim,solteiro,medio,estudante,sul,0
144,41,4783.92,28004.44,35,23.78,436,1371.84,12,0,26134.8,3142.28,-1330.48,97117.02,educacao,sim,casado,superior,temporario,centro_oeste,0
145,74,1694.36,20905.02,64,4.64,690,2065.18,10,1,33659.09,6679.74,-1117.61,70309.44,casa,sim,solteiro,superior,autonomo,sul,1
146,66,2534.15,6118.65,34,24.76,571,286.33,4,3,29784.53,2695.19,3936.12,215582.49,negocios,nao,viuvo,superior,clt,centro_oeste,0
147,19,6686.45,20938.45,25,15.65,554,1093.18,11,4,31295.97,3773.73,1251.49,18570.66,negocios,nao,solteiro,superior,estudante,nordeste,0
148,31,3960.45,41911.72,57,12.43,642,1143.83,10,2,2653.03,4267.68,1823.02,111276.51,educacao,sim,viuvo,superior,autonomo,centro_oeste,0
149,64,2804.15,34504.97,41,25.76,754,762.13,3,2,18537.52,6881.58,3881.19,84508.11,negocios,sim,casado,superior,temporario,centro_oeste,0
150,21,5213.03,6251.73,6,12.16,421,1205.16,11,2,8633.19,1913.16,2280.14,169930.05,veiculo,nao,solteiro,superior,clt,nordeste,0
151,66,3859.66,9775.78,47,27.46,804,1494.59,9,0,19072.34,3445.69,2880.99,131205.44,veiculo,sim,casado,pos,autonomo,centro_oeste,0
152,34,3952.52,20350.04,39,26.47,675,1537.1,14,3,24730.47,4992.69,4834.98,13238.02,casa,nao,divorciado,medio,temporario,sudeste,0
153,70,6130.79,7112.57,43,10.43,638,1734.01,7,4,26138.85,6089.54,1719.83,148124.69,casa,nao,solteiro,superior,autonomo,centro_oeste,0
154,34,2708.88,44998.87,18,12.17,440,358.1,16,2,34705.86,1146.59,5023.62,108377.94,veiculo,sim,divorciado,medio,clt,nordeste,1
155,42,3170.34,32179.29,37,23.49,704,1247.22,9,3,33516.93,1305.17,2280.94,135565.15,consumo,sim,casado,pos,autonomo,norte,1
156,55,5077.34,6814.45,48,8.69,707,1937.66,16,1,8650.38,6607.08,1334.52,20138.96,consumo,nao,divorciado,superior,estudante,norte,1
157,25,6544.94,38356.61,50,21.57,644,1235.71,1,4,32046.54,3612.27,236.22,112148.7,educacao,nao,solteiro,fundamental,estudante,sudeste,1
158,49,7028.69,19262.47,50,7.1,740,1703.05,2,0,30940.5,1907.73,3896.42,116238.54,veiculo,sim,casado,superior,estudante,norte,0
159,46,3602.89,13641.61,71,8.93,755,1549.84,3,0,25320.27,2737.21,3051.13,32173.73,veiculo,nao,viuvo,fundamental,autonomo,norte,1
160,62,6487.28,28434.31,39,16.01,755,1258.15,14,4,9018.02,5584.82,4503.86,135222.56,consumo,nao,solteiro,superior,estudante,nordeste,0
161,74,3388.54,3108.43,34,21.9,550,363.11,9,2,6588.75,8603.02,2464.29,199964.36,veiculo,sim,casado,pos,estudante,norte,0
162,55,8087.18,23675.59,41,21.75,689,1649.08,12,2,15246.26,6721.25,4961.37,5587.27,negocios,nao,solteiro,superior,clt,sudeste,1
163,41,2759.21,40893.13,27,18.61,442,1420.07,0,4,1367.02,7274.98,442.07,55634.17,negocios,nao,casado,fundamental,autonomo,nordeste,0
164,41,7191.26,44726.62,26,10.53,644,193.19,6,1,9937.08,5671.81,3897.94,72400.23,educacao,sim,solteiro,superior,estudante,centro_oeste,0
165,41,3618.33,18086.24,51,13.97,478,659.91,6,1,2568.46,3655.04,1267.92,119733.9,consumo,sim,solteiro,pos,clt,sudeste,0
166,64,8423.84,31730.86,26,9.91,543,322.45,16,0,18357.76,8678.77,-911.45,162820.28,casa,nao,casado,superior,autonomo,sul,0
167,36,5864.38,12820.47,55,10.65,690,1502.94,1,2,21579.15,1190.83,2320.84,145418.65,veiculo,sim,divorciado,pos,estudante,nordeste,0
168,27,2971.17,27989.69,55,11.76,589,215.14,15,3,3895.69,7373.27,4.39,101600.94,educacao,nao,divorciado,medio,clt,sul,0
169,37,3859.97,14058.26,68,18.37,765,2134.42,6,4,30587.64,2695.3,-1318.43,211193.83,casa,nao,divorciado,medio,temporario,norte,1
170,19,6206.13,28496.72,14,8.98,454,2378.09,13,2,3387.99,5666.8,1033.05,75206.65,negocios,nao,casado,pos,estudante,sudeste,0
171,24,6694.76,10313.36,29,5.02,808,2443.34,5,0,13867.36,8850.28,5824.8,172488.87,educacao,nao,viuvo,superior,autonomo,sul,0
172,23,4672.71,45326.08,56,20.62,702,705.68,1,0,17534.36,7659.48,5174.0,181743.61,educacao,nao,casado,superior,clt,norte,0
173,61,4880.38,42854.75,34,4.52,592,1328.73,12,1,20374.27,7726.2,5842.45,22208.51,educacao,nao,divorciado,medio,clt,nordeste,0
174,59,6165.04,17829.78,49,27.3,429,2247.51,3,4,11168.69,7496.08,-1577.13,9638.7,outros,sim,divorciado,superior,estudante,nordeste,0
175,57,5037.24,37838.16,54,12.41,436,1774.62,2,2,24957.94,4357.25,-607.7,216994.52,veiculo,sim,viuvo,medio,clt,centro_oeste,0
176,44,2471.69,6845.44,64,4.16,585,873.09,16,4,11947.59,3840.94,33.78,78862.49,outros,sim,divorciado,pos,estudante,norte,0
177,58,3336.65,36186.42,20,25.23,648,2114.77,4,4,8844.16,4907.67,3946.63,147038.17,veiculo,sim,casado,medio,temporario,nordeste,0
178,27,5223.22,15351.89,23,18.4,622,1511.53,17,4,15861.18,2923.46,5829.29,6435.64,consumo,sim,viuvo,superior,temporario,sudeste,0
179,69,6987.87,8671.7,37,23.62,538,1873.56,6,1,3970.14,4564.23,1369.77,168045.72,casa,nao,divorciado,fundamental,temporario,sul,0
180,46,7708.77,33357.7,39,14.44,680,2429.03,4,2,33815.54,1577.77,2751.97,77473.48,outros,sim,casado,pos,autonomo,norte,0
181,71,6203.15,23876.21,65,12.5,665,2494.22,8,0,19253.42,8086.54,-1110.13,127887.38,veiculo,nao,solteiro,fundamental,estudante,norte,0
182,26,5317.12,26621.35,8,19.72,557,1351.19,4,1,5041.88,6753.2,3107.89,10564.51,casa,sim,divorciado,medio,estudante,sudeste,0
183,46,6147.86,26184.11,22,13.74,550,543.34,16,1,27862.38,1027.26,5220.01,23736.6,casa,sim,viuvo,medio,temporario,nordeste,0
184,57,3599.85,5204.88,66,17.35,597,1617.38,10,0,25213.28,6109.57,3342.05,181083.02,veiculo,sim,casado,pos,temporario,sudeste,0
185,46,4524.18,4837.8,46,10.67,717,1673.74,13,0,15067.73,6948.93,3295.95,121915.45,veiculo,sim,divorciado,superior,temporario,norte,0
186,43,3316.56,29853.12,50,11.98,654,1507.38,1,1,34429.56,7823.7,2002.31,170936.44,educacao,nao,divorciado,superior,clt,sudeste,0
187,27,2552.26,30885.84,22,5.97,470,1159.15,4,0,17521.53,3297.56,1709.82,35484.16,consumo,nao,viuvo,superior,autonomo,sul,0
188,39,5400.39,4646.44,47,22.75,789,1529.22,10,3,7446.3,5861.25,1084.62,72111.25,negocios,nao,viuvo,superior,autonomo,centro_oeste,0
189,31,5133.92,19718.99,30,12.37,500,1418.97,8,1,27693.94,2846.74,4597.54,187251.52,veiculo,nao,divorciado,medio,clt,centro_oeste,0
190,35,6037.77,30384.73,54,27.4,688,2371.69,17,1,32505.98,7715.49,3228.82,128910.76,casa,nao,casado,pos,autonomo,nordeste,0
191,56,5783.0,32378.97,11,10.23,426,2123.23,13,0,9183.06,7938.86,537.05,147196.78,negocios,nao,casado,superior,temporario,nordeste,0
192,53,5236.76,40186.55,24,15.4,521,1093.36,5,2,235.23,1150.7,2239.47,45418.89,outros,sim,casado,pos,estudante,sudeste,0
193,52,5801.91,21643.32,48,11.33,645,1504.41,8,0,21324.8,2923.11,-897.51,122279.45,educacao,sim,solteiro,fundamental,temporario,nordeste,0
194,38,4723.17,27445.73,45,20.65,758,1493.24,13,2,25647.3,1373.89,-1443.04,161485.07,outros,sim,solteiro,fundamental,estudante,nordeste,0
195,72,5543.2,28824.5,61,23.4,645,1364.87,7,4,9129.92,3889.47,-737.13,38005.0,casa,nao,solteiro,medio,temporario,centro_oeste,0
196,22,3492.94,16698.06,58,15.69,442,314.71,9,3,33727.96,543.77,4967.0,65863.27,consumo,sim,divorciado,fundamental,temporario,nordeste,0
197,37,5465.47,4949.06,6,12.81,802,1833.22,14,0,5867.3,7153.99,206.34,1957.22,educacao,nao,casado,fundamental,temporario,centro_oeste,0
198,24,6003.15,2692.28,11,21.87,528,1876.55,5,0,28040.48,4167.34,5712.12,211841.73,casa,sim,divorciado,pos,clt,centro_oeste,0
199,37,3594.57,40543.71,29,8.59,565,1303.31,1,4,30670.85,5041.48,838.65,197077.74,veiculo,sim,solteiro,medio,estudante,sul,0
200,72,4893.3,11610.55,69,18.39,463,2271.65,7,4,5980.95,6812.25,1395.7,20283.3,veiculo,nao,viuvo,medio,temporario,norte,0
201,38,3677.52,31176.59,37,21.61,698,2462.7,3,1,17547.03,6554.75,4533.95,183098.2,outros,sim,viuvo,fundamental,temporario,centro_oeste,0
202,69,3852.29,28755.66,64,10.46,598,2065.96,9,2,981.64,3174.63,-53.24,120124.97,educacao,nao,viuvo,fundamental,autonomo,nordeste,0
203,46,2775.13,20683.3,9,19.74,507,2332.64,15,1,22466.12,7153.52,5293.35,212194.1,veiculo,nao,divorciado,pos,estudante,norte,0
204,57,7078.39,40423.95,69,21.65,674,1311.01,13,2,19126.78,5946.44,3296.78,112085.62,veiculo,nao,casado,fundamental,autonomo,norte,0
205,44,6718.23,34277.27,10,6.82,498,2301.04,13,1,27239.52,2354.46,-1315.42,45487.78,negocios,nao,solteiro,fundamental,estudante,sul,1
206,33,5767.38,3534.74,59,11.77,632,2349.26,9,4,17544.72,748.64,5661.63,188374.87,consumo,nao,solteiro,medio,estudante,norte,1
207,61,8349.95,37839.58,63,13.75,685,1626.68,15,2,12385.95,6927.39,442.36,206371.95,casa,sim,casado,medio,clt,nordeste,0
208,73,4459.36,25568.45,25,22.62,744,529.67,16,0,4783.51,1908.0,9.29,116747.82,educacao,sim,casado,pos,estudante,nordeste,0
209,33,10257.17,18289.38,25,17.62,697,533.35,13,1,1787.58,1457.22,5206.21,89694.31,casa,nao,casado,medio,estudante,sudeste,0
210,62,4390.45,35573.25,44,14.79,646,1275.75,2,4,18509.12,4073.49,738.09,170521.61,outros,sim,divorciado,fundamental,autonomo,sudeste,0
211,32,5259.35,33715.99,53,11.65,433,1886.55,5,1,32160.94,8334.6,3836.8,18515.59,casa,sim,casado,pos,temporario,nordeste,0
212,58,4084.0,16631.76,13,4.1,513,1343.23,17,4,26810.17,6604.32,-1533.57,185394.33,outros,sim,viuvo,superior,estudante,nordeste,0
213,62,5470.19,47228.27,21,4.49,651,2035.65,1,3,13759.22,7283.52,5384.15,189378.49,educacao,sim,solteiro,medio,temporario,centro_oeste,0
214,43,6304.11,32016.24,55,9.77,634,1965.91,9,4,34430.41,2794.09,1391.87,65081.06,veiculo,sim,divorciado,fundamental,clt,sul,0
215,60,4594.95,30062.98,59,6.8,633,652.37,11,0,6440.0,7597.94,-406.89,2484.1,educacao,nao,solteiro,fundamental,temporario,sudeste,0
216,33,7998.1,5679.56,16,6.87,714,488.01,7,1,34917.01,4030.73,5853.71,2158.79,consumo,sim,casado,superior,clt,norte,0
217,22,5230.47,15209.0,64,18.47,781,1817.54,12,4,8054.75,8824.88,3985.84,215172.52,educacao,nao,casado,pos,autonomo,sul,0
218,23,5286.87,22837.32,63,18.53,621,923.28,1,0,5887.65,5342.91,4389.0,171693.06,casa,nao,viuvo,pos,temporario,nordeste,1
219,43,3163.8,31193.47,63,5.07,473,2340.84,3,0,30041.63,5652.99,2106.44,78917.02,educacao,sim,viuvo,superior,temporario,nordeste,1
220,69,5553.3,25830.75,21,18.25,596,2194.94,5,0,16409.87,8278.63,3570.19,195671.26,consumo,sim,viuvo,medio,temporario,sudeste,0
221,25,4558.75,37218.0,50,7.5,521,1226.87,3,0,31215.02,8561.42,468.85,196299.05,veiculo,sim,solteiro,medio,clt,sul,0
222,43,3705.17,14446.83,16,13.05,631,1526.77,7,3,26181.41,649.99,2241.13,199808.17,negocios,nao,casado,pos,temporario,sul,0
223,58,3402.35,34448.14,18,27.75,655,2145.28,8,1,5485.55,2475.89,1168.76,110385.91,casa,nao,viuvo,medio,clt,sudeste,0
224,29,9609.17,39655.17,10,16.53,639,2201.58,16,0,4267.35,5721.08,1515.93,180498.5,consumo,sim,divorciado,pos,clt,sudeste,0
225,59,4325.74,37309.77,38,4.82,652,1472.18,8,3,15636.83,530.72,-1766.58,8280.04,veiculo,nao,casado,pos,autonomo,centro_oeste,0
226,35,2177.43,37573.52,52,12.34,544,2434.84,13,1,19654.07,3199.01,4524.62,35198.05,consumo,nao,solteiro,medio,autonomo,sudeste,0
227,64,3543.2,42927.07,19,20.1,490,1388.65,1,0,14812.49,2168.67,-100.01,139142.38,educacao,nao,casado,medio,clt,nordeste,0
228,51,4707.18,6330.12,18,9.39,761,275.37,1,4,7419.61,4949.56,1893.78,22883.33,educacao,nao,viuvo,fundamental,temporario,sul,1
229,49,5784.0,34222.22,24,27.15,580,1485.45,7,2,7613.56,5577.16,3339.74,9533.39,negocios,sim,casado,superior,temporario,sul,1
230,28,5798.63,46574.86,19,14.21,503,1982.66,5,2,17846.82,2106.62,-1531.35,23842.6,veiculo,nao,solteiro,medio,temporario,nordeste,0
231,44,6017.91,28601.1,60,4.51,818,2465.05,16,4,500.48,5059.29,870.95,99972.31,negocios,nao,viuvo,fundamental,autonomo,sudeste,1
232,66,3639.25,12387.89,17,16.97,433,424.46,8,1,15363.19,3872.17,257.84,107428.6,outros,sim,viuvo,pos,autonomo,nordeste,0
233,19,5412.79,47943.3,24,20.23,558,1202.05,8,2,1162.88,8923.18,-763.73,203721.5,educacao,nao,viuvo,superior,autonomo,sul,0
234,61,3223.09,10447.82,26,14.94,716,1541.03,15,3,30559.72,1053.37,4544.67,92793.98,outros,sim,casado,medio,temporario,norte,0
235,46,3684.64,17767.88,19,26.28,584,2225.0,15,0,21703.91,7645.82,2424.7,113164.48,negocios,nao,casado,fundamental,temporario,sul,0
236,59,3148.12,10328.83,68,25.65,756,1840.86,13,1,5606.59,8995.59,1758.88,179567.78,consumo,sim,divorciado,medio,temporario,sudeste,0
237,55,2660.9,23635.34,19,7.34,563,716.49,7,0,26899.84,5103.53,-766.63,179236.34,veiculo,sim,solteiro,fundamental,autonomo,sudeste,0
238,42,6715.58,21558.86,38,5.92,677,2173.78,3,2,17241.57,6284.87,2209.96,71847.11,veiculo,sim,casado,fundamental,temporario,sul,0
239,35,6039.5,24851.46,43,11.5,591,1721.04,0,3,17874.73,1587.55,285.66,159405.85,veiculo,sim,solteiro,fundamental,autonomo,sudeste,0
240,53,6558.0,44723.24,23,18.6,607,2256.76,0,0,8964.45,3481.99,-812.62,194890.11,consumo,sim,divorciado,fundamental,temporario,centro_oeste,0
241,25,4870.76,24263.76,37,18.44,619,2115.75,14,0,13781.48,2042.66,2309.26,181146.59,educacao,sim,viuvo,pos,temporario,sudeste,0
242,51,6198.25,25915.5,17,10.52,810,479.89,2,2,30735.39,5458.23,3517.93,72237.29,casa,sim,divorciado,pos,autonomo,sudeste,0
243,23,1629.68,42844.04,37,26.83,723,2408.29,7,1,5152.02,8507.76,-1357.17,162797.61,consumo,nao,solteiro,superior,autonomo,sul,0
244,55,6353.56,39707.99,7,11.38,568,1233.97,9,0,21829.75,751.55,-1361.57,162309.61,consumo,nao,casado,pos,autonomo,norte,0
245,53,5118.82,13407.35,34,23.3,586,2459.52,10,3,7591.48,4702.79,3960.95,53245.53,educacao,sim,divorciado,medio,estudante,centro_oeste,0
246,22,5928.8,3088.13,30,23.97,582,613.86,1,3,15568.15,6650.24,-187.31,147343.24,veiculo,nao,casado,medio,clt,nordeste,0
247,61,5484.04,31142.23,29,6.36,714,2020.5,9,2,18655.74,4160.27,-601.63,19342.61,educacao,nao,casado,superior,estudante,norte,0
248,41,3023.3,40940.67,13,9.58,656,887.35,4,1,4262.64,5080.39,5704.69,60312.62,outros,sim,viuvo,superior,clt,sul,0
249,62,2103.53,27654.68,71,9.16,633,283.95,6,0,2747.86,4350.28,-396.02,6236.03,outros,nao,solteiro,medio,temporario,centro_oeste,0
250,20,3518.3,12108.55,7,26.07,592,2486.17,14,1,16942.07,5578.67,3539.93,28803.98,outros,sim,casado,superior,temporario,centro_oeste,0
251,28,5816.85,36231.66,15,12.43,579,884.2,8,2,14327.03,1082.91,4556.87,23418.13,outros,sim,casado,superior,temporario,sudeste,0
252,46,6042.16,32964.04,12,24.08,642,366.8,7,4,32234.84,5147.76,764.68,208289.97,outros,sim,solteiro,medio,estudante,norte,0
253,28,2337.7,28208.98,70,15.47,752,2176.35,0,0,24429.87,4850.13,1812.0,36042.22,veiculo,nao,viuvo,pos,estudante,centro_oeste,0
254,36,3034.02,41781.8,27,14.97,806,1182.29,17,4,31388.44,2045.77,2522.47,15956.15,outros,sim,casado,superior,estudante,norte,0
255,55,3498.18,38183.03,34,25.68,444,1517.37,10,2,32490.66,5045.38,-235.5,165056.86,educacao,sim,casado,fundamental,temporario,nordeste,0
256,26,4156.85,32891.82,55,14.58,514,2464.84,13,2,667.29,4436.77,508.83,142673.12,educacao,sim,viuvo,pos,temporario,centro_oeste,0
257,56,2348.31,32746.52,9,21.88,694,1295.25,7,1,30795.14,5542.0,5712.05,139939.73,veiculo,nao,casado,pos,temporario,norte,0
258,23,2240.31,32630.22,10,14.19,479,335.67,4,4,33546.66,5292.52,333.73,196226.51,veiculo,nao,casado,pos,temporario,centro_oeste,0
259,27,3320.7,26395.0,18,6.44,664,1783.55,4,0,15842.5,3939.0,4536.08,146620.24,negocios,sim,viuvo,medio,temporario,norte,0
260,51,4955.26,23608.43,50,5.27,589,1828.59,0,1,22259.57,7139.64,2374.01,147020.11,negocios,sim,casado,superior,estudante,norte,1
261,63,2674.93,34786.82,70,9.0,496,630.56,15,1,12109.21,3538.38,3236.66,100529.76,educacao,sim,casado,fundamental,autonomo,sudeste,0
262,27,4591.55,30277.5,46,21.33,621,1445.36,9,2,3453.02,4533.57,1766.56,124450.22,casa,sim,casado,superior,estudante,sul,0
263,35,6705.4,24794.12,63,12.97,623,1036.59,6,2,9191.17,4124.49,2788.68,168509.53,educacao,nao,casado,medio,temporario,sul,0
264,70,2456.8,8263.09,64,14.9,705,295.82,12,4,2819.05,4629.91,2412.78,79005.11,outros,nao,casado,pos,estudante,centro_oeste,0
265,74,4428.4,34437.76,24,6.45,750,902.92,2,0,17037.68,7301.55,1958.85,7932.17,negocios,nao,casado,medio,clt,sul,0
266,51,6644.56,31892.93,18,18.95,802,2290.12,8,2,22875.54,6532.12,4462.16,93822.19,educacao,nao,casado,superior,clt,sul,1
267,43,4047.12,18072.3,16,23.28,595,876.57,7,2,182.91,859.02,5065.66,82917.01,negocios,sim,viuvo,superior,autonomo,nordeste,0
268,37,3767.39,18712.7,58,18.99,695,697.51,16,1,8010.23,4703.92,193.31,39989.0,veiculo,sim,casado,pos,temporario,centro_oeste,0
269,52,6894.29,13725.87,50,27.63,734,2362.92,14,0,2581.9,1560.41,-740.33,155930.86,veiculo,sim,casado,pos,estudante,nordeste,0
270,51,4248.84,46267.14,63,4.39,814,1067.0,13,4,33800.99,6699.41,4527.51,176988.73,consumo,sim,solteiro,pos,temporario,sudeste,0
271,34,6788.09,41639.16,39,4.38,680,2362.1,4,1,28108.89,8886.9,-147.21,34883.33,veiculo,sim,casado,medio,clt,sudeste,0
272,19,5572.14,28027.73,70,16.0,518,2222.14,9,0,1084.62,5759.82,4956.57,105866.81,casa,nao,casado,fundamental,clt,centro_oeste,0
273,26,4182.88,20775.22,65,10.39,556,1271.48,17,2,28489.58,3728.82,-999.71,71747.81,outros,nao,casado,superior,temporario,nordeste,0
274,72,5663.44,36025.55,59,20.48,503,1073.11,0,0,28954.18,1114.67,-1090.17,124953.25,casa,nao,casado,superior,autonomo,nordeste,0
275,41,5376.81,26511.63,59,23.04,499,499.51,11,3,28183.39,3326.84,-383.14,20667.88,educacao,sim,divorciado,superior,autonomo,centro_oeste,0
276,45,6637.59,46901.22,14,6.46,542,622.23,6,3,30744.67,4964.98,-1707.59,205507.07,consumo,nao,casado,fundamental,clt,centro_oeste,0
277,44,3812.98,5008.08,55,26.02,619,719.27,13,1,16394.91,7987.3,4031.56,14002.79,educacao,nao,solteiro,pos,temporario,nordeste,0
278,62,4874.17,4060.0,68,4.72,734,1271.22,8,0,8379.47,4860.44,1297.77,180955.51,negocios,sim,divorciado,pos,autonomo,sul,0
279,21,4689.27,28371.8,25,20.52,536,1043.3,12,0,30465.68,8867.67,5573.31,42806.84,negocios,sim,divorciado,pos,clt,nordeste,1
280,22,6067.47,11749.2,59,13.23,494,2036.89,4,0,29212.64,3637.92,1049.48,169596.9,casa,nao,divorciado,fundamental,autonomo,centro_oeste,0
281,33,2954.68,29995.84,29,20.02,470,868.29,15,2,9614.83,504.18,3683.38,62058.61,consumo,sim,viuvo,superior,clt,nordeste,0
282,45,6630.56,38054.75,20,6.34,498,1164.89,15,1,20325.17,5843.31,3528.39,173751.47,educacao,sim,viuvo,medio,clt,sul,0
283,56,5639.39,8783.99,54,26.49,593,464.68,11,3,19492.85,2362.68,732.75,201450.85,consumo,nao,divorciado,superior,temporario,norte,0
284,45,2429.53,22547.67,16,26.5,584,809.23,7,1,17063.5,2572.17,5162.64,205846.23,negocios,sim,casado,medio,autonomo,norte,0
285,43,6974.87,33834.35,37,16.47,579,1996.61,2,3,21301.44,648.09,1303.44,189983.31,outros,sim,solteiro,pos,clt,sul,0
286,71,8821.37,40440.79,67,16.23,547,1820.47,3,2,2938.94,5017.51,2500.76,93575.86,negocios,sim,divorciado,pos,clt,nordeste,0
287,27,6603.3,25083.66,16,19.24,601,1113.15,7,2,15912.53,2603.82,1305.93,94321.61,veiculo,nao,solteiro,pos,clt,norte,0
288,50,7368.57,11879.99,16,17.92,678,1519.74,14,3,9795.52,8951.47,1595.67,209547.67,consumo,sim,solteiro,pos,estudante,sul,0
289,48,4953.67,29153.87,68,17.05,437,1243.33,17,2,83.04,7603.08,-1373.4,196078.04,veiculo,nao,divorciado,superior,autonomo,sul,0
290,44,1809.29,23180.53,57,18.14,776,2256.91,10,2,18171.12,6630.12,619.57,106685.4,consumo,sim,divorciado,superior,clt,norte,1
291,64,1480.58,37622.61,36,24.61,542,1095.68,16,2,12764.63,3508.08,5597.0,87544.27,outros,nao,solteiro,medio,autonomo,sudeste,1
292,33,5259.15,27778.71,32,18.67,475,1855.31,3,3,15093.33,1108.58,4685.23,20726.09,casa,nao,viuvo,superior,temporario,nordeste,0
293,72,3734.44,15213.74,69,8.7,489,686.99,13,1,3897.27,6186.01,5065.35,79525.32,negocios,nao,solteiro,superior,clt,norte,0
294,36,3153.76,36824.88,53,25.93,638,1187.11,9,0,17696.72,689.56,3760.17,103627.83,educacao,nao,viuvo,superior,autonomo,nordeste,0
295,49,4687.06,26057.49,65,9.18,628,1408.05,2,2,9454.41,4253.61,3295.33,182743.89,negocios,sim,viuvo,fundamental,autonomo,norte,1
296,47,5908.05,10578.37,12,7.96,455,422.78,12,1,20.37,948.55,5209.0,71289.96,negocios,nao,divorciado,superior,autonomo,nordeste,0
297,66,2185.04,28119.79,41,27.93,619,1542.81,16,4,27300.39,5257.52,2395.33,66570.44,negocios,sim,casado,medio,estudante,norte,1
298,43,3992.02,45648.56,53,9.12,508,1513.22,8,4,21974.35,5256.11,5344.51,5811.74,casa,nao,casado,fundamental,autonomo,sul,0
299,34,7517.77,34600.99,8,6.4,784,548.31,4,1,18477.06,5010.23,1438.5,8711.61,negocios,nao,divorciado,pos,clt,nordeste,0
300,19,2864.48,16095.55,39,17.49,543,2496.87,5,2,21771.99,6573.99,2861.4,177771.08,outros,nao,solteiro,medio,estudante,sul,0
301,38,6365.57,34844.73,9,23.85,819,394.58,10,2,11328.33,2439.32,1879.07,36114.12,educacao,nao,viuvo,superior,estudante,nordeste,1
302,65,3927.48,15358.59,65,5.46,651,2257.1,12,1,4306.28,2558.43,-1651.43,212608.34,outros,sim,casado,superior,temporario,sul,0
303,18,5782.43,27192.34,50,15.76,805,1320.32,3,0,12492.45,4037.39,-248.12,13236.76,casa,sim,divorciado,fundamental,estudante,centro_oeste,0
304,69,6775.19,26460.11,18,5.64,641,696.68,12,4,27610.75,6473.55,5437.31,177381.81,veiculo,sim,casado,fundamental,clt,nordeste,0
305,48,6134.31,13756.28,40,14.29,470,441.69,13,3,21289.31,1492.4,2865.18,25321.36,educacao,sim,solteiro,medio,temporario,sul,0
306,25,6436.49,18328.59,13,12.26,677,1802.65,0,2,27693.5,8030.05,-1436.77,139677.23,veiculo,sim,divorciado,superior,estudante,norte,0
307,35,2727.13,45369.26,59,7.29,611,1930.32,6,0,31579.85,2643.8,5744.36,166491.57,consumo,nao,divorciado,pos,clt,nordeste,1
308,49,6804.59,13902.23,18,26.34,747,1742.38,4,2,8738.01,1587.04,5438.4,49746.55,negocios,nao,solteiro,pos,temporario,centro_oeste,0
309,35,3265.15,38946.73,46,19.24,576,1154.1,14,1,32004.98,5591.28,3753.53,123412.05,negocios,sim,casado,pos,clt,sudeste,0
310,24,5267.18,32865.36,11,24.23,494,580.37,11,1,23190.97,2842.45,408.56,171760.29,negocios,sim,solteiro,pos,clt,centro_oeste,0
311,55,5264.84,26734.63,16,25.74,465,2011.73,9,4,19627.24,3974.48,500.82,37571.11,negocios,nao,casado,pos,temporario,sudeste,0
312,56,5673.22,8756.93,70,26.32,717,2201.25,4,3,17612.33,1019.47,4948.97,114943.36,educacao,nao,divorciado,superior,autonomo,centro_oeste,0
313,24,5406.52,11807.97,31,21.95,513,1089.14,8,1,16405.21,4452.19,-1327.34,117180.34,casa,sim,divorciado,medio,autonomo,norte,0
314,34,3281.14,10643.48,14,11.37,686,2131.62,17,1,2586.43,3081.41,51.41,168896.45,consumo,sim,divorciado,medio,clt,sudeste,1
315,31,2370.24,29199.14,52,23.89,473,1654.59,17,3,1912.42,1943.49,-502.08,79519.87,educacao,sim,divorciado,superior,autonomo,nordeste,0
316,55,6370.23,46788.94,19,16.48,451,1402.59,2,3,11584.13,3783.68,3787.37,141965.88,veiculo,nao,casado,medio,temporario,sudeste,0
317,59,5134.5,42414.39,44,10.52,704,1596.6,8,4,7124.43,7045.57,1177.71,209006.56,veiculo,sim,casado,pos,autonomo,sudeste,0
318,59,6868.88,3648.96,59,13.26,557,429.98,13,3,3031.4,6991.03,5344.4,155963.62,educacao,nao,divorciado,fundamental,autonomo,sudeste,0
319,71,4719.48,14954.56,51,11.23,646,470.93,5,2,855.3,3564.13,4462.72,3944.88,casa,sim,divorciado,superior,estudante,norte,0
320,61,2270.7,9655.21,22,15.19,431,1865.95,17,3,34243.58,8781.01,5880.33,33191.91,casa,sim,casado,fundamental,clt,sudeste,1
321,36,6539.03,46893.34,21,22.75,495,2430.28,8,1,7423.29,1570.03,532.19,87590.33,consumo,sim,divorciado,medio,autonomo,norte,0
322,24,4133.33,13220.27,20,15.64,456,1358.11,6,0,34464.15,7765.38,1904.42,88963.6,educacao,nao,viuvo,pos,temporario,centro_oeste,0
323,53,5415.61,11659.75,47,10.43,531,305.28,16,0,19057.56,8821.09,3346.54,72732.34,outros,sim,casado,fundamental,temporario,sul,0
324,70,3634.57,30749.83,50,6.1,533,337.93,10,0,6714.14,5370.16,5803.0,97486.87,veiculo,sim,viuvo,pos,clt,centro_oeste,0
325,73,7759.74,27806.49,40,24.54,569,1264.29,1,4,5085.54,1011.14,888.26,207542.6,consumo,nao,solteiro,pos,temporario,sul,0
326,31,3222.18,12776.24,32,14.02,517,1705.78,1,4,7028.16,8328.83,749.39,176990.09,consumo,sim,divorciado,superior,estudante,sul,0
327,31,4192.63,33001.6,10,14.61,602,539.31,17,1,12732.23,4214.17,3088.72,30553.04,educacao,sim,divorciado,pos,temporario,nordeste,0
328,20,4993.41,6913.83,61,22.33,780,256.64,11,4,7174.7,1961.05,3389.17,97739.62,veiculo,nao,viuvo,superior,estudante,norte,0
329,26,2834.07,3381.29,49,24.39,454,1872.37,15,3,28980.75,8077.1,-326.21,149949.53,negocios,nao,solteiro,pos,temporario,sudeste,0
330,49,5394.94,6249.87,48,16.27,777,519.03,17,0,12846.12,4128.48,1744.9,36029.1,casa,sim,solteiro,medio,clt,sudeste,0
331,49,7701.44,19101.5,12,19.18,585,1196.58,13,1,18443.08,4744.79,1143.46,11152.59,veiculo,sim,solteiro,medio,temporario,sul,0
332,39,3917.17,46863.24,25,9.74,651,1883.2,17,1,17543.08,5353.67,1484.81,210696.32,negocios,nao,solteiro,medio,autonomo,norte,1
333,35,5511.26,27399.74,26,26.44,688,470.68,17,4,23083.8,8206.11,-704.4,172623.94,negocios,sim,divorciado,pos,autonomo,centro_oeste,0
334,65,1200.0,36840.04,45,17.63,714,1207.19,7,3,34909.05,4781.87,3255.53,194748.06,negocios,nao,viuvo,fundamental,clt,nordeste,1
335,44,4729.93,17128.06,57,21.27,797,438.58,11,1,15524.7,8049.74,-337.31,171902.95,casa,nao,viuvo,pos,estudante,nordeste,0
336,64,4236.52,35229.93,63,6.74,819,986.22,14,4,11292.75,1946.95,-1601.76,149383.43,casa,sim,divorciado,pos,autonomo,nordeste,0
337,72,3326.7,46461.24,40,19.29,459,2296.85,17,1,34092.68,5741.99,2068.7,168318.79,negocios,nao,casado,superior,estudante,centro_oeste,1
338,36,6746.61,18778.12,30,12.85,584,1771.83,14,4,34916.79,4966.78,-1498.93,115565.78,consumo,nao,casado,pos,estudante,nordeste,0
339,29,4212.76,47957.2,32,14.8,635,233.58,14,3,27332.65,3262.83,3395.44,56568.12,casa,sim,solteiro,fundamental,autonomo,norte,0
340,72,4480.54,31547.65,54,20.37,628,491.99,5,3,27918.45,2306.5,2836.01,20779.66,veiculo,nao,divorciado,medio,clt,sul,0
341,54,4121.05,36560.91,26,23.11,816,861.66,7,0,14256.35,1094.49,2620.54,131451.9,outros,sim,viuvo,medio,temporario,nordeste,0
342,34,1349.73,13973.61,33,12.38,680,2257.67,14,0,18861.58,2724.75,-1057.36,48263.36,outros,sim,solteiro,medio,clt,nordeste,1
343,53,2762.42,31760.63,57,24.96,580,1913.24,2,4,12313.38,6285.0,-833.84,181071.99,veiculo,nao,divorciado,fundamental,temporario,centro_oeste,0
344,47,6529.97,25750.78,41,9.26,788,1612.58,2,3,21659.83,2864.77,3389.98,117718.21,educacao,sim,casado,fundamental,temporario,sul,0
345,69,1200.0,46016.32,36,17.51,712,534.02,14,1,28900.89,6688.92,-1548.78,218980.81,outros,sim,viuvo,medio,temporario,sul,0
346,32,3420.63,43662.71,54,7.63,738,2334.99,17,4,13092.31,7938.8,-895.93,84783.0,educacao,nao,solteiro,medio,temporario,sudeste,1
347,74,4080.5,20548.6,25,10.94,671,2054.86,7,1,18731.77,6401.6,4157.4,92259.35,veiculo,sim,divorciado,pos,clt,centro_oeste,0
348,71,7938.52,45582.57,9,25.49,445,735.47,15,1,27123.95,7343.09,-497.65,59289.31,educacao,nao,solteiro,medio,clt,nordeste,0
349,28,6183.49,42758.97,58,4.28,808,1118.04,6,1,7310.2,5372.25,2066.76,62916.74,negocios,nao,casado,pos,temporario,nordeste,0
350,27,3797.09,29362.47,36,25.97,705,1173.85,9,2,21362.85,8546.14,-1031.67,105034.88,educacao,nao,divorciado,fundamental,clt,sul,0
351,48,7148.12,6236.36,27,11.88,479,1543.01,17,3,27151.53,6985.0,33.61,14198.22,veiculo,sim,casado,pos,autonomo,sul,0
352,20,3467.07,9815.96,12,20.7,520,1049.56,6,0,1825.17,3242.75,5059.06,183350.36,consumo,sim,divorciado,pos,clt,centro_oeste,0
353,35,6616.38,5997.78,67,6.2,556,667.26,15,4,8879.89,6648.47,4074.98,21701.13,educacao,sim,divorciado,fundamental,autonomo,sudeste,0
354,42,2354.02,7413.69,53,19.39,521,1727.42,17,1,884.02,6210.8,-329.54,199443.64,outros,nao,divorciado,fundamental,clt,sul,0
355,73,6731.86,46951.33,24,25.83,668,1751.93,13,4,224.45,6887.06,-126.44,87790.61,negocios,sim,solteiro,pos,autonomo,sudeste,0
356,74,4068.96,12153.61,46,17.32,638,1206.33,1,4,16716.6,3214.58,1895.48,101167.53,consumo,sim,casado,superior,autonomo,centro_oeste,1
357,26,2948.69,33933.88,36,12.69,504,1309.03,17,2,24523.61,4831.44,3131.88,212116.73,consumo,nao,divorciado,superior,clt,norte,0
358,68,4409.14,31462.04,27,23.05,698,297.55,8,0,13406.38,7983.28,2742.08,162582.93,veiculo,nao,viuvo,medio,clt,centro_oeste,0
359,23,5299.22,31217.09,26,21.11,534,1238.15,5,2,21738.06,8793.57,420.3,61345.03,consumo,sim,divorciado,fundamental,estudante,sudeste,0
360,60,3909.45,11905.03,11,6.82,483,2036.92,8,3,6702.03,3559.47,5584.58,67230.41,negocios,sim,casado,medio,autonomo,sul,0
361,66,5797.12,28860.27,70,19.98,802,1552.24,7,4,29274.86,4636.98,4714.17,32959.27,consumo,sim,viuvo,pos,autonomo,sul,0
362,68,3750.61,30961.99,67,19.95,545,2316.02,6,0,12690.67,3312.01,3282.58,140537.81,casa,sim,casado,fundamental,estudante,norte,0
363,30,5916.67,28453.44,63,22.05,513,1842.31,12,3,24752.26,6602.48,5282.05,145390.62,veiculo,nao,viuvo,medio,clt,centro_oeste,0
364,68,5596.0,10970.39,26,11.59,706,1984.12,2,1,4547.97,829.7,493.3,195642.13,consumo,nao,divorciado,pos,clt,sul,0
365,24,4690.34,35399.26,71,13.63,725,1243.52,11,3,28633.78,8607.41,538.22,62510.65,outros,sim,viuvo,superior,autonomo,norte,0
366,47,4005.51,5832.56,24,27.04,480,582.4,4,2,18132.1,5169.63,610.29,14806.97,casa,sim,divorciado,medio,estudante,nordeste,0
367,44,5072.77,29399.6,60,17.76,442,2296.27,14,4,33959.38,2803.06,-548.86,48397.83,consumo,sim,viuvo,superior,estudante,nordeste,1
368,36,5790.46,22349.8,12,16.2,759,1709.34,17,0,14187.98,816.97,-708.49,211885.04,consumo,sim,divorciado,superior,autonomo,norte,1
369,19,8511.24,13888.04,26,27.68,621,2289.98,8,2,30554.98,5266.31,5292.25,217406.19,casa,nao,divorciado,superior,autonomo,sudeste,0
370,62,6490.96,39236.2,44,9.51,602,1612.65,14,3,14423.48,5482.5,4890.4,77747.84,educacao,nao,casado,medio,autonomo,centro_oeste,0
371,37,6556.78,10503.11,69,13.55,588,1234.4,5,1,3776.23,6409.58,2481.46,107779.19,casa,sim,casado,pos,temporario,sul,0
372,55,10359.32,44950.67,23,22.24,654,492.59,15,1,24067.2,4965.86,3352.81,186182.32,outros,nao,viuvo,pos,estudante,sudeste,0
373,41,5728.73,42747.71,34,21.11,689,1102.68,9,1,6403.81,4883.49,60.35,105105.36,outros,nao,divorciado,superior,clt,nordeste,1
374,39,5672.36,18906.73,61,27.2,452,1566.32,9,3,27994.83,3085.1,-1621.67,210973.38,veiculo,sim,casado,fundamental,temporario,nordeste,0
375,68,6067.23,16384.46,37,19.7,526,2339.37,1,1,11720.25,2149.32,1644.37,184279.1,consumo,nao,casado,medio,estudante,sul,0
376,23,2983.86,8755.64,51,11.51,801,2103.99,11,4,26474.86,2633.53,3422.41,163118.19,consumo,nao,solteiro,pos,clt,nordeste,1
377,59,4000.98,44192.92,33,13.54,486,1370.49,14,1,16850.41,3685.43,3502.92,138278.22,outros,sim,solteiro,pos,temporario,norte,0
378,60,3888.9,31052.7,6,6.15,783,1219.34,9,2,18795.18,7073.44,2913.29,45406.85,educacao,nao,divorciado,superior,estudante,nordeste,0
379,39,5965.71,3946.15,24,26.17,580,257.19,2,4,25712.11,1505.16,5417.9,40230.48,veiculo,nao,solteiro,medio,autonomo,norte,0
380,32,4486.49,25750.47,43,7.09,496,994.76,12,0,23276.95,5971.31,-167.26,190646.1,casa,nao,viuvo,pos,temporario,norte,0
381,18,5048.8,6403.85,7,17.1,657,2456.66,11,1,23247.53,822.67,256.26,52990.12,consumo,nao,casado,medio,estudante,norte,0
382,71,6757.42,28605.66,21,13.63,685,1899.18,15,4,23063.08,866.24,-1178.91,53582.78,negocios,sim,casado,pos,estudante,nordeste,0
383,72,6353.67,25657.76,68,7.22,559,1397.42,17,1,20484.45,2826.01,5504.05,186133.31,casa,nao,divorciado,pos,temporario,centro_oeste,0
384,31,4508.9,6269.5,7,11.03,737,2180.54,4,1,28251.22,3536.13,1746.34,10192.7,consumo,nao,casado,superior,clt,nordeste,1
385,19,3594.01,39621.66,22,19.21,445,233.49,5,0,10500.7,2114.05,1333.14,157911.54,outros,nao,divorciado,pos,clt,centro_oeste,0
386,24,6843.49,14435.43,46,4.75,468,2401.69,17,0,6354.74,8033.01,5888.03,135494.9,veiculo,sim,divorciado,superior,autonomo,nordeste,0
387,21,6193.0,27137.54,43,27.18,668,1803.23,2,0,25730.6,3090.09,1536.43,8346.03,consumo,sim,casado,medio,temporario,centro_oeste,1
388,65,1908.74,31576.27,19,25.82,650,210.89,16,4,18894.01,4481.05,811.77,39865.03,consumo,sim,divorciado,superior,estudante,centro_oeste,1
389,68,4236.32,46284.86,9,6.03,699,1816.83,2,2,31521.41,8949.99,-172.27,65983.39,negocios,sim,casado,medio,temporario,nordeste,1
390,26,5097.93,24968.43,65,24.84,760,372.86,7,1,33777.99,2658.14,1631.15,49962.69,negocios,sim,divorciado,pos,autonomo,sudeste,1
391,60,6201.89,44237.87,42,11.89,792,1663.87,2,4,30349.69,5759.74,3548.13,37228.66,casa,nao,solteiro,pos,estudante,sudeste,1
392,28,6438.18,18646.01,43,5.62,622,878.05,17,3,19164.56,6845.46,5329.95,187833.3,educacao,sim,casado,superior,temporario,sudeste,0
393,38,5311.03,41513.39,9,11.35,620,672.05,9,1,26394.37,2803.86,-308.17,203481.43,educacao,sim,casado,fundamental,temporario,sul,1
394,52,5853.45,13230.09,19,23.41,789,1637.15,15,1,11701.66,988.6,3600.17,38519.88,educacao,sim,casado,pos,temporario,sudeste,0
395,59,4915.45,34690.33,10,19.98,804,1186.97,0,1,516.65,7226.6,-1748.28,127225.72,casa,nao,viuvo,fundamental,estudante,norte,0
396,67,3587.07,6531.85,70,9.73,439,329.69,0,3,27316.44,2956.68,4446.9,95304.29,casa,sim,viuvo,medio,temporario,nordeste,0
397,20,4329.72,47365.29,56,21.26,622,2087.84,9,3,27352.43,3230.73,385.13,82798.37,veiculo,sim,divorciado,fundamental,autonomo,centro_oeste,0
398,29,4834.18,45904.11,42,20.99,787,797.4,0,3,281.35,4025.32,-1494.07,209680.81,casa,sim,casado,fundamental,estudante,centro_oeste,0
399,33,4737.58,22620.72,50,21.83,440,1614.25,9,2,30225.9,831.92,1275.07,10074.51,negocios,nao,casado,pos,clt,nordeste,0
400,35,1405.97,26339.05,16,16.98,810,1593.72,12,2,30850.35,7737.04,5161.65,214432.57,educacao,nao,casado,fundamental,clt,sudeste,1
401,74,4084.53,29698.76,71,23.65,719,310.29,8,4,11222.59,7838.33,16.08,69879.34,veiculo,nao,divorciado,superior,clt,sudeste,0
402,62,4901.17,15014.21,40,19.39,482,2493.77,14,2,603.62,7906.59,440.95,125293.32,negocios,sim,divorciado,superior,estudante,sul,0
403,36,4293.53,33188.45,40,7.01,676,1218.57,1,3,30660.72,2052.28,-491.4,204890.74,veiculo,sim,solteiro,superior,estudante,sul,0
404,73,4355.72,34284.57,69,23.45,592,656.43,4,1,2468.13,8797.8,5856.59,141931.39,consumo,nao,casado,pos,clt,sudeste,0
405,46,5678.38,26390.98,12,11.77,553,1193.25,2,2,8127.15,6122.63,1575.05,168759.66,negocios,nao,divorciado,pos,clt,nordeste,0
406,46,2857.88,9222.2,33,20.92,668,1579.1,8,0,18990.11,5540.07,5593.0,21299.76,veiculo,sim,casado,fundamental,autonomo,centro_oeste,0
407,42,1869.52,44322.96,11,20.2,714,187.05,7,2,28578.71,6639.26,-1083.43,125360.65,educacao,sim,solteiro,superior,estudante,sudeste,1
408,26,4173.29,7734.55,34,12.06,777,876.31,9,4,27363.61,6925.62,1699.24,68337.69,veiculo,sim,solteiro,superior,estudante,norte,0
409,71,6175.41,31127.33,23,7.88,586,1424.29,2,3,23841.17,4037.08,1899.55,92279.03,consumo,sim,viuvo,fundamental,temporario,sudeste,0
410,18,7837.6,7190.53,36,20.68,483,1791.19,8,4,29003.63,5463.34,196.17,52235.94,veiculo,nao,divorciado,superior,temporario,centro_oeste,1
411,27,6207.83,9147.58,52,24.38,765,906.87,13,1,23990.1,5473.72,2079.17,135446.82,outros,nao,solteiro,superior,autonomo,sudeste,1
412,31,2157.13,3434.49,24,24.12,553,1117.07,1,3,22319.11,566.38,934.31,117899.39,educacao,sim,viuvo,superior,autonomo,centro_oeste,0
413,33,4381.74,19033.07,9,19.04,723,693.25,14,3,5869.43,583.02,123.26,28220.71,casa,sim,viuvo,superior,estudante,centro_oeste,0
414,25,5261.94,31601.01,16,9.46,739,859.85,3,3,15397.26,4500.99,1049.46,160461.12,outros,nao,viuvo,fundamental,estudante,sul,0
415,19,5119.66,26230.26,53,11.59,443,1774.67,15,3,15798.38,5247.0,3154.39,62565.59,negocios,nao,divorciado,pos,temporario,nordeste,0
416,56,5770.75,33191.53,44,22.11,584,962.45,14,2,647.44,6511.38,1851.63,129057.33,educacao,nao,viuvo,fundamental,clt,centro_oeste,0
417,73,3149.31,33213.36,70,13.86,453,828.72,8,1,14193.17,6898.08,1392.32,191037.3,veiculo,nao,viuvo,medio,autonomo,norte,0
418,24,4916.9,8877.91,65,21.58,661,872.66,1,2,7948.11,5479.14,4857.8,87486.39,educacao,nao,casado,pos,autonomo,nordeste,0
419,34,5556.58,5108.85,16,11.43,737,1601.33,6,1,3138.37,2917.35,3230.4,140723.17,outros,sim,viuvo,pos,autonomo,sudeste,0
420,46,6286.21,30953.8,54,4.15,644,1481.09,11,3,19121.23,5764.13,3168.34,189688.48,negocios,sim,viuvo,fundamental,estudante,centro_oeste,0
421,70,3349.71,32221.71,11,18.48,549,1124.01,6,4,8295.41,2708.31,-65.95,136910.23,veiculo,sim,divorciado,pos,temporario,centro_oeste,0
422,57,4178.72,27830.02,12,18.42,809,1646.97,11,0,6663.24,7449.39,4050.44,216265.2,casa,nao,viuvo,superior,temporario,sudeste,0
423,61,1200.0,13682.19,58,19.06,454,1671.28,14,3,27537.83,4098.19,-1512.3,17890.74,casa,nao,casado,fundamental,estudante,nordeste,1
424,51,3681.37,39389.82,32,10.44,476,210.41,17,2,28353.26,8107.13,-133.91,79804.55,negocios,sim,solteiro,fundamental,autonomo,nordeste,0
425,41,3856.05,5943.71,71,23.47,566,966.62,7,0,23129.99,1587.46,1419.88,154569.87,educacao,sim,viuvo,fundamental,estudante,sul,0
426,29,2964.75,31270.19,6,15.7,799,746.75,17,1,6638.41,6496.53,5135.52,107432.49,consumo,sim,casado,fundamental,estudante,sul,0
427,67,5098.1,7978.72,39,22.3,777,2103.56,4,4,22144.27,4149.22,-1581.28,56863.25,negocios,sim,divorciado,medio,autonomo,nordeste,0
428,63,4699.3,32277.37,26,18.67,645,819.01,17,1,24966.28,1582.72,1669.95,73631.11,outros,sim,viuvo,fundamental,estudante,sul,0
429,19,1200.0,21506.52,71,13.99,800,916.13,2,0,8165.85,5251.63,-865.43,159329.18,casa,sim,solteiro,fundamental,temporario,norte,1
430,58,5187.91,35173.69,50,20.31,781,1427.67,9,3,4653.02,2300.76,-5.63,173013.15,casa,nao,viuvo,medio,estudante,norte,0
431,22,3129.02,4874.75,56,17.8,654,1449.97,12,1,15173.46,2985.03,1361.8,139639.09,consumo,nao,divorciado,pos,temporario,sul,0
432,60,5674.24,27756.28,25,16.26,467,2061.46,0,1,14850.74,4377.88,-1031.87,195523.22,consumo,nao,viuvo,pos,temporario,sudeste,0
433,65,2492.67,9091.94,65,19.57,779,1079.99,7,0,5365.61,3597.06,4670.01,114763.89,outros,nao,solteiro,pos,estudante,nordeste,0
434,25,4854.01,33548.36,61,6.06,676,832.3,4,3,6710.02,3804.08,-1153.21,181209.83,veiculo,sim,viuvo,medio,clt,norte,0
435,42,4290.31,7957.98,57,25.85,476,1591.12,14,4,17486.6,3874.74,2765.66,23600.55,casa,sim,solteiro,superior,estudante,sul,0
436,25,5345.58,5848.04,37,12.04,756,1869.61,8,4,18459.79,644.27,-526.5,216851.35,casa,nao,casado,medio,estudante,centro_oeste,0
437,50,5024.46,34947.09,66,9.39,579,2482.83,1,0,18825.05,3622.17,-969.13,192407.87,consumo,nao,divorciado,superior,estudante,norte,0
438,70,4340.7,5390.7,50,22.52,734,1614.45,0,4,34371.18,3844.79,1809.25,196560.52,educacao,nao,divorciado,pos,estudante,sul,0
439,22,2034.71,12716.15,10,9.55,524,1318.5,0,3,1386.28,5538.25,894.26,193666.85,educacao,nao,viuvo,medio,autonomo,nordeste,1
440,40,2141.03,40025.45,64,27.9,423,488.72,0,4,27520.17,4587.8,-1447.34,185300.84,casa,sim,solteiro,medio,temporario,nordeste,1
441,73,3749.0,39340.82,7,14.09,601,2469.66,8,0,12313.28,1966.61,-1293.73,18735.81,educacao,nao,viuvo,pos,clt,centro_oeste,1
442,35,4785.1,41362.72,51,11.12,600,1769.18,5,4,26351.76,5497.26,533.62,200278.44,casa,nao,divorciado,superior,clt,centro_oeste,0
443,25,3705.15,17337.54,22,5.49,765,562.84,3,1,25740.4,798.21,4306.11,37138.25,educacao,nao,divorciado,superior,autonomo,sul,1
444,45,5925.38,26526.19,65,5.0,466,1246.45,6,1,21694.59,3332.82,4840.87,190919.01,educacao,sim,solteiro,superior,estudante,sudeste,0
445,46,4297.4,37687.3,54,6.28,785,1479.9,7,4,22090.4,5770.97,-1282.41,122872.89,casa,nao,solteiro,fundamental,temporario,sul,1
446,55,3062.98,8732.84,59,4.12,481,683.16,10,3,23225.88,5803.85,-460.52,62236.86,educacao,sim,casado,pos,temporario,norte,1
447,35,4299.43,35459.79,52,11.85,793,1879.36,8,2,26166.06,2033.49,844.91,69263.26,consumo,nao,divorciado,pos,estudante,centro_oeste,1
448,72,5206.55,6935.63,43,11.45,702,1688.78,16,3,4606.7,3383.11,3270.63,59344.06,consumo,sim,divorciado,fundamental,clt,sul,0
449,47,5384.79,44052.9,63,14.32,563,722.29,6,1,12629.36,4390.43,424.28,159573.77,educacao,sim,solteiro,medio,clt,nordeste,0
450,34,8181.08,31497.61,25,9.59,802,2476.23,7,4,29470.3,3997.14,-69.48,161839.34,negocios,nao,divorciado,superior,autonomo,centro_oeste,0
451,72,3595.96,24945.39,40,5.51,563,2380.91,7,0,19175.95,6326.0,2788.52,94074.39,veiculo,sim,solteiro,pos,clt,sudeste,1
452,70,4667.74,24555.18,25,5.71,673,796.01,0,2,4792.75,6791.6,3515.22,94024.7,consumo,nao,solteiro,fundamental,estudante,centro_oeste,0
453,46,5567.02,10751.97,13,8.37,426,1205.0,13,0,33657.71,847.32,2002.48,46930.87,outros,sim,solteiro,fundamental,autonomo,sudeste,0
454,19,4757.84,18239.24,63,11.6,460,2255.91,9,2,34574.28,6834.77,3414.06,87594.53,negocios,sim,viuvo,medio,temporario,nordeste,0
455,52,3898.89,35584.13,38,7.55,561,1122.61,7,2,17943.7,7967.29,-1768.01,145791.73,veiculo,nao,divorciado,fundamental,clt,nordeste,0
456,49,2011.34,27112.93,9,12.76,517,2395.18,6,4,18661.79,8268.2,757.3,137555.0,casa,sim,solteiro,medio,temporario,nordeste,1
457,26,3880.5,26583.43,60,26.13,510,644.95,9,4,10220.84,975.85,2954.01,28562.06,veiculo,nao,solteiro,superior,estudante,centro_oeste,0
458,54,2867.34,11383.69,68,10.28,571,1859.73,16,3,18065.66,8011.58,3277.37,160918.35,casa,sim,divorciado,pos,temporario,sudeste,0
459,65,1692.11,33911.49,49,8.04,663,1570.85,7,4,33907.47,1891.5,-283.3,217748.55,outros,nao,divorciado,fundamental,autonomo,sudeste,1
460,24,3367.78,20337.54,27,19.95,470,983.15,7,0,8909.91,3375.94,790.04,178400.24,negocios,nao,viuvo,superior,temporario,sudeste,1
461,59,2915.23,10815.28,62,15.78,720,1845.28,2,2,10661.59,3744.13,-34.33,1743.36,consumo,sim,viuvo,medio,autonomo,nordeste,0
462,25,5850.82,45442.21,54,5.13,759,236.17,5,2,31412.54,3041.38,5208.45,180865.84,veiculo,sim,viuvo,superior,temporario,sudeste,0
463,60,5881.97,25559.34,24,22.91,754,715.62,13,0,13453.84,3005.07,509.19,6598.6,consumo,sim,viuvo,fundamental,clt,norte,0
464,41,3173.02,26525.67,27,21.17,497,786.21,13,2,34038.46,1940.01,5079.58,29538.47,consumo,sim,divorciado,fundamental,clt,sul,0
465,18,4331.59,47152.42,71,27.46,772,452.53,14,0,12235.6,6101.63,5092.36,53354.13,negocios,nao,viuvo,pos,temporario,norte,1
466,73,1455.16,19171.48,68,26.52,471,258.79,8,3,162.13,5433.83,2300.5,108254.55,educacao,sim,solteiro,medio,autonomo,centro_oeste,0
467,27,3910.19,45407.44,50,18.02,462,998.84,16,1,33380.4,5714.93,4992.39,185815.94,outros,nao,divorciado,pos,estudante,sudeste,0
468,51,5518.17,34119.1,8,20.46,710,686.4,9,4,8294.59,4931.53,-1201.98,179089.43,consumo,nao,solteiro,medio,estudante,centro_oeste,0
469,28,6284.89,31305.85,21,13.83,724,488.25,2,1,24294.22,2377.1,-815.93,81935.27,casa,sim,viuvo,fundamental,estudante,sudeste,1
470,71,3516.52,13166.03,29,25.32,470,544.96,2,3,1658.42,5483.62,1372.4,104270.06,negocios,sim,divorciado,fundamental,autonomo,centro_oeste,0
471,60,6693.34,4854.88,41,17.27,586,2096.94,8,3,26188.85,6056.68,3595.96,37483.62,consumo,sim,viuvo,medio,autonomo,centro_oeste,0
472,63,2071.75,22419.16,63,11.81,584,400.17,6,4,7702.42,941.35,5770.28,209416.93,veiculo,nao,solteiro,medio,autonomo,sul,1
473,42,2554.27,2962.78,61,4.23,709,1861.66,1,1,28008.8,8895.79,1841.52,60096.38,outros,sim,divorciado,fundamental,estudante,sudeste,0
474,44,6077.39,5730.61,24,18.07,626,305.17,0,1,33831.0,5428.17,-1742.42,45091.8,outros,nao,solteiro,medio,clt,sul,0
475,54,7808.02,29587.37,13,16.61,660,274.27,11,3,1582.92,5925.83,-384.27,217251.41,outros,sim,solteiro,superior,temporario,sul,0
476,62,5688.18,35463.47,24,23.49,452,1206.0,13,0,12879.72,5342.3,1616.44,46568.45,educacao,nao,casado,medio,estudante,centro_oeste,0
477,66,4727.38,10141.65,21,8.49,810,1065.9,3,2,25052.25,6371.12,3581.87,39965.94,outros,nao,viuvo,fundamental,estudante,sudeste,1
478,19,1200.0,35828.77,65,23.57,642,1446.14,4,1,34875.23,6083.18,2774.95,216231.31,veiculo,nao,solteiro,pos,autonomo,norte,1
479,55,1200.0,45712.53,6,4.37,687,1810.13,9,4,12706.57,7292.8,5033.63,16845.2,casa,sim,casado,fundamental,autonomo,centro_oeste,0
480,24,5032.94,36314.51,60,18.1,612,898.76,2,2,34824.29,1873.15,271.54,7294.49,negocios,sim,viuvo,superior,temporario,sul,1
481,34,4155.49,38204.54,49,13.52,518,631.03,15,3,31471.48,1891.65,2411.97,100296.86,casa,sim,viuvo,fundamental,autonomo,nordeste,0
482,65,2809.5,34382.42,12,11.96,687,2087.31,10,4,25175.91,2366.42,-674.83,65265.06,negocios,sim,divorciado,pos,autonomo,norte,1
483,32,4917.96,12725.55,51,14.4,535,563.51,6,0,13366.39,8689.35,3232.89,191407.13,consumo,nao,casado,superior,autonomo,norte,1
484,63,5007.24,18920.49,44,9.37,507,2032.41,10,3,18792.03,3534.8,4146.35,161692.96,educacao,sim,viuvo,pos,autonomo,sul,0
485,44,6499.95,45691.65,6,8.4,640,1542.18,2,3,25212.14,3187.48,2204.65,118941.37,educacao,nao,divorciado,medio,autonomo,centro_oeste,1
486,31,5045.88,32585.08,20,23.32,562,851.34,5,2,24000.51,2449.13,1695.31,2212.96,educacao,nao,casado,fundamental,clt,sudeste,1
487,37,7011.11,38400.63,28,9.47,777,909.08,9,0,10094.0,4591.95,-350.25,58419.54,veiculo,sim,solteiro,fundamental,autonomo,centro_oeste,0
488,48,4814.39,46575.61,20,21.69,683,1039.86,17,2,19502.62,8195.19,5485.75,195910.32,casa,sim,viuvo,pos,estudante,norte,0
489,61,4592.4,13030.38,44,21.07,569,1551.3,15,0,29225.87,6230.52,2928.12,54630.42,outros,nao,casado,pos,autonomo,nordeste,0
490,52,6715.76,17136.74,46,4.8,434,2452.73,11,4,16627.65,2095.97,4558.29,6092.26,casa,nao,viuvo,superior,autonomo,sudeste,0
491,71,3038.81,31838.48,17,25.15,556,918.39,6,0,19818.5,7617.49,-1610.84,50826.35,educacao,sim,solteiro,pos,clt,sul,1
492,67,9866.01,3608.27,14,22.94,466,2365.13,16,0,11463.71,8536.79,160.21,166452.32,consumo,nao,divorciado,pos,autonomo,sudeste,0
493,60,5475.46,28490.47,49,23.11,507,655.94,2,0,5603.59,6560.96,1962.67,189138.98,casa,nao,casado,fundamental,clt,sul,0
494,52,5485.49,39295.32,37,23.42,533,442.06,5,1,2309.29,5545.8,2382.58,62757.7,outros,nao,solteiro,pos,clt,sudeste,0
495,34,5745.17,30275.17,23,17.98,681,1414.5,7,0,14211.95,6210.06,1358.78,51090.18,educacao,sim,viuvo,pos,autonomo,sudeste,0
496,41,8178.85,15940.39,22,27.84,462,2445.44,9,3,22111.94,6755.8,830.83,184240.39,veiculo,nao,solteiro,pos,temporario,nordeste,0
497,24,6226.51,35446.74,8,8.3,484,1304.88,12,0,26600.49,7804.92,1712.89,43170.29,negocios,sim,solteiro,superior,autonomo,centro_oeste,0
498,39,1910.9,9144.44,62,5.74,435,2035.8,7,3,2941.9,6098.7,1054.59,79928.89,educacao,nao,viuvo,superior,clt,sul,0
499,70,7326.25,43212.19,61,20.9,786,1276.31,16,2,11147.07,5017.54,-1487.62,83734.89,consumo,sim,casado,medio,temporario,centro_oeste,0
500,42,4186.39,7091.63,42,11.05,814,2152.0,7,1,28276.69,2050.82,3603.42,87121.92,negocios,sim,divorciado,medio,temporario,norte,0
501,24,4992.88,41788.85,29,18.6,539,2065.56,11,2,3928.94,3680.92,4216.12,16504.04,educacao,nao,solteiro,fundamental,temporario,sudeste,1
502,55,2497.34,25150.33,20,13.4,602,1771.97,0,0,34764.82,1219.05,627.74,185637.67,consumo,nao,solteiro,superior,temporario,nordeste,1
503,72,5747.16,22003.44,26,12.0,540,1607.75,2,2,22144.1,6692.48,5734.21,47307.52,outros,sim,viuvo,medio,clt,centro_oeste,0
504,67,3627.53,25280.11,67,25.44,633,1382.09,3,2,32900.62,8934.49,5897.97,80723.79,consumo,sim,casado,pos,temporario,nordeste,1
505,33,4980.31,11609.39,11,7.41,640,2399.68,0,3,25559.84,1315.71,2634.83,140209.62,veiculo,sim,viuvo,fundamental,estudante,sudeste,0
506,43,4288.62,23324.69,60,8.54,521,1473.12,15,0,33735.72,4241.66,4393.9,176796.27,negocios,sim,viuvo,fundamental,clt,sudeste,1
507,48,8265.02,41162.25,26,20.03,677,962.16,11,0,23286.65,6450.65,2455.16,129156.53,educacao,nao,viuvo,pos,temporario,sudeste,0
508,32,8368.07,38943.46,23,22.78,423,2226.74,15,0,9382.68,754.34,236.58,79563.86,outros,nao,viuvo,medio,temporario,norte,0
509,33,4883.72,9918.71,59,23.97,677,1711.28,5,4,28009.51,4236.36,-1253.81,1164.16,outros,sim,casado,superior,autonomo,nordeste,0
510,31,4915.16,33140.65,69,9.55,720,1474.96,1,1,7912.44,7255.6,886.58,108919.45,educacao,nao,solteiro,medio,clt,centro_oeste,0
511,74,4127.8,41486.1,71,25.17,441,1762.64,5,1,19775.2,2992.27,-354.1,123693.33,veiculo,sim,viuvo,fundamental,temporario,sudeste,0
512,60,6790.81,39799.43,23,18.63,709,989.38,0,0,13056.44,6107.47,5393.84,79088.81,negocios,sim,divorciado,medio,estudante,sul,0
513,65,4207.94,21866.28,45,23.76,715,1156.38,5,1,27968.8,5662.4,5775.66,138490.61,negocios,nao,solteiro,fundamental,estudante,centro_oeste,0
514,64,4041.59,4688.22,25,5.64,809,633.78,1,2,26582.14,6450.26,2347.45,173324.26,consumo,nao,viuvo,superior,estudante,sul,0
515,72,6561.47,44868.21,18,12.57,742,2163.65,3,4,30236.3,2541.34,2592.96,7821.51,negocios,sim,viuvo,fundamental,autonomo,nordeste,0
516,24,3831.06,20512.77,31,16.6,428,1724.17,11,3,8643.15,1930.84,5457.77,178515.96,outros,sim,divorciado,pos,clt,norte,0
517,68,4732.04,18924.44,10,17.85,452,2092.29,17,4,34914.47,643.74,4030.14,129905.72,negocios,nao,casado,medio,temporario,norte,0
518,21,1953.64,37057.93,16,6.38,474,916.35,4,0,28187.98,4582.97,-536.48,71619.7,consumo,nao,divorciado,fundamental,temporario,nordeste,0
519,45,6067.54,14510.74,45,16.93,652,2489.41,17,2,13534.61,2088.12,5625.27,152651.98,casa,nao,solteiro,medio,temporario,centro_oeste,0
520,51,8293.56,40481.03,51,19.97,704,1008.73,13,2,4468.23,6035.26,2656.54,154848.22,outros,nao,viuvo,medio,estudante,sudeste,0
521,38,6098.21,5960.35,23,12.68,683,1000.61,2,0,12229.89,5168.01,-1638.84,166743.56,consumo,nao,viuvo,fundamental,estudante,sudeste,1
522,26,7431.24,36202.36,42,16.02,552,2408.67,0,2,3716.39,7586.57,-269.51,90788.06,negocios,nao,viuvo,medio,clt,centro_oeste,0
523,28,3277.02,46443.42,56,11.02,500,1699.75,2,2,21538.03,7316.47,4415.28,126819.8,outros,sim,casado,medio,estudante,nordeste,0
524,65,5225.38,47807.48,65,24.89,445,2345.59,12,0,3952.28,3570.3,-803.43,104805.63,veiculo,nao,divorciado,superior,clt,nordeste,0
525,36,3102.31,44533.1,43,18.38,569,1625.69,12,4,15067.94,3018.28,4840.13,80065.71,negocios,sim,solteiro,pos,autonomo,norte,0
526,35,4390.02,42119.69,21,17.23,540,751.82,15,3,23364.86,1198.47,4333.34,28434.87,consumo,sim,casado,medio,autonomo,sul,0
527,70,6189.98,15189.05,53,26.66,541,1086.51,9,4,15857.47,6929.16,-1525.0,202187.05,veiculo,nao,divorciado,pos,autonomo,norte,0
528,26,4983.28,46482.5,17,19.96,455,2172.68,0,0,30857.77,4717.74,782.16,28027.88,consumo,nao,viuvo,fundamental,clt,nordeste,0
529,70,2257.25,44719.3,15,10.72,536,1315.55,17,0,8434.74,3358.53,2153.64,142710.41,outros,nao,viuvo,superior,autonomo,norte,0
530,70,2432.95,26813.95,29,19.4,755,1824.83,15,4,18336.22,6480.26,-1207.01,87985.37,consumo,nao,viuvo,fundamental,estudante,sul,0
531,52,2313.9,20794.53,27,27.08,516,566.35,12,4,31961.33,2829.89,2720.99,180712.21,negocios,nao,solteiro,fundamental,clt,sul,0
532,27,5684.61,7471.66,15,4.57,770,1107.46,16,3,12361.99,4563.28,5846.03,103699.75,educacao,nao,solteiro,superior,estudante,centro_oeste,0
533,26,8515.01,29373.85,9,19.04,454,2127.54,5,1,16544.83,4205.68,2881.1,41022.18,casa,sim,viuvo,fundamental,estudante,sudeste,0
534,34,7252.42,34374.84,68,7.76,674,2363.14,9,1,32649.57,2796.96,2050.99,33148.57,educacao,nao,divorciado,fundamental,autonomo,norte,0
535,50,1387.23,20881.84,50,23.6,463,932.38,9,3,17475.98,7218.74,4961.42,86138.44,casa,nao,viuvo,pos,clt,sul,1
536,26,7357.94,20974.35,53,19.38,574,580.37,5,4,30248.44,6512.36,5718.96,117677.42,casa,sim,divorciado,superior,estudante,sudeste,0
537,43,6485.52,28585.67,10,26.49,801,234.34,17,3,32916.11,4916.03,5229.28,138471.93,veiculo,sim,solteiro,superior,estudante,sudeste,0
538,24,2018.46,3764.18,58,20.07,727,475.53,10,2,8963.58,6375.59,-1511.75,186744.73,casa,sim,viuvo,pos,clt,centro_oeste,0
539,48,4254.24,46082.9,30,4.41,625,2118.75,16,4,27504.43,1259.89,-1022.9,82349.69,consumo,sim,viuvo,superior,estudante,centro_oeste,0
540,19,6771.94,15690.71,55,16.25,672,1237.19,5,1,22881.42,4153.55,3000.58,171865.48,consumo,nao,casado,fundamental,estudante,nordeste,1
541,58,5790.78,8910.53,38,25.69,684,856.56,8,0,34535.17,5601.29,-31.75,49457.61,casa,nao,casado,pos,estudante,centro_oeste,1
542,21,2443.63,2749.72,22,9.58,736,1979.53,16,1,20494.98,3847.45,2264.19,193216.61,consumo,sim,casado,medio,autonomo,sul,1
543,29,5899.34,41488.57,23,5.99,657,2020.79,3,2,27747.2,6570.05,4740.37,21409.93,consumo,nao,viuvo,pos,temporario,sudeste,0
544,27,1200.0,41775.94,15,21.28,624,1020.21,9,3,12099.26,4938.85,5519.95,176835.73,educacao,sim,solteiro,pos,estudante,nordeste,0
545,65,4398.92,6836.45,60,16.06,450,2271.17,14,3,21223.7,3754.5,802.11,58975.89,casa,sim,divorciado,fundamental,temporario,centro_oeste,0
546,21,6848.32,9426.98,34,5.14,803,1254.42,14,3,27250.31,4030.47,4819.93,144479.41,negocios,nao,viuvo,pos,estudante,norte,0
547,42,4833.11,22879.55,57,10.72,646,786.06,13,1,33841.97,6588.07,2131.22,119664.24,negocios,sim,divorciado,fundamental,clt,sul,0
548,51,3901.91,10949.54,60,11.84,536,2267.43,10,3,8814.43,1059.37,3337.04,127186.63,negocios,sim,divorciado,pos,autonomo,norte,0
549,47,6400.82,35979.86,17,20.03,473,534.85,0,0,2761.32,7624.29,-821.62,215695.34,veiculo,sim,casado,superior,estudante,norte,0
550,56,6554.55,5140.81,27,15.32,661,2490.59,5,4,34170.66,987.54,-1305.84,131665.25,outros,nao,casado,fundamental,clt,sudeste,1
551,63,7158.07,27511.77,14,15.69,732,1602.75,14,2,21092.46,1627.73,4287.15,47336.7,casa,sim,casado,pos,estudante,sudeste,0
552,40,6373.82,19917.02,6,23.36,743,2303.61,9,4,603.78,7386.79,2867.91,90316.79,outros,sim,casado,medio,autonomo,centro_oeste,0
553,65,6746.47,23655.07,71,10.68,774,594.9,6,4,18199.63,3682.91,4626.31,21271.72,educacao,nao,casado,medio,clt,sul,0
554,36,6119.24,21826.45,49,20.14,777,1082.74,15,0,32761.52,4405.12,-896.89,73795.03,negocios,sim,solteiro,pos,autonomo,sudeste,0
555,74,5277.95,9468.74,35,12.82,669,2205.94,6,0,34454.86,3668.44,-459.36,64450.32,veiculo,sim,viuvo,superior,autonomo,nordeste,0
556,46,4961.12,12522.81,19,14.04,798,2122.07,6,4,11399.89,1290.89,-1308.69,141608.65,consumo,nao,solteiro,fundamental,estudante,norte,0
557,59,4372.93,5448.75,45,17.34,449,2202.69,7,2,27366.82,5672.74,3270.99,201048.2,educacao,sim,solteiro,pos,autonomo,nordeste,0
558,67,2617.74,7745.49,41,20.7,578,830.67,6,0,16054.45,6357.1,3001.54,61908.62,casa,sim,casado,fundamental,temporario,sudeste,1
559,63,3080.44,46994.21,20,26.68,613,1612.87,9,3,13930.34,2114.44,1519.32,186467.67,negocios,sim,viuvo,superior,autonomo,nordeste,0
560,66,4292.37,15230.3,6,10.46,699,1083.87,17,4,26536.77,6892.85,-744.77,192735.62,consumo,nao,divorciado,medio,temporario,centro_oeste,0
561,48,5234.61,16469.66,36,6.49,539,924.2,17,3,9448.87,1348.32,-1613.97,139180.31,veiculo,sim,solteiro,pos,estudante,sudeste,0
562,20,7393.46,8283.34,39,14.29,536,1386.7,6,1,14923.21,7085.96,219.96,153746.91,veiculo,sim,divorciado,fundamental,temporario,sudeste,0
563,46,4724.76,36859.97,58,17.12,781,1838.92,6,1,8628.61,6461.36,-1778.11,175610.86,veiculo,sim,casado,superior,temporario,norte,0
564,28,6606.26,44548.5,31,9.47,679,1382.96,15,1,4992.32,8252.99,5600.32,81878.22,outros,nao,solteiro,medio,autonomo,sul,0
565,68,6742.77,38433.65,12,25.37,674,714.76,10,2,13275.46,7414.73,-472.45,217023.23,veiculo,nao,casado,medio,temporario,sul,0
566,31,4383.4,30374.02,64,23.17,493,2053.38,3,2,33572.99,7678.21,270.83,83994.69,consumo,sim,divorciado,superior,temporario,centro_oeste,1
567,30,5870.44,39502.1,33,15.85,620,2448.47,9,1,14660.84,8640.51,4428.87,18669.19,educacao,sim,casado,medio,autonomo,sudeste,0
568,32,4361.65,20892.48,53,14.8,588,1021.88,14,0,23912.86,7676.84,5960.64,161227.39,consumo,nao,viuvo,medio,autonomo,centro_oeste,0
569,54,7179.84,41607.13,8,4.98,668,2150.27,7,0,9977.55,7269.46,3040.27,73696.75,consumo,nao,viuvo,medio,clt,sul,1
570,50,5944.52,38832.61,8,16.89,788,2184.16,11,4,30287.5,2167.07,175.9,6101.92,consumo,sim,solteiro,medio,estudante,sudeste,1
571,72,2657.13,2578.47,7,18.3,531,784.41,13,4,21871.51,6918.13,1732.74,39395.08,outros,nao,divorciado,pos,clt,sul,1
572,41,5090.74,24694.63,58,25.4,744,1816.31,2,0,33265.89,5878.0,-1334.73,81254.78,negocios,nao,solteiro,medio,temporario,centro_oeste,1
573,34,7766.6,14540.05,21,16.03,673,2357.13,17,1,11408.32,8673.29,-949.7,46808.18,veiculo,nao,casado,medio,autonomo,nordeste,0
574,20,4473.78,6423.6,58,7.78,618,1896.47,1,2,18831.18,6620.29,3734.83,30007.51,negocios,sim,divorciado,pos,temporario,sul,0
575,18,5605.89,41001.92,68,8.32,800,249.65,2,2,6686.6,2706.4,4670.0,35765.46,veiculo,sim,casado,fundamental,clt,norte,0
576,39,5782.58,2861.71,49,7.84,478,1582.48,5,4,4755.95,1895.08,307.08,137829.42,educacao,sim,divorciado,pos,clt,sul,0
577,70,2934.08,35722.44,71,26.52,691,1986.01,0,3,20487.59,2891.54,3959.47,28243.04,outros,sim,casado,fundamental,estudante,centro_oeste,0
578,47,5719.27,47462.74,67,23.04,579,1614.08,11,3,28119.59,4581.19,3194.88,172329.88,casa,sim,casado,fundamental,temporario,sudeste,0
579,68,2291.1,24431.9,53,23.79,692,246.68,9,3,6992.81,6046.32,2175.42,185183.97,casa,nao,divorciado,medio,estudante,nordeste,1
580,23,3673.88,19391.44,59,24.17,475,458.79,6,3,24602.08,2328.28,456.24,159166.36,outros,sim,divorciado,fundamental,clt,centro_oeste,1
581,23,6736.3,30065.4,45,6.3,714,2039.76,17,4,23504.42,2478.97,5884.74,53928.91,consumo,sim,casado,medio,clt,nordeste,0
582,65,5442.16,39113.75,20,20.85,447,1312.28,4,4,16889.21,3065.85,134.13,126813.87,negocios,sim,viuvo,pos,autonomo,nordeste,0
583,24,4251.94,13431.47,12,20.9,559,2402.51,15,2,26841.91,7361.9,-172.33,13431.05,outros,nao,divorciado,fundamental,clt,sul,1
584,20,5603.63,13906.92,31,9.4,782,1142.76,10,0,20786.73,3606.07,-942.44,207393.27,veiculo,sim,solteiro,fundamental,estudante,centro_oeste,0
585,41,4691.83,30126.6,37,15.78,673,2086.36,12,4,33127.5,1166.24,3340.15,1621.51,educacao,nao,divorciado,fundamental,temporario,sudeste,1
586,70,4822.64,45264.53,29,19.9,616,262.34,17,1,26729.7,5132.8,5229.4,48731.94,casa,nao,divorciado,medio,autonomo,nordeste,0
587,57,5982.27,16079.02,12,25.54,552,2131.15,4,1,31030.76,550.57,-753.54,18258.2,educacao,nao,divorciado,medio,estudante,sudeste,1
588,23,3490.74,19642.34,39,6.65,455,2173.01,2,0,12647.88,6226.48,-985.53,218837.99,casa,nao,casado,fundamental,clt,nordeste,0
589,65,4872.61,47696.67,38,25.41,464,1020.02,14,3,28384.97,7657.64,5254.51,8954.47,consumo,nao,solteiro,pos,estudante,centro_oeste,0
590,66,4237.92,10518.11,68,26.14,706,897.93,11,0,34720.85,1914.25,3352.3,378.76,outros,sim,casado,medio,estudante,centro_oeste,0
591,63,1945.91,6002.05,68,26.17,529,2290.99,3,4,5721.27,7679.1,5758.37,22141.18,veiculo,nao,divorciado,fundamental,clt,sul,0
592,69,3143.18,29333.86,46,4.12,449,1984.27,16,1,17891.28,6271.7,3740.28,193875.2,outros,sim,viuvo,pos,clt,norte,0
593,31,7622.77,3604.15,62,9.3,595,1567.24,12,0,30181.76,1337.7,4219.3,88161.72,veiculo,sim,casado,superior,clt,sudeste,0
594,73,5492.5,10709.71,26,20.59,578,1192.32,9,3,13881.92,2437.1,1801.42,207839.31,educacao,sim,divorciado,fundamental,autonomo,nordeste,0
595,36,2417.54,30810.52,69,11.72,803,2296.04,2,1,17788.16,2432.38,58.83,211088.24,outros,sim,divorciado,pos,autonomo,centro_oeste,1
596,63,2027.36,32507.81,68,5.47,512,1913.56,17,1,26166.96,2248.73,2639.3,159742.83,veiculo,sim,viuvo,medio,autonomo,norte,0
597,51,4598.1,25724.35,14,22.31,527,1147.06,9,0,28864.41,3343.68,994.07,37151.24,veiculo,sim,viuvo,pos,estudante,sudeste,0
598,62,7610.14,19960.54,52,4.69,485,1332.39,10,3,6983.57,8215.22,1863.86,213637.68,educacao,sim,casado,superior,autonomo,sudeste,1
599,53,4463.84,28716.99,36,14.7,495,408.36,0,1,13688.85,2405.2,2222.34,96402.46,consumo,nao,casado,pos,estudante,sudeste,0
600,54,7152.6,31774.05,23,26.74,633,2060.93,12,3,13807.68,8376.96,-1592.75,102193.06,veiculo,sim,divorciado,medio,clt,sudeste,0
601,53,5433.48,39058.43,33,14.57,509,2132.75,15,1,5348.85,5172.1,2946.62,140101.86,consumo,sim,casado,fundamental,clt,centro_oeste,0
602,62,5648.25,38570.16,65,25.89,707,1005.09,14,2,3190.31,4894.81,996.57,157544.1,casa,sim,solteiro,pos,autonomo,nordeste,1
603,60,2395.7,32748.43,67,13.82,747,898.4,6,2,26064.3,6227.14,4534.42,211748.11,veiculo,nao,divorciado,pos,clt,norte,1
604,25,6487.54,43187.58,28,12.32,614,765.18,3,2,29819.73,7348.25,-1360.86,213602.25,consumo,nao,viuvo,fundamental,clt,centro_oeste,0
605,65,4197.12,40630.15,36,6.58,515,582.42,7,4,33317.15,8639.91,2538.29,90994.01,educacao,nao,casado,fundamental,clt,nordeste,1
606,48,6353.57,8562.69,40,12.59,748,2378.86,10,0,33470.32,522.86,1008.15,31266.94,negocios,sim,divorciado,medio,clt,norte,0
607,36,3334.49,46028.91,54,12.09,806,1940.96,4,1,34813.95,3884.12,-1072.29,201430.34,negocios,sim,divorciado,medio,autonomo,sudeste,0
608,47,5118.69,43074.27,37,24.32,786,1185.5,11,3,2904.76,2021.76,1426.82,26171.9,educacao,nao,viuvo,pos,clt,centro_oeste,0
609,73,5433.61,17102.19,32,26.08,788,435.6,16,4,13887.91,1789.88,1392.32,121586.48,outros,sim,divorciado,superior,autonomo,sul,0
610,66,4522.74,3418.39,66,4.53,742,503.49,2,2,2875.46,1749.72,4075.8,36562.15,veiculo,nao,divorciado,fundamental,estudante,nordeste,0
611,65,5528.18,29980.91,30,6.36,715,1826.71,4,0,23726.15,6533.1,-614.24,78818.01,outros,sim,viuvo,medio,autonomo,nordeste,0
612,44,4320.49,22448.0,23,19.44,802,651.15,8,4,34033.7,934.7,4676.98,116541.52,consumo,nao,solteiro,fundamental,clt,nordeste,0
613,62,3631.69,36605.28,27,15.63,555,987.07,3,3,1283.93,7612.16,-1426.33,155099.52,outros,nao,solteiro,superior,temporario,sudeste,0
614,39,7689.87,26369.29,27,11.13,791,2400.26,13,2,18421.54,6896.82,2222.52,214547.19,casa,sim,divorciado,superior,autonomo,nordeste,0
615,57,6688.12,5980.31,42,10.24,428,1528.38,1,1,18664.22,3978.8,3262.23,202091.27,negocios,sim,viuvo,superior,estudante,sudeste,0
616,54,3430.44,13633.28,49,9.39,753,2055.37,0,3,5714.62,4116.41,-1688.12,114498.06,veiculo,sim,viuvo,medio,temporario,sul,0
617,32,5823.2,42654.83,14,16.61,553,421.0,6,1,29171.4,6266.08,-1260.78,68732.74,negocios,nao,casado,superior,autonomo,norte,0
618,33,3463.18,4214.88,64,4.42,537,946.5,7,1,13815.3,591.56,333.32,118129.49,veiculo,nao,solteiro,fundamental,clt,norte,0
619,21,2667.57,36018.47,22,21.73,690,2257.81,12,3,14716.26,3790.64,1175.33,80666.99,educacao,nao,divorciado,medio,autonomo,nordeste,1
620,25,6660.86,15783.43,13,11.21,489,2060.27,2,1,33668.54,2031.16,902.78,101087.56,negocios,nao,casado,superior,temporario,sul,1
621,42,1732.62,23095.11,50,14.24,817,1858.4,14,4,8658.43,2036.62,5776.23,201158.39,educacao,nao,solteiro,fundamental,clt,sul,0
622,45,6468.34,26660.75,19,16.65,710,1542.78,3,2,13491.38,5180.02,-497.84,113135.07,veiculo,sim,divorciado,superior,autonomo,sul,0
623,27,4345.1,13878.7,55,9.07,427,803.94,17,2,26955.26,2590.39,5147.74,9163.45,casa,sim,viuvo,pos,temporario,nordeste,0
624,41,4419.22,32164.2,68,25.21,758,1538.31,9,3,16799.39,3689.06,5567.7,150491.37,negocios,nao,divorciado,superior,estudante,sudeste,0
625,52,5537.55,34051.62,51,20.37,463,297.76,13,3,21119.7,6597.18,-430.38,61814.77,consumo,sim,casado,fundamental,temporario,centro_oeste,0
626,31,5846.16,6370.21,57,24.89,749,649.32,0,2,16723.46,5775.71,4116.99,47047.65,outros,nao,solteiro,medio,clt,norte,0
627,37,3312.58,19513.68,38,15.41,745,1382.38,12,1,9916.39,3305.19,5985.88,168631.1,negocios,sim,viuvo,superior,autonomo,norte,1
628,38,6091.91,36369.17,28,14.38,677,184.59,7,4,5695.45,921.62,133.26,36421.3,veiculo,nao,solteiro,superior,clt,nordeste,0
629,46,5004.07,35334.51,46,9.69,660,718.77,9,3,29754.7,726.66,2121.34,134041.01,negocios,nao,divorciado,pos,temporario,sul,0
630,38,2539.1,27279.45,29,17.08,751,533.22,0,0,9632.44,4644.14,4118.92,179774.73,negocios,nao,solteiro,pos,clt,sudeste,0
631,60,4494.23,37884.2,63,18.24,760,981.59,11,3,34907.86,4083.01,3931.26,66121.31,outros,nao,casado,superior,clt,nordeste,1
632,36,7286.3,7397.84,36,14.08,702,2171.38,16,4,352.25,7269.79,4698.69,103892.09,negocios,nao,divorciado,pos,autonomo,nordeste,0
633,42,7817.87,7878.61,38,7.49,488,2378.01,17,2,30868.15,1197.21,916.27,127080.79,consumo,sim,viuvo,medio,temporario,nordeste,0
634,39,6091.23,32415.76,50,10.55,686,562.94,15,4,33157.89,7724.39,-858.85,141043.12,consumo,sim,viuvo,superior,clt,norte,0
635,28,2657.38,34046.69,18,4.34,500,716.09,12,1,2054.67,2306.52,3476.09,213824.46,casa,sim,viuvo,medio,clt,sul,1
636,57,5683.09,39560.97,43,11.66,438,2144.76,3,1,21965.07,3481.22,848.58,195540.94,veiculo,nao,divorciado,superior,temporario,sudeste,0
637,31,6331.55,10737.18,55,17.94,480,580.61,6,2,27393.77,7809.39,3239.3,45985.48,outros,nao,divorciado,superior,temporario,norte,0
638,34,6106.27,26013.11,57,26.94,604,1899.85,1,0,21537.72,7620.06,1892.67,120070.69,veiculo,sim,casado,superior,estudante,centro_oeste,0
639,63,6212.92,32567.82,20,8.27,805,378.31,4,0,30804.16,4876.69,1777.14,34725.25,outros,sim,solteiro,superior,clt,sul,0
640,72,5453.87,12678.33,9,5.33,433,1684.07,4,2,4636.81,1194.16,5075.79,13202.4,negocios,nao,solteiro,pos,temporario,centro_oeste,1
641,56,4669.66,26020.22,18,11.11,449,796.42,12,0,33206.49,5519.06,3195.58,80983.45,consumo,nao,solteiro,superior,autonomo,sudeste,0
642,70,3704.94,31549.25,60,7.76,456,1918.98,0,0,19267.79,6974.82,3071.15,70356.84,veiculo,nao,viuvo,fundamental,autonomo,nordeste,0
643,66,1383.72,12257.45,23,20.69,496,1384.95,16,2,12053.06,2729.65,5772.64,125502.46,negocios,sim,divorciado,superior,temporario,centro_oeste,0
644,45,5411.36,19588.14,9,4.14,636,595.04,13,1,18381.46,2056.03,304.01,141075.34,negocios,nao,viuvo,medio,autonomo,nordeste,0
645,61,5134.9,12343.42,45,27.54,748,1113.17,12,0,11876.03,4724.86,3570.41,84830.99,consumo,sim,casado,superior,estudante,sul,0
646,36,5803.64,43583.9,64,24.54,438,1373.3,10,2,15940.51,6869.1,973.08,190793.77,outros,nao,divorciado,fundamental,clt,centro_oeste,0
647,44,2392.42,13274.35,20,15.78,741,2490.67,4,1,5476.15,4791.56,2871.59,185184.73,consumo,nao,solteiro,pos,estudante,norte,0
648,48,5961.03,7997.98,8,26.1,785,1294.44,9,3,29562.66,2535.46,4573.46,158653.45,outros,sim,divorciado,pos,estudante,norte,0
649,72,8498.18,4099.57,15,19.07,451,530.88,11,2,13636.68,7885.79,5397.72,77163.64,casa,nao,casado,superior,estudante,norte,1
650,66,4941.21,4545.38,14,27.85,600,1468.13,15,0,16345.41,7912.06,1531.39,53280.78,negocios,sim,viuvo,pos,autonomo,norte,0
651,45,4689.0,11217.17,19,10.68,745,690.89,12,3,31835.16,6095.82,4690.31,25533.65,educacao,nao,casado,pos,autonomo,sul,0
652,55,5356.2,30173.49,17,27.93,699,2220.59,14,4,31745.07,1131.46,813.52,55101.32,outros,nao,divorciado,fundamental,estudante,nordeste,0
653,29,8458.21,3303.07,48,8.33,494,2115.04,8,3,27582.87,2473.06,3356.01,211003.68,negocios,nao,viuvo,fundamental,temporario,nordeste,0
654,63,2957.43,15546.85,20,12.48,479,478.46,7,0,1050.54,5758.65,5045.55,91885.72,outros,nao,casado,pos,estudante,sul,0
655,49,5165.77,5146.59,42,26.45,598,1545.03,14,2,31723.18,7141.08,3546.29,91455.23,outros,sim,viuvo,fundamental,autonomo,centro_oeste,1
656,48,3360.62,20866.47,32,12.89,759,1795.9,10,0,6605.75,4531.22,3704.72,103553.49,casa,nao,solteiro,superior,autonomo,norte,0
657,61,3815.39,4710.24,49,9.04,799,763.86,7,0,15340.22,3084.37,4733.49,142559.51,consumo,sim,viuvo,pos,temporario,sul,1
658,54,4710.74,30143.15,49,5.43,611,1633.19,7,0,31604.68,8018.44,169.1,202400.07,veiculo,nao,solteiro,pos,estudante,centro_oeste,0
659,22,7225.18,33823.3,45,7.57,631,1253.44,10,4,3326.53,3741.32,4025.79,25109.5,outros,nao,divorciado,pos,estudante,centro_oeste,1
660,34,8041.78,35775.86,64,12.53,643,1298.42,11,4,4658.61,8288.04,3173.62,180462.68,veiculo,sim,casado,pos,estudante,norte,0
661,28,5606.66,12707.62,18,14.11,616,1458.99,6,2,20162.02,5024.9,2457.92,98765.88,veiculo,sim,solteiro,fundamental,estudante,sul,0
662,59,4122.13,42016.76,40,17.02,679,1502.72,2,4,16370.03,5721.37,5805.71,60438.45,casa,nao,casado,fundamental,temporario,nordeste,0
663,20,9286.93,33908.11,32,23.53,529,1826.73,16,2,13638.69,1562.14,1417.61,119648.34,casa,sim,solteiro,pos,clt,centro_oeste,1
664,29,4030.4,5077.58,41,4.32,635,1229.63,5,0,28338.23,2774.47,31.83,118885.15,veiculo,nao,solteiro,medio,estudante,sudeste,0
665,52,3771.96,22554.89,15,24.19,665,1856.51,2,4,31313.79,8784.82,4746.27,29343.75,outros,nao,divorciado,fundamental,autonomo,sul,0
666,57,1605.1,37432.92,27,17.85,645,1307.37,4,3,34700.0,6608.67,-356.05,21340.02,outros,nao,divorciado,medio,autonomo,sul,1
667,46,7312.96,16645.67,68,22.16,809,1717.73,15,3,4303.64,4555.13,4013.13,137912.99,veiculo,sim,divorciado,fundamental,temporario,sudeste,0
668,67,6542.84,19860.92,58,22.17,717,790.41,3,0,23668.61,4932.13,5440.12,161783.83,outros,nao,divorciado,superior,temporario,sudeste,1
669,70,9152.05,31146.97,34,25.68,713,1436.75,12,4,30497.0,1246.26,4608.34,135261.73,veiculo,sim,divorciado,pos,temporario,centro_oeste,0
670,25,2298.86,5024.38,13,6.24,742,1265.75,7,0,8418.12,7158.31,3138.58,77640.81,casa,nao,divorciado,superior,autonomo,sul,1
671,72,7424.71,46495.54,48,17.72,631,881.1,10,0,16801.25,1106.61,5400.59,122288.2,outros,sim,divorciado,superior,autonomo,nordeste,0
672,53,4926.24,10438.89,25,25.82,542,324.56,13,0,250.88,3789.44,2013.49,199399.08,negocios,nao,viuvo,medio,estudante,norte,0
673,54,6250.98,3713.58,27,21.26,634,1363.64,4,4,4711.44,3990.54,-1209.75,203254.31,casa,sim,viuvo,superior,temporario,centro_oeste,0
674,23,1834.0,2742.2,12,6.32,788,202.63,7,4,4394.75,5626.22,3932.46,51103.59,consumo,sim,viuvo,superior,temporario,nordeste,0
675,53,7442.55,20679.72,25,18.74,771,1084.41,14,0,24764.7,4032.03,3791.39,20917.09,negocios,nao,casado,medio,autonomo,nordeste,0
676,59,6215.73,42733.53,20,23.2,561,1039.92,17,2,21778.72,8666.06,4949.93,143716.42,consumo,nao,solteiro,medio,clt,sudeste,0
677,51,4729.96,39799.17,8,10.6,613,1650.31,15,2,1354.4,7282.17,1367.57,38367.69,veiculo,sim,casado,fundamental,temporario,norte,0
678,22,5961.2,43998.08,44,19.18,528,2470.84,5,2,20849.31,8654.27,-668.68,176233.75,negocios,sim,viuvo,medio,temporario,sul,1
679,47,3422.11,26787.1,69,24.17,424,2170.56,4,1,2385.0,4909.25,-999.17,61781.95,casa,nao,divorciado,superior,estudante,sudeste,0
680,71,3757.01,22917.95,14,16.57,544,2442.19,17,0,7077.0,3069.0,894.09,33105.07,negocios,nao,solteiro,pos,estudante,sudeste,0
681,59,3965.8,20056.67,9,8.66,460,2386.17,12,0,31547.69,8841.14,4385.12,179539.69,consumo,sim,casado,fundamental,temporario,sul,0
682,25,1465.09,4612.02,12,17.19,563,351.94,3,4,15654.22,1190.4,2266.68,45871.85,negocios,sim,divorciado,superior,estudante,sudeste,1
683,72,6351.17,43883.22,42,18.11,441,834.12,11,3,27347.12,8380.18,-470.6,1944.53,negocios,nao,viuvo,superior,temporario,nordeste,0
684,72,6944.87,25076.01,60,13.67,546,869.01,5,4,11000.91,1314.15,86.19,180787.77,consumo,nao,divorciado,pos,clt,sul,1
685,27,3537.58,23205.57,26,20.31,705,344.77,2,4,3877.1,7358.7,917.6,20639.6,veiculo,sim,viuvo,fundamental,clt,centro_oeste,1
686,63,5426.77,25940.12,13,14.4,757,2144.23,2,1,31086.71,7129.42,1946.23,92342.12,veiculo,nao,divorciado,fundamental,temporario,norte,0
687,41,4322.03,38634.03,12,25.06,774,2257.16,6,0,5733.95,6107.44,4747.66,87078.39,educacao,sim,viuvo,pos,estudante,norte,0
688,51,5390.89,12713.43,46,23.0,644,1583.54,4,3,12237.45,7151.7,5940.18,31457.63,casa,sim,viuvo,fundamental,temporario,nordeste,0
689,43,3670.36,34800.48,29,23.31,638,2247.1,14,1,24543.21,1248.49,2874.21,7739.74,veiculo,sim,divorciado,fundamental,estudante,sudeste,1
690,62,3209.83,34840.02,29,16.63,807,1837.34,2,3,20713.13,3674.84,1235.62,18631.74,negocios,sim,viuvo,medio,temporario,nordeste,0
691,74,6693.73,41154.65,21,8.71,642,1202.09,3,4,32479.65,3360.2,-369.64,94053.08,consumo,nao,solteiro,medio,estudante,nordeste,0
692,63,4685.03,2895.1,65,21.39,453,527.69,11,4,34568.47,8843.01,2185.99,210559.78,outros,nao,solteiro,fundamental,temporario,norte,0
693,71,8439.8,10253.0,30,5.65,794,2403.71,7,1,5132.08,4516.55,2982.34,159487.43,educacao,nao,casado,fundamental,temporario,sul,1
694,71,4883.36,23932.63,52,16.42,665,1786.09,3,2,7930.54,922.03,750.14,157254.3,negocios,sim,divorciado,superior,autonomo,norte,0
695,23,3133.06,41199.59,54,5.27,686,1001.71,1,3,22370.71,2704.16,726.6,147336.68,veiculo,nao,casado,fundamental,estudante,sul,0
696,32,7008.49,46412.82,9,16.68,458,478.35,1,1,5135.61,7674.71,4662.31,169205.95,negocios,sim,casado,superior,clt,sudeste,0
697,59,5935.44,29566.52,22,20.46,607,2033.61,5,2,18977.67,8078.99,3347.72,116476.86,negocios,sim,casado,medio,clt,sudeste,0
698,51,6108.37,12152.1,65,14.06,603,2040.67,4,1,13049.02,8382.54,1712.08,216832.61,veiculo,nao,casado,fundamental,autonomo,nordeste,0
699,20,6943.08,10898.6,64,14.01,745,1439.78,10,2,31084.55,1725.01,2550.18,133700.42,outros,sim,viuvo,pos,clt,sul,0
700,23,3624.97,31594.7,33,6.95,573,2499.9,12,3,32133.32,6348.74,2137.05,138791.7,casa,nao,solteiro,fundamental,temporario,sudeste,0
701,47,4570.94,12058.15,16,11.24,557,1076.5,2,4,9059.05,3919.84,-439.87,4657.53,consumo,nao,solteiro,fundamental,temporario,norte,0
702,53,4491.39,27665.48,25,14.66,692,2365.59,7,2,3348.38,6751.53,4988.64,166023.33,negocios,sim,viuvo,superior,clt,sul,0
703,27,2476.66,40483.94,68,24.73,426,1642.21,8,1,34687.79,7507.25,-1090.2,78292.8,consumo,sim,viuvo,fundamental,clt,nordeste,0
704,27,4325.54,20236.79,50,25.55,718,1888.5,2,0,5246.34,2720.67,-138.4,170230.53,outros,nao,casado,pos,estudante,nordeste,0
705,25,7205.48,19720.48,10,26.89,422,2307.62,8,3,6070.22,4752.87,2581.41,186442.62,educacao,sim,casado,medio,temporario,nordeste,0
706,50,5227.21,4144.39,53,6.41,515,2108.27,1,4,8826.06,3281.93,1796.84,4903.86,consumo,nao,viuvo,medio,autonomo,sul,0
707,18,2377.09,14060.85,15,11.11,618,849.71,5,2,11929.89,4375.31,2843.72,84645.83,negocios,nao,casado,medio,autonomo,sudeste,0
708,50,1999.49,34267.71,26,15.11,497,2191.98,13,4,5172.27,2970.23,5373.65,199087.79,educacao,sim,viuvo,superior,clt,sudeste,1
709,45,7796.6,18897.8,37,19.4,434,1432.12,4,2,11278.09,3386.9,430.78,28148.03,casa,sim,solteiro,medio,autonomo,sudeste,0
710,44,4637.43,9702.6,29,20.87,587,284.0,12,2,770.84,2814.34,-624.43,163747.27,outros,sim,viuvo,fundamental,estudante,norte,0
711,56,3634.66,7312.43,52,22.86,702,1743.26,1,0,28034.43,3036.76,-853.95,71108.44,veiculo,nao,divorciado,fundamental,temporario,sul,0
712,47,4306.81,6824.93,16,15.9,516,1339.3,8,2,9224.32,5412.7,-1339.33,112058.75,educacao,nao,divorciado,superior,clt,sul,0
713,59,2140.85,32490.57,63,17.36,529,1424.97,16,2,28622.45,5602.41,4367.89,198797.25,casa,sim,casado,fundamental,estudante,sul,0
714,61,7361.57,30374.28,45,27.05,690,1134.74,9,2,22642.26,8326.26,1768.26,139249.74,consumo,sim,viuvo,superior,clt,sudeste,0
715,70,4092.5,26092.71,26,9.76,799,328.68,14,2,16819.11,3819.93,195.25,95412.08,educacao,nao,casado,pos,clt,nordeste,0
716,63,7261.32,25264.85,69,23.29,627,598.09,4,2,34030.25,6088.49,3457.76,153359.49,casa,nao,casado,superior,clt,sudeste,1
717,47,4892.97,9467.73,37,21.08,643,1934.97,3,3,13533.46,8706.48,4263.42,49036.14,consumo,nao,casado,pos,clt,centro_oeste,0
718,46,7373.16,25277.49,33,7.36,750,723.41,8,0,6243.59,4464.07,5509.6,2703.44,outros,sim,divorciado,medio,temporario,norte,0
719,31,5262.05,5227.17,7,26.24,446,1636.33,4,2,20210.38,7122.8,1315.61,136094.14,negocios,nao,solteiro,fundamental,estudante,nordeste,0
720,52,6335.82,44626.56,71,24.53,812,1437.12,13,2,4905.24,8742.9,3577.48,189447.31,educacao,nao,divorciado,medio,autonomo,sul,0
721,25,6094.37,5140.25,61,22.71,610,693.64,6,1,9688.56,7213.1,310.9,153906.66,outros,sim,casado,superior,temporario,nordeste,1
722,71,5921.92,21770.62,17,7.04,571,830.93,13,2,31770.87,1184.28,4950.75,114271.25,consumo,nao,casado,pos,estudante,sudeste,1
723,66,5426.28,2525.98,68,7.35,667,1069.88,0,3,31225.55,2141.46,5287.82,31531.66,outros,nao,solteiro,medio,temporario,norte,0
724,24,4380.87,38269.84,58,20.4,784,2222.03,6,4,16300.38,3006.51,3115.95,18684.05,veiculo,nao,divorciado,fundamental,temporario,nordeste,0
725,62,8247.78,10060.74,33,6.57,794,2363.83,4,1,16739.48,6332.83,3339.8,61573.01,educacao,nao,solteiro,superior,clt,sul,0
726,24,3167.51,44583.68,67,6.72,730,1077.27,12,0,19837.43,6207.23,3345.01,211910.48,casa,nao,viuvo,medio,autonomo,sul,0
727,59,4807.75,4500.99,42,13.61,613,287.07,3,1,2946.32,1665.79,2814.19,101620.37,casa,nao,solteiro,pos,estudante,sul,0
728,22,4826.79,39845.82,51,4.13,479,1574.08,8,1,8860.46,4319.46,1622.51,177029.78,casa,nao,solteiro,medio,temporario,nordeste,0
729,45,5524.39,32377.02,18,21.32,496,1148.78,6,0,20299.49,4085.46,3974.52,2843.7,outros,nao,solteiro,superior,autonomo,nordeste,0
730,55,4026.95,13862.98,13,16.96,754,1322.17,13,2,11240.82,6363.88,5817.66,103962.03,casa,nao,viuvo,pos,estudante,centro_oeste,0
731,59,5366.54,11710.09,40,5.88,470,1205.32,6,2,7468.68,2718.05,4017.27,54310.99,veiculo,sim,divorciado,superior,temporario,norte,0
732,41,4496.08,18774.35,27,17.05,612,1698.61,12,4,22657.63,2521.09,614.62,209603.26,outros,nao,casado,medio,estudante,nordeste,0
733,70,1952.49,40192.33,70,5.3,583,886.3,1,3,19825.25,5572.16,2103.4,43708.15,outros,sim,casado,medio,clt,sul,0
734,62,4817.19,41719.02,11,5.7,703,2250.9,13,2,11447.55,1204.05,2857.08,10937.44,negocios,nao,divorciado,fundamental,clt,nordeste,0
735,29,2818.98,10475.48,56,15.65,557,1157.3,11,3,32808.69,6185.26,-1158.74,35643.06,educacao,nao,casado,fundamental,estudante,norte,0
736,56,1678.11,18581.89,45,16.0,701,972.65,2,1,27219.14,4235.14,2037.54,13875.13,outros,sim,viuvo,fundamental,estudante,centro_oeste,1
737,59,5046.37,13305.86,64,12.14,623,2321.23,1,0,20864.96,5058.93,-1000.83,69385.2,educacao,sim,divorciado,fundamental,autonomo,sudeste,1
738,37,5678.19,8080.25,71,18.92,774,1010.89,5,2,7331.29,7316.9,2182.02,219056.81,negocios,nao,viuvo,fundamental,autonomo,centro_oeste,0
739,60,5748.06,31913.45,63,13.3,494,372.73,17,2,22683.38,2038.26,-1121.54,204719.42,negocios,nao,viuvo,superior,clt,sul,0
740,69,5820.91,18237.13,30,18.09,724,540.38,4,1,24070.85,2284.54,1018.67,125829.31,casa,nao,divorciado,superior,autonomo,norte,1
741,64,1321.34,12754.97,51,12.39,708,1837.16,8,4,20344.33,8159.18,5644.98,182825.82,veiculo,sim,solteiro,pos,clt,sul,0
742,61,2350.17,41902.9,16,21.16,749,1484.6,8,2,22328.61,6798.31,-1741.78,87981.37,educacao,nao,viuvo,superior,temporario,sul,0
743,54,8352.34,36548.47,38,17.9,616,1420.31,5,2,5678.0,2732.92,339.31,196023.4,educacao,nao,solteiro,medio,estudante,norte,0
744,33,2915.02,37706.13,23,7.84,548,370.22,8,3,11724.76,6626.19,1099.55,46226.44,veiculo,sim,divorciado,fundamental,estudante,sudeste,0
745,63,5899.51,4283.41,22,20.47,626,560.66,3,1,31176.07,4386.1,2802.18,88697.32,casa,nao,viuvo,fundamental,temporario,centro_oeste,0
746,38,3563.51,44138.44,43,22.81,809,1099.22,12,2,4798.92,5746.92,5730.45,26534.6,casa,nao,casado,fundamental,autonomo,sul,1
747,48,4943.41,28650.6,14,5.58,497,1219.37,2,4,20639.19,7186.49,3190.04,206051.59,consumo,nao,viuvo,superior,clt,norte,0
748,35,3660.14,25423.03,43,18.64,684,1053.67,10,3,31417.94,880.42,5171.49,74399.24,educacao,nao,divorciado,pos,temporario,sul,0
749,35,5810.77,2981.63,32,22.97,509,1346.37,5,4,495.45,5695.04,-531.71,54117.51,negocios,sim,viuvo,medio,autonomo,sudeste,0
750,26,5046.19,43343.63,21,6.75,729,1881.83,10,0,33849.25,3376.95,451.07,48803.66,educacao,nao,solteiro,superior,clt,centro_oeste,0
751,72,3993.08,27247.02,43,25.64,589,1654.83,9,3,30916.97,4887.26,5119.07,104267.48,casa,sim,casado,medio,autonomo,sudeste,0
752,26,2909.69,40044.48,55,13.96,763,1598.18,11,3,25027.29,3591.91,-1759.62,110895.67,educacao,nao,divorciado,pos,autonomo,nordeste,0
753,22,5281.99,32325.75,46,21.71,485,1474.05,10,4,24819.71,8498.92,1739.47,148010.0,outros,nao,viuvo,fundamental,clt,sul,1
754,71,2617.11,38749.56,11,25.58,469,646.15,4,4,30370.31,5575.83,1732.52,178014.23,casa,nao,solteiro,medio,estudante,sul,0
755,49,5569.47,34028.39,43,27.75,800,1582.76,10,0,5984.74,7696.09,5580.79,154590.37,casa,sim,divorciado,pos,estudante,norte,0
756,42,9527.67,44403.86,47,18.01,554,547.62,4,2,24497.71,2682.16,1703.92,108366.15,veiculo,sim,casado,medio,autonomo,sul,0
757,60,7230.31,12759.53,51,20.9,453,1833.96,6,4,12020.52,3599.19,5269.38,117850.75,veiculo,sim,viuvo,pos,estudante,centro_oeste,0
758,39,6093.03,11695.55,34,10.04,754,1229.31,3,4,30647.36,7190.07,2765.5,214582.0,veiculo,nao,casado,medio,temporario,nordeste,0
759,25,4645.91,34920.64,12,10.96,585,1528.99,9,0,18666.59,2492.75,539.79,98358.73,educacao,nao,viuvo,pos,autonomo,sudeste,0
760,59,1310.25,25313.46,14,24.42,788,2181.68,14,2,26803.58,8999.95,-643.52,70728.5,casa,nao,solteiro,fundamental,clt,sudeste,1
761,28,2419.88,29761.83,27,13.56,595,1045.59,10,1,5845.9,6110.68,2023.57,142040.65,educacao,nao,viuvo,medio,estudante,norte,0
762,49,7109.03,34738.68,47,23.74,722,411.45,1,3,8471.39,8122.96,-1662.38,148013.05,educacao,nao,divorciado,medio,clt,sul,0
763,72,3378.44,27407.98,54,5.21,651,2248.04,1,2,29335.89,1388.38,814.63,206226.8,educacao,sim,solteiro,pos,estudante,norte,0
764,71,3541.35,38340.05,50,9.24,612,1026.76,5,1,13833.21,4017.55,2279.92,77482.1,educacao,sim,casado,fundamental,clt,centro_oeste,1
765,38,4501.83,17008.46,26,8.08,614,1123.13,10,2,18473.86,3355.33,2554.65,112129.99,negocios,sim,solteiro,pos,estudante,sul,0
766,62,2888.32,41584.07,35,16.65,520,866.77,5,4,25393.76,8753.19,1662.68,137350.26,negocios,sim,viuvo,pos,temporario,centro_oeste,0
767,52,2591.82,7399.27,9,5.93,714,1154.79,17,1,5939.03,1730.37,5718.96,155929.86,negocios,sim,solteiro,medio,estudante,sul,0
768,45,4709.15,31347.18,58,12.25,630,1388.65,10,1,10588.34,6859.39,-643.71,8812.02,outros,nao,solteiro,medio,clt,sul,0
769,25,3195.25,43001.03,29,27.67,420,2136.48,16,0,11397.7,5862.2,5980.45,198073.26,casa,nao,divorciado,superior,estudante,norte,0
770,39,3466.17,13997.58,39,23.06,578,1850.77,16,0,32083.75,7736.54,3592.77,39073.75,casa,nao,casado,fundamental,temporario,nordeste,1
771,55,3393.86,17370.98,35,22.25,582,1370.81,1,0,4815.61,8806.94,4634.95,49545.2,casa,sim,divorciado,medio,estudante,norte,0
772,74,5740.25,16397.6,24,7.24,774,1952.12,15,0,12996.14,7350.07,3147.74,152761.14,casa,sim,casado,medio,autonomo,sul,0
773,18,4382.17,28174.0,17,12.75,590,2146.88,0,2,33576.09,2643.3,-123.53,43748.84,educacao,sim,solteiro,pos,autonomo,centro_oeste,0
774,58,4478.57,21285.67,68,20.33,646,314.9,1,2,29220.45,7591.09,4055.09,29381.34,veiculo,sim,divorciado,pos,clt,centro_oeste,0
775,66,5874.5,7412.15,13,4.52,453,1553.97,9,3,23466.26,4977.45,4815.88,208855.6,casa,sim,viuvo,superior,temporario,norte,0
776,72,4544.33,43053.57,68,14.42,576,280.38,9,3,19212.62,6053.13,4065.08,141474.89,casa,sim,solteiro,pos,temporario,sudeste,0
777,42,4299.14,11812.79,13,26.29,533,894.83,11,0,29355.57,2883.76,5016.77,208419.57,casa,nao,casado,pos,clt,sudeste,0
778,24,5646.81,26800.64,12,5.98,619,1948.81,0,3,33123.87,7436.14,-1304.48,13882.45,educacao,sim,viuvo,fundamental,temporario,sul,1
779,33,6002.76,29563.62,65,25.75,779,2015.78,1,2,32342.5,4277.93,5703.22,7799.21,veiculo,nao,viuvo,superior,temporario,norte,0
780,66,4535.27,4354.21,68,8.67,793,2230.48,14,0,22369.35,7371.12,5525.69,61465.03,casa,sim,solteiro,pos,estudante,sul,0
781,68,4945.09,6854.91,65,8.54,534,1335.91,10,3,25475.72,4131.66,5196.55,8450.59,veiculo,nao,viuvo,medio,clt,sudeste,0
782,54,3392.78,46711.88,57,8.69,665,375.2,6,3,27135.72,5740.61,3171.78,96479.19,casa,nao,casado,medio,temporario,sul,1
783,24,3250.77,32735.31,38,26.35,801,474.14,3,2,28327.16,1375.45,4804.14,211536.91,veiculo,nao,divorciado,medio,temporario,centro_oeste,1
784,24,6184.47,4027.22,13,18.49,511,746.8,3,0,25657.5,1285.96,2918.24,78514.31,veiculo,sim,divorciado,superior,autonomo,sudeste,1
785,45,5600.9,38636.06,45,22.02,595,1043.46,5,0,6298.22,8600.24,2039.23,161094.07,outros,sim,casado,medio,clt,sul,0
786,51,5619.54,25638.7,40,12.79,620,1401.62,8,3,26585.31,6671.56,5461.88,142215.61,outros,sim,solteiro,pos,clt,norte,1
787,19,5305.54,5921.58,54,24.96,421,1678.57,14,0,13663.21,1967.91,-181.17,7093.06,negocios,nao,casado,medio,clt,centro_oeste,0
788,57,4883.17,33474.22,8,17.97,606,557.01,7,1,6992.95,5580.75,4842.3,51054.9,casa,nao,divorciado,pos,temporario,nordeste,0
789,49,6053.54,25220.51,11,18.4,468,618.41,7,3,3588.63,7140.16,1636.26,138611.56,negocios,nao,viuvo,medio,temporario,centro_oeste,0
790,18,6483.2,11823.85,44,22.06,544,581.34,16,2,8410.99,5589.03,477.13,20248.1,educacao,nao,solteiro,medio,autonomo,nordeste,0
791,23,6440.21,42435.45,62,22.57,466,1931.45,1,4,17771.25,4311.8,2148.32,100617.37,veiculo,sim,solteiro,pos,estudante,nordeste,0
792,43,4618.6,15757.78,67,20.36,714,880.84,0,1,8640.76,7599.59,3170.94,149070.91,negocios,nao,viuvo,pos,clt,sul,0
793,59,7296.59,15447.33,43,6.85,753,566.77,17,4,23306.85,931.59,-374.67,74758.39,outros,sim,solteiro,medio,clt,sul,0
794,65,5211.23,14911.2,30,24.8,527,1180.79,17,1,33753.76,5883.35,4059.0,68669.4,educacao,sim,casado,superior,temporario,sul,1
795,42,5938.28,37419.24,37,10.26,436,754.24,7,0,1541.63,4520.57,1278.11,159114.35,casa,nao,casado,medio,temporario,nordeste,0
796,34,5307.76,34628.4,39,27.91,617,1036.77,4,3,4572.88,6009.41,3688.94,92145.12,educacao,sim,divorciado,medio,temporario,sul,0
797,73,5244.61,43593.13,46,13.25,465,2091.71,2,3,8654.85,2968.82,-574.26,117035.54,outros,nao,casado,medio,estudante,norte,0
798,44,3475.65,12934.93,21,6.88,596,954.64,2,4,28152.66,1881.04,-1363.38,43947.16,casa,nao,casado,pos,autonomo,sudeste,1
799,35,6062.43,38279.59,31,11.59,637,585.67,16,0,9494.47,8780.65,-539.85,173708.62,negocios,sim,viuvo,pos,autonomo,norte,0
800,43,9921.53,28573.57,41,17.76,606,719.29,13,2,6703.48,7845.95,-391.8,131942.22,negocios,nao,viuvo,pos,temporario,norte,0
801,18,4125.37,16544.92,62,13.39,628,259.71,15,3,5350.32,8226.01,4139.97,214042.51,educacao,nao,casado,medio,autonomo,centro_oeste,0
802,35,4927.79,4113.16,58,23.89,646,2270.62,9,2,5247.12,7034.45,2042.01,166323.69,outros,sim,casado,superior,clt,sudeste,0
803,47,3996.83,39762.11,55,20.37,485,1796.97,11,1,25193.66,1051.82,4159.39,131862.85,outros,sim,casado,fundamental,temporario,sul,1
804,70,3921.56,13468.75,20,9.12,693,1255.0,16,1,24784.28,5837.26,4026.37,135172.52,consumo,nao,divorciado,pos,temporario,nordeste,0
805,60,7580.01,31244.31,32,16.93,687,1481.21,6,0,10889.61,3742.07,113.03,73256.9,outros,nao,casado,fundamental,clt,sul,0
806,62,3588.65,27473.49,42,22.9,477,769.49,9,3,15730.48,3341.45,5305.08,97995.68,outros,sim,divorciado,superior,clt,centro_oeste,0
807,49,3946.66,2702.45,69,25.39,593,1116.56,5,3,21986.69,2618.38,4198.7,148121.88,consumo,nao,divorciado,pos,clt,centro_oeste,1
808,24,1942.51,47742.64,29,13.48,535,922.02,9,2,34127.06,2035.61,-1134.1,113307.12,consumo,nao,solteiro,pos,temporario,centro_oeste,1
809,40,3436.3,39551.99,66,26.19,578,2092.94,3,0,26010.13,1685.32,2664.3,209939.28,outros,sim,divorciado,pos,clt,sul,0
810,74,1724.88,24634.44,55,4.86,729,1904.75,3,3,28106.02,1530.28,1419.18,121748.01,veiculo,nao,divorciado,superior,autonomo,sul,0
811,20,5937.25,33455.53,47,20.24,658,838.6,6,4,34220.53,6548.29,1783.92,2796.54,casa,sim,viuvo,pos,clt,nordeste,0
812,68,9839.45,24185.04,52,22.77,783,1948.41,17,3,13338.4,8408.54,1063.53,27774.87,consumo,sim,casado,superior,clt,nordeste,0
813,57,4139.98,36378.68,58,14.2,647,397.93,4,0,2418.49,3732.7,2071.05,10152.35,educacao,sim,casado,superior,estudante,norte,0
814,34,1799.84,8611.95,52,4.26,437,649.96,11,2,26141.48,1401.15,973.7,198688.08,negocios,sim,solteiro,fundamental,clt,nordeste,0
815,62,6420.0,22808.97,50,20.49,704,426.8,10,2,4238.37,2379.85,1810.18,69335.1,consumo,sim,solteiro,superior,estudante,sul,0
816,65,3491.54,17766.94,30,12.22,449,732.73,10,4,15350.84,6849.44,2448.83,183950.75,educacao,nao,divorciado,fundamental,estudante,centro_oeste,0
817,20,7138.82,23414.31,34,7.64,556,704.77,2,2,25843.08,3462.49,3898.68,98026.96,outros,sim,casado,medio,temporario,sudeste,1
818,24,4292.35,22996.51,45,7.77,793,2269.29,14,0,19542.4,6134.0,-618.39,202506.29,casa,sim,divorciado,medio,estudante,norte,0
819,55,3662.73,9010.77,61,22.46,815,939.54,14,3,12850.09,2247.8,-758.58,106087.11,educacao,nao,casado,medio,estudante,sudeste,0
820,74,4479.68,46930.23,48,8.5,479,1004.11,1,3,18002.34,6932.61,2083.38,189227.77,educacao,nao,solteiro,pos,autonomo,norte,0
821,19,6164.0,3204.89,71,15.62,814,411.42,7,1,8582.89,6068.98,1904.89,147774.48,veiculo,nao,viuvo,superior,autonomo,nordeste,1
822,55,4390.64,2958.32,50,27.29,811,333.08,15,2,2594.85,2389.01,2598.12,58566.23,casa,sim,divorciado,fundamental,temporario,sul,0
823,25,3905.9,19491.58,32,22.21,771,688.98,4,0,14437.06,8421.77,2984.38,126841.23,casa,nao,divorciado,medio,estudante,sudeste,1
824,55,4442.1,30727.12,43,17.13,751,492.15,9,0,2041.01,4942.61,338.13,58965.15,consumo,nao,casado,fundamental,estudante,sul,0
825,53,2510.66,10674.22,47,16.68,450,979.5,14,1,34287.99,2368.84,3252.32,43976.96,consumo,sim,solteiro,pos,autonomo,norte,1
826,23,5514.66,26760.33,63,8.02,468,611.62,14,0,15667.26,5316.77,2066.22,70225.01,negocios,sim,viuvo,fundamental,clt,nordeste,0
827,56,1583.89,35386.12,22,14.71,665,593.36,6,1,30882.89,4030.26,2067.94,65271.02,casa,nao,divorciado,medio,temporario,sul,0
828,69,4000.58,6779.76,22,7.48,461,1682.29,12,3,33312.57,8295.72,2832.48,109243.52,casa,nao,divorciado,pos,temporario,centro_oeste,0
829,67,6166.89,47291.22,19,6.01,520,2365.69,16,1,15727.97,3133.78,2974.55,140153.92,negocios,nao,viuvo,superior,estudante,nordeste,0
830,19,5345.49,17819.88,9,6.62,810,208.96,8,0,14712.54,8033.64,3011.8,212833.78,educacao,nao,solteiro,pos,autonomo,sudeste,1
831,32,5862.58,31729.9,50,18.56,784,1816.89,17,3,31269.88,6810.27,4678.75,103217.46,outros,nao,solteiro,medio,autonomo,sudeste,0
832,31,4682.92,7537.75,69,8.65,521,1709.34,13,4,1213.87,6279.08,2096.1,167413.24,casa,sim,divorciado,medio,clt,sudeste,0
833,43,6905.54,34781.63,46,7.58,635,1537.33,11,2,17052.12,2062.58,5540.09,108029.14,consumo,nao,viuvo,medio,clt,sudeste,0
834,26,6464.46,40740.76,10,24.81,635,1786.13,12,1,9401.51,1232.15,5582.04,95437.26,educacao,sim,casado,superior,autonomo,sudeste,0
835,66,5603.05,7290.47,30,6.93,525,1360.18,3,4,26346.55,7847.72,815.84,90712.07,educacao,nao,solteiro,pos,autonomo,norte,1
836,62,6469.58,8226.77,65,20.94,514,2330.45,0,1,29285.3,5349.61,5073.77,192653.1,educacao,sim,viuvo,superior,estudante,norte,1
837,64,6150.76,15287.66,9,14.01,594,547.08,14,0,21700.07,8704.98,1483.35,32164.58,casa,sim,solteiro,pos,estudante,nordeste,0
838,29,4008.97,3043.08,46,17.9,660,1278.64,12,3,14242.7,4889.35,5799.54,63841.64,negocios,nao,casado,fundamental,temporario,sul,0
839,18,2380.98,47365.33,35,4.56,741,1695.05,16,3,19425.0,5526.76,5433.74,158595.69,outros,sim,casado,pos,clt,centro_oeste,0
840,69,5556.65,29726.48,66,4.0,756,2288.18,9,1,20094.99,8975.42,1628.12,65072.48,consumo,nao,solteiro,medio,temporario,norte,0
841,34,5782.96,30145.32,39,23.61,428,1310.85,6,1,22229.7,6585.08,925.69,486.99,casa,sim,viuvo,fundamental,clt,norte,0
842,55,6762.85,46132.78,43,15.41,682,2446.63,15,0,32276.76,3560.26,3550.99,47678.38,consumo,nao,casado,fundamental,temporario,norte,0
843,69,3114.62,40357.33,53,5.71,666,1703.04,16,2,8719.31,7536.26,1066.95,6465.12,veiculo,sim,divorciado,medio,autonomo,centro_oeste,0
844,20,3168.42,39548.05,60,12.24,438,1802.17,14,2,7055.01,3011.7,3350.88,64322.26,veiculo,nao,solteiro,medio,autonomo,nordeste,1
845,18,5627.82,17947.36,40,16.15,753,2078.24,14,1,6657.89,4963.14,1486.44,71878.11,outros,nao,viuvo,fundamental,autonomo,sudeste,0
846,18,4671.9,17736.28,53,7.25,658,1882.69,3,2,24403.83,2522.56,2114.65,209710.41,outros,nao,casado,medio,estudante,sudeste,0
847,26,1405.63,15774.08,59,17.11,707,1392.49,15,3,31671.11,8954.8,1154.0,177758.59,outros,sim,solteiro,medio,clt,sul,0
848,20,5475.19,18274.66,40,16.69,684,1972.47,0,2,11437.63,8443.45,4414.25,26908.13,outros,nao,divorciado,fundamental,temporario,sudeste,0
849,64,1465.64,19312.65,53,18.47,553,262.9,13,3,14723.59,7927.84,2890.72,27025.71,negocios,nao,divorciado,medio,autonomo,sul,0
850,52,3098.54,8870.17,29,23.45,500,2344.02,3,2,33886.56,3909.71,3529.34,219338.63,outros,sim,divorciado,pos,autonomo,nordeste,0
851,73,7233.03,18695.63,29,13.91,571,2089.71,0,2,5084.82,6692.48,4603.23,147737.23,educacao,sim,viuvo,pos,temporario,nordeste,0
852,63,8084.78,22826.99,6,25.33,724,1659.37,13,3,30784.42,2716.65,4410.63,137609.8,educacao,nao,casado,superior,clt,sudeste,0
853,72,2611.82,16575.3,50,15.39,674,339.51,6,0,33574.98,3815.0,2174.31,129467.87,outros,nao,casado,medio,clt,sul,1
854,31,4207.1,10023.29,22,14.97,670,864.22,15,4,27982.67,7338.53,182.83,32936.13,educacao,sim,solteiro,fundamental,clt,sul,1
855,34,4876.72,19490.17,59,19.74,472,768.42,5,3,11774.21,979.47,1034.52,58162.63,veiculo,sim,viuvo,pos,clt,sul,0
856,66,8006.21,24381.3,68,18.82,423,776.3,12,1,22875.34,920.75,2505.87,95122.59,casa,sim,casado,fundamental,estudante,nordeste,0
857,31,3912.84,35293.14,63,4.27,687,1739.28,11,1,10199.69,6119.16,62.34,98198.14,consumo,sim,viuvo,fundamental,clt,centro_oeste,1
858,21,3941.61,34861.32,24,27.58,800,2212.64,14,3,4229.28,7084.08,4290.42,213569.46,veiculo,sim,divorciado,fundamental,temporario,sul,0
859,56,7587.71,11722.62,49,26.62,563,1761.38,15,0,3758.05,3760.11,-10.99,9628.55,outros,nao,viuvo,pos,temporario,nordeste,0
860,63,4125.38,4167.82,55,10.75,598,1081.92,10,0,327.02,6234.75,814.58,3234.42,casa,nao,divorciado,medio,autonomo,norte,0
861,73,6099.96,16322.88,39,17.41,803,2428.63,6,3,34242.47,8175.33,3135.37,201275.52,negocios,sim,viuvo,medio,estudante,norte,0
862,70,2141.14,9649.7,39,22.49,512,2181.19,9,2,22927.83,1349.87,3642.03,193062.58,negocios,nao,viuvo,fundamental,clt,centro_oeste,0
863,24,4491.78,20508.38,34,26.09,628,1770.17,10,0,11243.3,7559.39,1278.21,63709.5,educacao,nao,solteiro,medio,clt,sul,1
864,62,1812.73,47060.25,26,18.06,454,1102.12,17,1,20267.75,5444.79,4094.44,70691.52,outros,nao,solteiro,fundamental,estudante,centro_oeste,1
865,66,2900.22,10738.75,43,4.45,525,1766.48,3,3,21667.59,4090.02,5235.42,130247.55,veiculo,nao,solteiro,pos,clt,sul,0
866,57,6310.56,17008.76,71,20.34,569,1126.55,1,2,6402.51,939.55,-517.7,44449.78,consumo,sim,divorciado,medio,autonomo,sudeste,0
867,64,4710.17,35492.7,20,6.23,694,540.03,8,2,10110.39,3764.64,5344.01,192603.72,consumo,sim,solteiro,fundamental,temporario,norte,1
868,65,4225.61,25667.82,9,20.11,543,1615.7,7,0,19154.72,7248.06,2396.99,59302.66,educacao,sim,solteiro,superior,estudante,norte,0
869,43,3452.25,4498.73,9,18.1,604,1799.6,16,3,29392.81,5106.7,1700.9,13182.54,outros,nao,solteiro,fundamental,temporario,centro_oeste,0
870,20,4402.82,9856.9,44,19.38,539,990.38,5,0,4535.6,1998.62,4407.51,117203.66,educacao,sim,viuvo,pos,temporario,sudeste,0
871,44,5342.0,45053.85,23,8.54,476,2335.99,2,1,30041.75,2473.88,4315.79,161356.73,casa,nao,casado,pos,autonomo,nordeste,0
872,29,6569.25,7194.01,36,15.85,737,2161.88,2,1,21314.51,7704.77,3523.75,210372.76,veiculo,sim,divorciado,fundamental,estudante,sudeste,0
873,24,1200.0,31396.72,68,18.83,689,1532.22,16,2,17138.08,4179.71,1386.34,137473.04,veiculo,sim,casado,medio,clt,nordeste,1
874,25,3302.83,38550.82,11,11.21,678,319.75,10,1,5037.91,1311.64,284.69,22408.33,educacao,nao,casado,fundamental,clt,sul,1
875,57,5086.37,14577.48,17,8.36,653,219.94,17,4,19246.63,8773.32,1010.81,145714.52,educacao,sim,solteiro,pos,estudante,centro_oeste,1
876,46,4622.05,35491.05,20,9.34,473,1664.54,4,1,12377.11,2654.43,2671.62,20355.0,educacao,sim,divorciado,fundamental,temporario,norte,0
877,48,5526.08,10230.23,36,24.59,626,2068.03,1,0,6613.85,7270.14,2599.0,42722.26,negocios,nao,divorciado,medio,temporario,nordeste,0
878,60,5281.57,15456.14,51,15.15,703,1340.82,8,2,30799.07,608.82,5406.79,65255.48,educacao,nao,viuvo,medio,estudante,sudeste,0
879,49,4251.24,16687.9,18,19.87,617,234.49,3,0,16120.04,2680.26,1762.02,12203.96,consumo,sim,viuvo,medio,temporario,sudeste,0
880,53,3851.66,47837.79,13,16.36,709,516.0,2,1,2791.46,3365.54,3399.75,80493.66,veiculo,sim,solteiro,fundamental,autonomo,centro_oeste,0
881,22,4358.1,12263.04,11,24.02,551,670.09,15,2,10574.85,7805.11,3348.36,168744.6,educacao,nao,divorciado,fundamental,clt,norte,0
882,66,6867.74,8378.94,58,16.2,625,1636.39,7,3,6352.67,6857.56,3907.15,11820.33,educacao,sim,casado,fundamental,temporario,sul,0
883,43,3482.39,44618.96,7,6.24,572,1307.66,1,3,32873.58,3118.18,5933.38,109087.25,outros,nao,divorciado,superior,temporario,nordeste,0
884,26,4686.95,9867.85,47,8.75,818,417.12,3,1,8507.17,7193.6,4455.82,49786.43,outros,sim,casado,pos,autonomo,centro_oeste,0
885,64,5130.02,42507.24,44,4.32,491,1343.88,6,4,17723.88,7385.51,-1490.72,124603.32,consumo,sim,casado,pos,autonomo,centro_oeste,0
886,59,7608.63,32095.78,12,23.96,533,2197.22,16,0,26093.29,4852.18,4530.54,108318.76,consumo,sim,solteiro,superior,temporario,sul,0
887,21,4259.45,28747.2,42,19.92,692,1198.75,11,1,5547.88,4817.04,5999.15,36528.02,veiculo,nao,casado,fundamental,clt,sudeste,0
888,29,6525.85,36685.91,24,22.22,443,527.45,9,1,15312.07,4830.94,-1504.24,187577.64,outros,nao,solteiro,pos,temporario,sul,0
889,18,7017.56,35532.95,39,21.16,625,1520.98,10,0,22864.85,1922.87,2858.05,110103.44,casa,sim,casado,pos,clt,sul,0
890,33,4685.24,7528.94,15,23.79,431,2336.18,14,2,30868.38,7408.22,2875.38,216847.83,negocios,nao,solteiro,superior,estudante,centro_oeste,1
891,23,4420.71,47975.71,50,27.69,631,448.91,3,0,22893.61,6574.15,2294.32,216631.6,negocios,sim,solteiro,superior,clt,sul,0
892,58,4207.7,45355.98,58,19.68,548,542.87,8,3,2802.93,7719.77,5027.4,55233.35,casa,nao,casado,pos,estudante,norte,0
893,47,4339.52,43294.93,6,10.05,495,1495.08,6,4,11254.65,7433.23,4551.71,194271.05,veiculo,nao,viuvo,medio,autonomo,centro_oeste,0
894,73,6337.63,30814.16,41,6.43,619,968.79,0,3,12282.63,7176.22,-458.05,158301.1,casa,sim,viuvo,medio,estudante,nordeste,0
895,60,5215.82,26287.01,48,18.15,552,2257.7,9,3,13589.57,7133.2,-996.6,95088.53,outros,sim,viuvo,superior,estudante,norte,0
896,52,5223.52,26900.68,6,22.5,451,1833.61,12,1,32956.65,8527.83,-500.63,179327.5,negocios,nao,viuvo,fundamental,temporario,sudeste,0
897,47,2774.6,3179.63,53,17.48,633,521.24,11,3,1249.62,5645.99,5116.43,92488.72,negocios,nao,solteiro,pos,clt,nordeste,0
898,21,3058.52,25225.86,41,11.29,646,2200.07,0,2,10576.08,7537.46,-1032.41,108329.78,veiculo,sim,solteiro,superior,temporario,norte,0
899,22,8658.2,30881.52,26,21.27,684,1670.12,7,2,17235.96,7311.4,3240.15,81798.08,veiculo,sim,viuvo,medio,clt,sul,0
900,53,4479.91,32471.13,37,14.75,780,1325.23,7,2,3023.86,2796.99,3529.57,185587.63,consumo,sim,viuvo,pos,temporario,nordeste,0
901,18,3405.41,17612.35,51,10.88,700,775.19,2,0,16923.83,5308.69,-98.66,199475.25,educacao,nao,divorciado,fundamental,autonomo,nordeste,0
902,20,7375.98,23943.35,48,24.19,738,1687.33,9,4,3749.51,6702.38,-7.72,33278.56,educacao,nao,casado,pos,temporario,sul,1
903,30,5307.26,31452.13,57,17.84,679,2264.49,9,4,29322.38,1379.47,4718.58,129759.53,consumo,sim,casado,superior,autonomo,norte,0
904,68,5840.68,21987.9,8,10.8,688,269.26,14,3,9452.95,5009.94,1476.63,25721.39,negocios,sim,solteiro,fundamental,estudante,nordeste,0
905,44,4551.52,46277.15,57,11.89,737,1050.35,13,2,18305.39,524.14,2095.89,194789.0,casa,nao,viuvo,superior,autonomo,nordeste,0
906,58,4226.39,34597.62,8,17.72,684,2350.73,16,0,21641.12,2542.57,1297.8,48448.09,veiculo,sim,divorciado,pos,autonomo,sudeste,0
907,41,4494.74,2557.96,48,14.15,620,1068.35,7,3,10700.4,4634.15,-371.1,7936.63,negocios,sim,solteiro,fundamental,estudante,sul,0
908,27,2311.07,3559.22,29,7.85,712,263.22,3,4,12296.01,3108.91,1626.43,164038.66,veiculo,nao,casado,superior,temporario,centro_oeste,1
909,39,4641.73,33908.66,10,18.65,806,415.35,9,0,17868.06,7054.26,300.69,146570.48,educacao,nao,viuvo,superior,clt,nordeste,0
910,23,5332.86,21275.35,51,20.54,617,1782.56,11,1,28190.21,5917.93,541.27,90431.33,negocios,nao,casado,medio,clt,norte,0
911,61,8130.83,40695.93,42,4.0,510,1804.28,5,4,15844.22,2774.09,-226.61,136211.9,casa,sim,viuvo,fundamental,estudante,centro_oeste,0
912,28,4954.8,10372.2,49,16.88,580,446.9,8,4,17181.36,645.16,3087.01,169666.88,educacao,nao,casado,medio,clt,sudeste,1
913,39,1200.0,3129.12,30,17.85,425,688.58,16,2,20855.27,2665.06,437.48,37425.11,consumo,nao,viuvo,medio,clt,nordeste,0
914,73,4630.83,20157.75,24,11.97,542,1488.19,13,1,14882.4,4912.13,-507.85,66999.38,outros,nao,divorciado,superior,estudante,sudeste,0
915,51,9731.11,35990.92,47,12.13,774,1772.76,10,1,25412.74,6978.96,4505.71,106823.76,casa,sim,viuvo,superior,clt,norte,1
916,44,6359.46,46713.61,20,11.62,459,543.75,16,2,171.77,5628.63,2691.69,139293.55,negocios,sim,casado,superior,temporario,centro_oeste,0
917,48,3340.4,42706.25,59,14.69,775,1238.81,0,1,16905.69,974.45,4899.31,135009.01,negocios,sim,divorciado,medio,estudante,centro_oeste,0
918,62,5863.99,24525.39,51,23.49,644,1483.92,9,2,32305.57,4465.43,4295.18,108609.75,negocios,sim,casado,pos,autonomo,centro_oeste,0
919,32,3464.38,39483.19,71,15.26,547,295.31,4,0,21556.63,8655.87,1100.19,145519.72,casa,nao,solteiro,medio,estudante,sudeste,0
920,54,2363.15,5700.04,7,27.85,609,699.12,5,0,17023.99,8184.39,2581.03,4621.59,educacao,sim,solteiro,pos,autonomo,sudeste,0
921,67,4172.94,28538.39,44,13.03,771,2311.84,14,0,27020.87,6810.36,5898.56,71179.12,educacao,nao,casado,medio,temporario,sul,0
922,50,4964.75,44555.58,42,20.78,467,2221.56,14,3,13755.03,2912.43,992.59,125937.73,consumo,nao,divorciado,superior,autonomo,sul,0
923,43,1430.12,20535.52,62,17.18,646,928.16,8,4,16353.6,688.42,68.13,67368.18,consumo,sim,divorciado,superior,autonomo,norte,1
924,26,2731.51,46184.58,33,22.29,527,2193.71,9,0,6830.59,4379.12,-527.27,207144.4,educacao,nao,viuvo,fundamental,temporario,sudeste,1
925,32,4818.6,12541.17,67,25.32,636,1647.52,10,4,4347.15,3682.73,5531.42,211999.39,veiculo,sim,viuvo,fundamental,autonomo,nordeste,0
926,71,4065.29,7306.34,21,16.28,734,2457.36,15,0,893.3,6244.71,146.72,81701.13,veiculo,nao,casado,fundamental,clt,nordeste,0
927,48,5510.66,26376.69,62,15.87,788,2421.63,0,0,25602.81,1100.01,5435.45,50936.49,negocios,sim,solteiro,medio,autonomo,sul,0
928,35,2613.6,43779.73,40,26.63,522,1611.3,10,1,16386.65,8348.72,2816.28,49333.33,negocios,nao,divorciado,superior,temporario,norte,0
929,41,6085.4,16663.2,68,26.41,685,1265.39,1,1,32877.36,6754.81,2802.6,97673.29,outros,nao,viuvo,superior,autonomo,centro_oeste,0
930,50,2669.23,38907.29,20,27.93,590,510.09,16,4,6188.56,8753.49,1321.74,210657.78,veiculo,nao,divorciado,fundamental,autonomo,centro_oeste,0
931,48,7756.92,10198.48,23,7.76,621,1410.41,4,0,8539.42,7855.17,1288.4,52025.55,outros,sim,divorciado,fundamental,clt,nordeste,0
932,57,1711.64,36423.45,43,4.09,484,1104.05,0,4,22355.41,4156.94,701.96,72837.29,negocios,sim,casado,superior,temporario,nordeste,1
933,32,2833.4,27844.73,42,14.5,762,1677.81,14,4,1910.92,6131.22,3889.5,123016.73,educacao,nao,viuvo,superior,autonomo,centro_oeste,0
934,55,5551.27,10463.27,15,21.6,487,387.62,13,2,17619.46,7687.85,3962.3,125375.7,consumo,nao,viuvo,fundamental,clt,sudeste,0
935,43,7795.62,35172.97,48,5.75,435,2117.01,16,3,4325.35,2232.94,2343.55,145763.75,veiculo,sim,viuvo,superior,temporario,sudeste,0
936,71,5367.08,34975.9,32,12.97,722,2423.71,6,2,5648.91,581.86,1701.7,160152.29,outros,sim,solteiro,fundamental,autonomo,sudeste,1
937,27,5813.14,25952.3,15,17.96,582,665.72,4,4,17923.5,3114.46,3157.89,174089.47,casa,sim,casado,medio,clt,sudeste,0
938,26,4831.57,12758.78,39,9.1,446,1648.06,12,1,19917.48,4218.37,2032.98,108074.49,casa,sim,solteiro,fundamental,autonomo,centro_oeste,0
939,44,2952.48,8519.37,52,21.55,692,2040.5,17,4,7421.22,5808.85,4628.51,15652.77,outros,sim,divorciado,fundamental,temporario,sul,0
940,46,3917.75,46055.1,8,9.51,534,1466.23,16,2,9493.35,2739.11,-1291.83,148777.15,veiculo,nao,solteiro,pos,temporario,sudeste,0
941,57,2618.56,32339.47,66,24.18,810,2350.21,7,4,9943.77,4257.51,5240.35,130359.79,consumo,nao,viuvo,pos,temporario,centro_oeste,0
942,41,2498.32,39320.49,46,12.36,812,1367.53,11,4,4963.34,6013.77,2291.08,47098.45,outros,sim,viuvo,superior,estudante,sul,0
943,70,5523.15,34212.16,23,18.37,640,807.67,14,4,33800.23,7507.6,2171.88,187850.96,consumo,nao,viuvo,fundamental,autonomo,nordeste,1
944,45,2778.28,40241.05,55,17.06,610,1274.11,13,3,24227.0,2428.95,1249.62,163131.65,casa,nao,solteiro,medio,temporario,nordeste,1
945,25,5375.2,9893.33,61,11.11,597,1311.85,10,2,3879.46,7299.18,2351.81,92819.93,veiculo,nao,divorciado,medio,temporario,centro_oeste,0
946,24,2456.72,25111.24,69,14.54,662,768.61,2,3,12500.61,8483.2,-81.45,213131.4,veiculo,sim,viuvo,medio,estudante,norte,0
947,73,5333.49,32854.18,58,24.3,783,2005.73,11,1,6041.1,3981.28,2079.09,148895.65,outros,sim,casado,fundamental,estudante,sudeste,0
948,25,3920.37,7204.24,19,17.16,676,1613.17,3,1,8203.51,5191.9,1306.16,204589.18,casa,sim,solteiro,fundamental,estudante,sul,0
949,72,7331.91,9323.04,16,5.33,459,1039.25,8,3,32881.72,584.86,493.12,160313.65,veiculo,nao,viuvo,pos,estudante,sudeste,0
950,33,5382.69,31346.21,19,21.11,498,1158.24,10,3,4786.35,6536.78,-144.89,156314.21,casa,nao,casado,pos,clt,sul,0
951,23,7024.41,42026.11,63,8.38,671,1042.35,0,1,30793.41,7912.11,4909.66,47939.17,educacao,nao,viuvo,fundamental,temporario,sul,0
952,35,3439.84,32548.94,26,15.67,567,1219.12,7,4,29464.23,669.89,4831.36,92213.87,veiculo,sim,divorciado,medio,temporario,nordeste,0
953,53,4901.06,4147.32,27,15.24,611,1405.18,5,3,26028.39,7671.17,1983.92,139907.26,outros,sim,casado,fundamental,autonomo,centro_oeste,0
954,42,3034.04,46654.7,64,15.68,580,947.75,2,4,17385.27,1766.69,5.4,182216.27,negocios,sim,viuvo,fundamental,temporario,centro_oeste,1
955,62,4055.51,8847.56,19,4.74,658,2078.12,11,2,9042.87,7657.84,1712.93,200466.04,outros,sim,viuvo,superior,estudante,nordeste,0
956,52,4328.21,13081.58,32,10.54,512,2333.81,13,2,29084.3,5106.19,5420.0,17994.48,negocios,sim,solteiro,medio,temporario,centro_oeste,0
957,40,3493.46,46861.01,25,5.22,449,1392.9,16,3,29192.62,3646.35,4279.3,157258.45,educacao,nao,casado,superior,estudante,nordeste,1
958,54,2612.09,37582.0,25,13.96,513,1830.36,12,0,18386.06,8500.73,4498.97,58526.48,casa,nao,divorciado,fundamental,estudante,norte,0
959,73,2255.67,45114.24,45,18.91,687,2338.85,3,1,1666.47,5705.04,3681.39,156187.86,educacao,nao,viuvo,superior,clt,nordeste,0
960,41,1200.0,39201.2,54,19.7,663,625.3,1,4,6753.64,828.57,3847.29,69830.2,educacao,nao,viuvo,medio,temporario,norte,0
961,26,2898.58,32153.92,23,5.55,743,620.16,14,3,1962.92,7011.0,-632.9,125604.04,veiculo,nao,solteiro,fundamental,estudante,sul,0
962,41,5929.49,15447.16,8,6.85,463,348.46,0,2,6294.33,2050.39,905.4,115887.19,educacao,sim,viuvo,pos,temporario,centro_oeste,0
963,65,1922.7,17373.11,48,19.88,476,1205.68,6,0,17794.74,8347.84,4689.3,191852.27,outros,nao,casado,medio,clt,centro_oeste,0
964,30,2337.38,45600.83,42,16.75,471,948.26,6,0,29896.07,1914.88,-417.27,143846.26,consumo,nao,viuvo,superior,clt,nordeste,0
965,72,8023.62,41658.47,49,24.0,645,1480.44,3,2,22863.29,4645.09,-1213.75,53453.7,outros,sim,solteiro,superior,autonomo,nordeste,0
966,51,3654.31,18856.82,35,8.92,649,1226.48,11,0,21031.6,4941.91,4801.99,138366.15,veiculo,nao,viuvo,fundamental,clt,sul,0
967,52,5377.88,19483.67,57,6.89,483,621.25,13,0,26178.37,5292.13,4289.88,140976.4,consumo,nao,divorciado,medio,clt,nordeste,1
968,36,5956.17,16045.09,47,12.69,599,1087.54,16,2,22396.9,5033.0,-566.58,80150.02,veiculo,nao,casado,medio,clt,sudeste,0
969,70,5992.55,17338.92,56,19.29,440,247.04,8,4,15519.95,4231.89,2319.34,57814.2,consumo,nao,casado,pos,autonomo,sudeste,0
970,20,2059.83,41660.37,54,15.66,664,1426.73,7,4,28537.72,6559.07,-1474.74,200121.38,consumo,nao,solteiro,medio,clt,nordeste,1
971,35,4384.09,2978.06,38,6.37,647,808.86,3,2,10856.46,1822.26,-641.54,33867.47,educacao,nao,viuvo,superior,clt,centro_oeste,1
972,41,1887.19,22340.39,27,5.71,430,440.67,1,4,32484.02,7191.8,206.66,31175.32,consumo,nao,casado,fundamental,temporario,nordeste,0
973,45,9203.37,45399.21,44,20.26,455,332.79,15,3,4066.67,818.33,3691.25,129610.71,veiculo,sim,divorciado,fundamental,clt,sudeste,1
974,45,1929.22,27189.95,48,11.13,701,1837.52,15,4,22318.8,7657.81,578.53,67843.51,veiculo,sim,solteiro,medio,clt,sul,1
975,26,2913.89,22995.28,43,20.07,779,753.83,17,1,17518.07,6873.55,4521.74,110930.47,outros,sim,casado,fundamental,autonomo,sul,1
976,30,2926.92,16712.83,40,11.08,759,1708.41,2,2,14901.66,7260.9,-1616.36,58910.61,negocios,sim,viuvo,medio,clt,nordeste,1
977,23,2106.01,5863.02,28,11.56,646,2071.98,7,4,15040.07,3023.9,-1766.27,80980.21,educacao,sim,solteiro,medio,clt,sul,1
978,50,7234.67,12714.13,14,9.04,629,1339.97,11,4,1477.26,7722.52,538.41,89805.63,educacao,nao,casado,fundamental,temporario,norte,0
979,37,9160.41,6615.86,34,27.61,743,488.68,15,4,26302.98,6374.84,3901.4,123644.45,educacao,sim,divorciado,pos,estudante,sudeste,1
980,50,3943.65,8264.82,64,4.39,756,1605.75,7,0,12332.15,8732.6,5622.01,17332.16,consumo,sim,casado,medio,estudante,centro_oeste,1
981,51,2423.24,9940.0,53,7.05,782,346.13,2,3,16682.27,670.09,660.45,95082.36,negocios,sim,divorciado,fundamental,clt,norte,1
982,58,1200.0,16242.34,55,24.07,579,2075.77,16,0,29665.79,7219.44,2543.92,151208.07,negocios,sim,viuvo,medio,clt,centro_oeste,1
983,49,4360.6,3001.26,54,7.32,610,1946.77,1,1,20198.8,5798.07,-1477.48,156016.74,educacao,nao,casado,pos,clt,centro_oeste,0
984,54,4230.54,45731.55,66,10.74,451,1112.83,12,0,29800.28,8906.82,-1790.16,59603.05,veiculo,nao,casado,pos,temporario,centro_oeste,0
985,51,3627.67,8133.77,20,10.31,490,804.3,6,3,4797.78,4265.85,-1677.08,119563.31,veiculo,nao,solteiro,medio,estudante,norte,0
986,55,5198.48,19933.27,53,20.73,571,1826.17,0,3,9863.61,2877.07,-1040.85,84525.14,outros,nao,casado,superior,clt,sul,0
987,53,5511.31,42518.5,10,13.87,743,1495.93,9,0,7977.63,7977.84,5019.92,8100.31,educacao,nao,viuvo,fundamental,estudante,nordeste,0
988,36,5381.55,7348.84,22,24.17,598,516.61,6,4,31021.7,3268.4,3202.87,95006.24,negocios,sim,casado,fundamental,estudante,sul,0
989,32,4230.98,24503.99,7,21.94,654,1941.31,7,4,27354.5,6473.7,5206.83,148194.33,veiculo,sim,divorciado,superior,estudante,centro_oeste,0
990,62,2817.08,40937.65,34,16.75,766,954.82,3,4,29193.53,3320.71,4712.2,207993.54,outros,sim,viuvo,superior,autonomo,sudeste,0
991,37,5998.5,27841.8,15,9.98,610,2253.73,12,2,19903.92,8538.64,4167.72,24671.36,veiculo,sim,solteiro,fundamental,autonomo,sul,0
992,49,4822.52,12070.63,31,23.02,553,2104.37,5,4,7726.21,4971.85,958.89,94036.61,casa,sim,casado,fundamental,temporario,sul,0
993,29,6399.04,35965.68,14,24.78,712,819.89,2,4,13194.94,3218.22,-754.68,207054.32,consumo,sim,viuvo,medio,estudante,sudeste,0
994,42,6222.14,33501.02,8,24.07,546,772.19,7,2,19260.53,7490.56,-993.76,103281.91,outros,sim,casado,fundamental,autonomo,norte,0
995,48,2240.83,18979.46,37,5.24,575,1103.1,3,1,664.25,1031.03,-1604.9,196616.97,casa,sim,casado,medio,autonomo,sul,0
996,53,2218.4,4606.43,33,20.75,775,2046.4,9,3,22387.48,1296.94,-413.36,150074.96,casa,sim,solteiro,superior,estudante,nordeste,1
997,48,3440.03,2857.84,33,20.89,594,483.12,9,0,29920.43,7612.09,-1650.72,190519.24,casa,nao,solteiro,fundamental,estudante,norte,0
998,38,2898.72,40055.38,28,26.63,520,913.24,14,1,11397.24,3249.02,3564.87,166823.59,veiculo,sim,divorciado,fundamental,autonomo,norte,0
999,72,6159.45,17130.86,33,10.32,753,1709.13,17,0,23792.63,2000.72,1233.0,15885.66,outros,nao,viuvo,superior,estudante,sul,1
1000,47,5432.36,8768.53,6,22.87,676,257.7,1,3,16924.72,5490.81,2319.62,167751.72,consumo,nao,divorciado,superior,estudante,norte,0
1001,64,6778.53,26094.08,37,20.54,727,309.69,0,0,139.21,2663.91,1935.01,28127.92,outros,sim,divorciado,superior,temporario,sudeste,0
1002,59,5513.68,44397.91,61,25.09,550,1948.24,7,3,9939.73,8891.06,410.77,164690.68,outros,nao,casado,medio,autonomo,centro_oeste,0
1003,49,5175.57,2885.88,15,20.64,732,1391.84,1,2,18475.11,7475.11,-906.66,92190.98,casa,sim,divorciado,fundamental,estudante,sudeste,0
1004,68,6959.51,5054.53,15,24.46,800,1473.64,15,2,25371.8,8057.99,2429.9,150647.66,outros,sim,divorciado,fundamental,temporario,sul,1
1005,25,5645.51,21475.54,57,12.63,485,757.36,14,3,14071.18,7585.48,4937.21,13316.28,educacao,sim,solteiro,superior,autonomo,norte,0
1006,70,4922.58,33256.45,39,7.78,495,1413.74,7,0,6518.59,8029.82,4047.68,25082.53,veiculo,sim,casado,superior,clt,centro_oeste,0
1007,66,7464.82,24162.57,22,12.72,645,1444.41,17,4,2136.74,3372.82,5465.48,23448.13,casa,sim,divorciado,pos,temporario,nordeste,0
1008,46,5007.33,43338.45,57,23.56,709,1139.95,9,1,25014.22,6224.0,976.63,82613.57,educacao,sim,solteiro,superior,clt,sudeste,1
1009,59,4252.19,4505.85,27,7.16,420,2417.46,9,4,12776.45,8209.35,4796.5,37324.23,educacao,sim,divorciado,pos,autonomo,sul,0
1010,47,3291.92,17976.41,45,19.31,640,294.29,14,4,22648.65,6330.58,3836.01,1739.28,casa,nao,solteiro,pos,temporario,nordeste,0
1011,33,6065.45,18486.33,42,27.7,470,1142.63,9,2,7761.31,8975.82,5555.43,193410.23,educacao,nao,casado,medio,estudante,nordeste,1
1012,63,7026.69,17975.79,17,25.48,811,2169.37,12,2,26413.99,7857.04,444.56,165362.84,outros,nao,solteiro,fundamental,autonomo,norte,0
1013,32,4708.94,24689.71,55,20.11,710,658.55,4,4,12053.52,1102.97,4468.32,125064.72,consumo,nao,casado,fundamental,estudante,nordeste,0
1014,35,7154.25,38471.26,46,23.02,817,2349.19,9,2,1832.9,4764.16,2163.63,159329.46,outros,nao,casado,pos,clt,sudeste,0
1015,47,1253.97,16963.66,19,6.8,507,1167.14,14,1,17858.17,2842.09,1606.57,66522.39,consumo,sim,solteiro,medio,temporario,sul,0
1016,65,4700.18,36373.99,56,15.97,737,543.31,17,4,25600.63,7937.97,1832.89,155233.53,veiculo,nao,viuvo,medio,clt,centro_oeste,0
1017,39,4727.83,9164.18,46,16.77,572,395.99,3,2,32637.4,8466.6,1574.15,114401.09,consumo,nao,viuvo,medio,temporario,centro_oeste,0
1018,46,3491.41,28012.98,62,22.78,461,938.8,0,1,33980.02,5316.25,5041.12,19544.63,educacao,sim,casado,pos,autonomo,nordeste,0
1019,20,9090.95,19566.51,60,10.78,612,2313.76,10,0,15974.69,994.19,5566.42,146215.66,consumo,sim,divorciado,fundamental,autonomo,nordeste,1
1020,24,4680.85,27034.09,27,6.56,607,2358.7,0,1,21415.57,3446.78,3371.34,218572.66,negocios,sim,divorciado,fundamental,temporario,sul,0
1021,21,4066.08,7402.61,67,20.75,620,1486.77,12,1,19502.73,2102.89,-296.33,56329.84,casa,nao,casado,superior,clt,centro_oeste,0
1022,22,4846.73,45882.56,8,15.82,761,454.2,7,3,18673.96,4998.83,1479.99,1001.08,veiculo,sim,viuvo,pos,clt,norte,0
1023,67,1200.0,43732.74,28,24.22,531,1239.29,14,2,4008.87,8871.14,973.62,165159.04,outros,nao,viuvo,superior,estudante,sul,0
1024,65,3432.24,40101.03,46,15.56,675,1149.2,2,1,23480.28,3417.72,3433.69,61342.88,veiculo,sim,divorciado,pos,estudante,norte,0
1025,64,6569.83,43121.62,41,24.31,499,716.08,0,4,33784.46,6738.78,-1251.31,89147.87,veiculo,sim,divorciado,superior,temporario,norte,0
1026,21,3667.9,9174.3,20,16.19,771,356.4,3,2,4438.1,7563.96,3302.2,1709.72,negocios,sim,viuvo,medio,autonomo,nordeste,1
1027,22,3308.02,25419.34,19,22.78,603,1065.25,1,2,10914.91,7556.48,1841.09,14186.64,veiculo,nao,viuvo,fundamental,autonomo,sul,1
1028,33,7157.15,16964.87,57,21.3,739,1042.7,2,3,2696.75,1770.98,236.15,155964.87,veiculo,sim,casado,fundamental,estudante,sudeste,0
1029,50,7212.46,42876.06,63,10.39,527,1813.23,13,1,14097.4,2518.28,-1304.51,212101.69,educacao,sim,viuvo,pos,estudante,nordeste,0
1030,37,5730.58,11119.41,50,11.43,545,1094.61,12,2,16858.52,2397.86,-1386.78,129915.55,negocios,nao,divorciado,superior,autonomo,sudeste,0
1031,45,3980.79,12507.51,40,25.58,813,210.47,11,3,12530.63,3026.87,5159.0,185315.03,educacao,sim,viuvo,pos,autonomo,sul,0
1032,27,4368.95,33745.51,57,9.54,498,226.44,7,1,16680.38,897.85,2698.47,45276.8,outros,sim,divorciado,fundamental,temporario,centro_oeste,0
1033,59,3352.53,6544.93,21,20.74,644,1775.04,4,2,28103.84,5084.73,2502.32,14875.51,educacao,nao,viuvo,fundamental,autonomo,sul,1
1034,35,3009.41,35822.71,69,7.48,549,1713.02,15,0,7487.33,6797.91,-1663.49,76349.66,educacao,sim,solteiro,medio,temporario,sudeste,0
1035,21,2920.05,14699.79,14,22.12,576,552.02,15,3,26529.01,2716.95,4213.75,45800.58,outros,sim,viuvo,superior,estudante,sul,0
1036,60,3687.5,32572.56,44,9.36,698,2189.64,4,4,27765.08,5938.55,-157.11,135663.6,consumo,sim,casado,pos,autonomo,sudeste,0
1037,69,2937.5,42223.22,28,18.26,732,1717.28,16,3,20339.66,5137.48,1190.55,210389.16,negocios,nao,solteiro,superior,estudante,norte,0
1038,18,1985.33,30237.32,65,17.54,612,537.41,11,2,11036.24,1342.94,3243.51,50868.32,negocios,sim,divorciado,pos,autonomo,norte,0
1039,42,5194.92,12177.11,22,8.88,675,847.26,6,4,32777.53,2538.12,-750.68,198394.47,veiculo,nao,divorciado,pos,estudante,norte,1
1040,65,5222.27,4737.03,48,15.79,437,2438.9,3,4,12736.62,2552.62,4414.22,118177.78,consumo,sim,solteiro,pos,clt,nordeste,0
1041,58,7861.43,4529.94,16,25.1,513,1125.97,10,2,1747.24,4653.77,4715.24,22451.21,casa,sim,solteiro,medio,autonomo,sul,0
1042,66,3596.99,6540.94,17,20.33,716,729.31,0,3,4763.07,5836.74,2252.05,117918.9,outros,sim,divorciado,pos,estudante,sudeste,0
1043,41,5332.98,28881.72,33,27.82,686,1395.98,5,4,31205.65,3061.68,1050.25,102753.75,outros,nao,viuvo,pos,temporario,sudeste,0
1044,39,5362.88,18343.91,58,22.83,437,656.88,12,1,5249.18,1580.56,164.78,164783.3,educacao,nao,divorciado,superior,estudante,centro_oeste,0
1045,58,4343.09,13561.37,24,19.44,776,2016.78,8,3,15658.79,2788.36,3846.9,164710.7,consumo,sim,casado,fundamental,clt,nordeste,1
1046,26,6139.8,12478.45,51,17.52,583,2022.78,2,1,24219.0,841.59,856.39,141024.83,outros,sim,casado,superior,autonomo,sul,0
1047,31,6195.41,45660.46,43,26.5,541,2037.96,2,0,20077.56,6863.66,4514.29,146925.2,casa,sim,divorciado,superior,estudante,norte,0
1048,52,5389.34,7906.15,70,16.65,604,1612.06,12,2,22868.01,6444.14,3913.06,133605.74,consumo,nao,casado,superior,autonomo,norte,0
1049,56,4339.85,16369.06,25,13.66,577,1790.18,15,2,12208.51,6200.62,952.84,52089.68,negocios,nao,divorciado,fundamental,autonomo,norte,0
1050,24,4156.45,23952.22,22,24.03,621,925.66,12,3,23178.26,5751.13,-14.7,203618.65,veiculo,nao,viuvo,medio,autonomo,norte,0
1051,46,2338.04,2520.45,65,26.57,485,2219.02,2,0,318.0,3030.4,990.38,46593.71,veiculo,sim,viuvo,superior,estudante,nordeste,0
1052,38,3349.35,44403.37,27,15.49,475,514.46,12,2,9213.76,1481.61,869.9,130933.6,consumo,nao,viuvo,fundamental,autonomo,nordeste,0
1053,46,3680.39,7008.99,20,7.29,815,770.41,4,3,4325.99,5591.63,5661.92,170229.69,outros,sim,divorciado,superior,clt,sudeste,0
1054,72,2776.85,33552.41,60,18.6,719,2483.03,10,3,15934.2,6726.89,3093.06,18409.59,consumo,sim,casado,superior,clt,sudeste,0
1055,22,5591.86,31113.38,59,21.78,564,2408.12,10,4,5103.81,7392.17,3328.94,99038.23,negocios,nao,solteiro,superior,estudante,sul,0
1056,74,6953.93,39312.41,10,12.97,759,1357.68,15,3,19157.99,6675.51,411.78,6573.78,educacao,sim,casado,pos,temporario,sul,0
1057,43,3165.49,32138.14,62,21.95,738,1337.93,14,2,6323.28,6098.65,1041.44,49768.11,educacao,nao,casado,medio,estudante,norte,1
1058,62,5310.19,37507.13,47,16.75,699,451.02,1,1,14499.26,7507.35,1836.09,139954.49,outros,sim,casado,fundamental,estudante,sul,0
1059,42,2938.6,21666.81,24,11.23,708,1710.39,0,4,2597.75,6975.09,5818.36,200940.46,negocios,nao,viuvo,fundamental,autonomo,sudeste,0
1060,35,4251.14,24736.05,41,19.11,800,252.0,16,4,15399.31,8531.66,3407.14,66932.74,educacao,nao,divorciado,fundamental,autonomo,sul,0
1061,61,3557.41,34425.63,21,13.33,753,909.28,5,0,28279.41,551.4,-598.39,183677.54,casa,nao,solteiro,medio,clt,centro_oeste,0
1062,57,5883.41,28363.42,17,22.88,523,1150.67,1,2,11091.54,1746.69,5929.39,115469.05,veiculo,sim,solteiro,pos,temporario,sul,0
1063,26,3578.18,25775.0,14,4.07,710,2254.05,3,3,24721.09,5427.89,300.5,167386.05,consumo,sim,solteiro,pos,clt,nordeste,0
1064,58,6620.99,11852.91,16,23.64,484,2426.81,8,3,14909.51,3909.0,3049.49,178224.97,consumo,sim,casado,fundamental,clt,sul,0
1065,60,4357.7,14243.93,44,11.36,621,2439.68,15,4,8197.41,3394.3,5026.27,139903.27,educacao,nao,viuvo,superior,estudante,centro_oeste,0
1066,40,3630.71,18811.62,59,27.03,446,2033.3,16,1,10621.75,6840.22,3002.93,92999.94,negocios,nao,solteiro,superior,temporario,sudeste,0
1067,70,2544.05,2922.44,38,22.22,487,852.79,11,4,10590.24,5052.91,5422.19,128499.07,veiculo,sim,divorciado,fundamental,temporario,nordeste,0
1068,54,5255.77,21490.04,7,9.78,708,285.21,4,1,25983.26,4975.14,4815.14,152057.67,consumo,sim,solteiro,superior,autonomo,centro_oeste,0
1069,37,6411.39,2625.97,34,27.49,568,1167.43,12,0,7032.76,923.6,-1526.95,189449.24,negocios,sim,solteiro,fundamental,temporario,centro_oeste,0
1070,18,5291.98,28208.2,55,15.99,484,869.96,15,3,34222.0,4421.02,3557.16,120636.29,consumo,sim,solteiro,fundamental,clt,sudeste,0
1071,56,8829.9,34533.31,61,16.55,811,1700.04,7,4,24061.95,5668.18,3822.65,192197.67,outros,nao,casado,superior,temporario,centro_oeste,0
1072,29,7373.62,28077.76,54,25.83,795,1040.86,10,1,14040.41,2880.72,1100.05,85508.73,casa,nao,solteiro,superior,clt,nordeste,1
1073,61,4246.45,34055.16,30,26.04,511,2246.55,8,0,34930.14,2531.35,5294.34,167062.35,veiculo,nao,solteiro,superior,temporario,norte,1
1074,47,4227.55,2500.6,48,20.73,659,1047.76,15,4,7566.0,5180.21,4447.18,134118.04,consumo,nao,solteiro,superior,autonomo,sudeste,0
1075,44,5645.45,5204.61,10,27.48,537,1056.95,11,0,26701.89,8251.65,1063.16,17053.84,negocios,sim,viuvo,pos,autonomo,sudeste,0
1076,27,3291.57,34280.04,33,11.89,741,1941.16,0,3,9482.79,1489.17,-59.95,110463.16,casa,nao,casado,fundamental,temporario,sul,0
1077,58,6899.32,39031.96,41,9.58,695,1548.86,15,0,19024.76,3127.46,-141.86,168012.02,educacao,nao,solteiro,pos,temporario,nordeste,0
1078,27,5450.88,35155.42,7,4.7,593,772.27,10,3,1904.75,994.18,-79.8,147905.51,veiculo,sim,solteiro,medio,clt,centro_oeste,0
1079,41,5261.63,32667.06,6,12.31,792,1749.92,7,0,29626.07,3265.76,2795.94,123971.88,consumo,nao,solteiro,medio,clt,sudeste,0
1080,65,6036.52,34685.91,58,18.46,713,1486.15,3,1,12815.32,6406.15,3213.58,174410.86,casa,sim,viuvo,medio,clt,norte,0
1081,70,7901.09,36151.34,20,11.33,480,421.42,12,2,20457.02,3208.71,-638.77,198701.62,outros,nao,casado,superior,estudante,nordeste,0
1082,74,5107.72,35459.18,14,17.91,597,1264.05,0,4,32454.93,3887.27,2478.54,31552.31,outros,sim,solteiro,superior,temporario,centro_oeste,1
1083,72,4596.53,36079.39,45,5.16,751,2311.39,3,3,1058.64,8451.72,152.21,56176.75,consumo,nao,solteiro,medio,temporario,norte,0
1084,49,7515.7,5867.9,24,12.5,635,671.36,12,4,33880.61,3450.19,5301.18,217541.4,casa,nao,viuvo,fundamental,temporario,centro_oeste,0
1085,29,6541.59,5378.86,70,21.95,459,1141.91,4,2,18381.28,5086.19,4879.19,53162.67,veiculo,nao,viuvo,superior,estudante,nordeste,0
1086,65,4222.24,18930.96,68,6.5,729,820.2,13,1,27326.13,8435.82,-898.13,182012.05,negocios,nao,divorciado,pos,autonomo,norte,0
1087,63,4809.34,26505.65,60,21.16,612,1425.66,4,2,16556.57,4822.36,167.84,117064.61,outros,nao,divorciado,pos,autonomo,sul,0
1088,74,5151.69,37199.17,25,22.32,515,2442.26,13,2,28556.77,1946.31,5567.24,84677.23,consumo,nao,viuvo,pos,estudante,norte,1
1089,55,5451.26,17729.21,63,17.65,746,898.86,12,2,30819.56,1716.21,532.07,160014.27,educacao,nao,casado,fundamental,clt,sudeste,0
1090,26,2358.12,15017.83,22,25.27,773,2112.18,13,4,13358.59,8140.61,4563.45,165729.81,veiculo,nao,solteiro,pos,temporario,sul,0
1091,46,2023.53,38055.9,21,26.91,655,2124.85,13,4,25292.13,8027.9,-1406.38,59866.21,consumo,sim,casado,superior,estudante,nordeste,0
1092,43,3202.7,13844.83,70,4.83,706,781.84,14,0,34951.63,2633.74,1224.81,2426.61,educacao,nao,viuvo,superior,estudante,nordeste,1
1093,66,3063.47,39848.28,50,20.3,516,1972.45,6,3,26499.61,5797.27,2995.4,171242.01,consumo,sim,casado,medio,autonomo,nordeste,0
1094,40,3641.12,10559.58,11,9.69,718,2472.44,8,1,33490.79,1915.49,1316.45,151682.31,educacao,sim,solteiro,pos,estudante,sudeste,1
1095,36,5942.48,18856.05,64,13.8,781,2393.33,1,2,25781.6,2467.7,4367.08,26479.8,casa,sim,divorciado,fundamental,autonomo,nordeste,1
1096,22,4495.93,20748.94,16,18.96,515,1585.32,6,4,11546.04,8325.63,5843.38,8114.49,casa,sim,solteiro,pos,temporario,centro_oeste,0
1097,65,5153.51,16127.73,50,21.09,797,532.03,8,4,28950.31,3915.01,2205.55,145332.51,consumo,sim,divorciado,pos,clt,sudeste,0
1098,61,2596.25,2652.74,34,24.16,456,456.87,13,2,23321.93,2272.41,1816.33,132260.37,veiculo,sim,solteiro,pos,autonomo,centro_oeste,0
1099,20,3969.04,13215.67,7,20.93,598,799.02,16,0,1157.38,4955.04,3695.19,167892.11,consumo,nao,solteiro,pos,temporario,sudeste,0
1100,42,5857.06,17863.24,57,22.66,449,1575.05,11,4,6035.19,7733.55,4078.9,192106.74,veiculo,nao,casado,pos,temporario,sudeste,0
1101,45,5870.91,16769.93,51,18.38,598,1076.04,2,4,9144.56,7580.09,-1333.58,146085.09,casa,sim,divorciado,pos,autonomo,sudeste,0
1102,44,3495.77,38242.78,64,6.81,678,1801.73,3,1,26024.73,6127.15,1613.2,139836.49,outros,nao,solteiro,fundamental,autonomo,norte,1
1103,70,5090.99,4655.23,46,4.51,768,2007.65,9,0,27899.64,7414.31,2098.0,114542.66,educacao,nao,solteiro,medio,autonomo,sudeste,1
1104,26,8757.93,20197.17,55,16.71,480,598.58,7,2,28940.99,7126.19,597.85,124578.21,casa,nao,viuvo,fundamental,clt,centro_oeste,0
1105,35,4768.32,4206.95,65,21.17,774,2280.28,16,4,2352.52,8691.05,4120.88,214283.78,outros,sim,viuvo,medio,temporario,nordeste,0
1106,28,3552.26,44844.46,70,6.61,819,320.53,3,2,2525.48,6074.64,5118.44,10243.75,veiculo,sim,divorciado,superior,clt,sudeste,1
1107,31,4487.23,38454.53,43,14.3,446,794.63,10,0,10480.51,5582.15,4793.62,119599.47,casa,sim,casado,pos,temporario,sudeste,0
1108,69,4965.92,47188.35,7,10.15,804,2070.34,14,2,23843.52,8198.16,3143.5,54454.09,veiculo,sim,viuvo,superior,clt,sudeste,0
1109,71,4527.9,43912.3,28,17.61,782,606.26,7,2,29476.47,3573.15,4394.77,159584.54,educacao,nao,casado,pos,temporario,norte,0
1110,20,4743.56,16869.48,46,13.37,431,690.72,4,4,30428.15,4689.52,14.49,164704.84,casa,sim,divorciado,pos,autonomo,nordeste,1
1111,54,2201.8,33967.05,13,8.84,445,2443.52,2,4,7263.04,7802.64,-1599.7,58371.11,consumo,sim,solteiro,pos,estudante,norte,0
1112,31,3067.27,16448.21,13,4.11,710,2296.69,11,3,26859.53,8821.22,2204.95,166846.33,veiculo,sim,solteiro,fundamental,temporario,nordeste,0
1113,28,4531.2,42913.61,32,11.72,587,2065.6,11,2,22427.12,4080.78,1397.91,141674.17,consumo,sim,casado,pos,temporario,norte,1
1114,34,4502.52,21189.26,66,16.39,524,583.22,13,4,32435.55,5513.25,5077.37,208255.94,educacao,nao,divorciado,medio,estudante,sudeste,1
1115,29,3780.86,19602.88,27,26.3,581,771.92,15,1,27050.14,7620.63,4355.02,179426.73,consumo,nao,solteiro,medio,autonomo,centro_oeste,0
1116,45,4481.38,44090.13,67,9.46,556,725.59,17,1,18501.74,4909.4,1178.44,169821.14,outros,nao,solteiro,medio,temporario,norte,0
1117,74,4909.83,40571.68,58,16.29,810,618.77,3,4,27411.8,3938.56,-1664.03,30903.73,negocios,nao,solteiro,superior,autonomo,norte,1
1118,51,6400.94,46471.82,25,17.6,516,2431.44,7,4,10789.72,1051.35,344.02,217084.61,consumo,sim,viuvo,superior,clt,nordeste,0
1119,59,4621.42,5525.21,21,19.58,455,565.19,5,4,27515.08,2302.48,1011.43,175173.49,outros,sim,casado,medio,clt,nordeste,0
1120,46,5518.39,13571.92,60,11.89,752,1912.37,15,3,27340.9,3317.15,3471.52,185368.6,negocios,sim,divorciado,superior,estudante,sudeste,0
1121,18,3825.12,16189.03,55,6.39,755,298.35,2,4,29932.3,3913.98,5245.56,165366.49,educacao,nao,viuvo,medio,temporario,norte,0
1122,22,5829.77,21808.02,47,26.11,777,1441.63,11,0,8483.86,7097.77,-76.56,188012.33,negocios,sim,casado,pos,estudante,sudeste,0
1123,33,5476.31,24027.42,70,26.87,808,344.37,5,3,29715.03,1917.9,4330.11,133942.25,negocios,sim,solteiro,fundamental,clt,nordeste,0
1124,31,6358.47,15762.0,12,14.52,436,323.27,0,2,5916.76,1115.34,3882.9,2887.28,educacao,sim,divorciado,superior,autonomo,sul,0
1125,65,6084.23,38465.49,31,17.93,727,714.14,10,2,27016.49,5496.11,954.6,101957.27,casa,sim,casado,superior,estudante,norte,0
1126,66,5859.72,12657.61,45,4.7,528,2327.4,7,1,32547.11,568.87,-1673.89,54636.83,consumo,sim,viuvo,medio,estudante,norte,0
1127,66,4622.85,34191.54,10,5.13,588,1662.09,12,2,1252.93,8412.35,-1544.91,68473.9,consumo,nao,viuvo,medio,estudante,centro_oeste,0
1128,54,5240.89,41255.46,70,5.84,599,1691.25,7,1,21910.44,2676.15,3030.11,60623.69,educacao,sim,viuvo,fundamental,temporario,norte,0
1129,49,6714.32,29968.27,43,21.73,814,870.56,3,3,23085.71,7586.01,4807.55,138879.58,veiculo,sim,casado,medio,clt,nordeste,0
1130,55,3626.27,18614.23,26,9.45,628,1858.79,2,4,28530.0,3726.0,3129.31,173351.46,educacao,sim,divorciado,superior,autonomo,sudeste,0
1131,41,3668.87,11049.05,21,8.43,509,1761.2,3,0,3598.82,8990.23,4234.69,191285.11,consumo,nao,casado,fundamental,temporario,sudeste,0
1132,56,5126.58,8612.75,6,4.2,455,1251.11,7,4,31830.07,4760.79,2122.35,192289.82,educacao,sim,divorciado,fundamental,clt,nordeste,0
1133,63,5547.5,36359.95,45,4.55,655,1763.64,4,3,34782.55,8684.33,250.32,4445.27,consumo,sim,casado,medio,estudante,norte,0
1134,61,3316.61,23845.51,70,13.73,752,2191.75,2,0,23523.68,4485.46,-1489.87,165921.52,outros,sim,casado,superior,temporario,norte,1
1135,52,4665.43,4607.54,8,17.0,704,2408.08,5,2,15047.65,6571.13,4575.29,204600.49,negocios,sim,solteiro,medio,estudante,sudeste,0
1136,21,4630.8,47264.7,33,17.9,793,2492.1,15,0,22225.54,1040.92,1899.0,170206.1,consumo,sim,solteiro,fundamental,estudante,sudeste,0
1137,59,1200.0,33044.29,49,14.99,436,1312.88,15,4,1914.71,4282.23,5036.45,25627.38,negocios,sim,solteiro,pos,temporario,sudeste,1
1138,38,4404.73,40910.31,34,15.03,581,255.99,6,1,26356.2,2801.69,1087.48,210632.43,negocios,sim,casado,fundamental,clt,nordeste,0
1139,60,4516.83,22437.58,48,22.08,664,711.69,9,0,2448.83,7242.0,352.63,110467.11,negocios,sim,solteiro,pos,clt,centro_oeste,0
1140,48,4511.47,45972.46,53,10.95,762,636.69,3,4,11290.68,5025.7,3402.97,126317.71,consumo,nao,divorciado,medio,estudante,sudeste,1
1141,68,7348.65,11578.39,69,9.71,545,877.25,7,2,4878.96,5940.07,2913.9,62249.85,outros,sim,viuvo,pos,autonomo,nordeste,0
1142,37,2611.56,10923.69,45,24.5,690,1016.37,10,3,25411.44,2657.46,3693.08,186260.99,educacao,nao,viuvo,superior,clt,nordeste,1
1143,71,3315.68,43010.23,52,20.54,503,1731.33,0,4,20804.99,1493.07,-1089.58,192952.37,casa,nao,viuvo,medio,clt,sul,0
1144,66,1200.0,43073.13,25,15.44,656,1399.6,15,2,24472.13,6284.79,-1149.85,179498.39,consumo,sim,divorciado,pos,temporario,centro_oeste,1
1145,36,3934.35,25205.39,15,10.61,730,1687.41,16,3,2259.81,4259.3,2653.21,45564.85,outros,nao,casado,medio,temporario,centro_oeste,1
1146,45,4087.84,8223.28,12,7.28,747,2434.67,16,2,12964.22,4044.76,2476.53,27981.8,educacao,nao,viuvo,superior,temporario,sul,0
1147,48,3882.04,16387.35,13,4.9,600,293.85,3,0,14215.94,8693.48,-1075.21,214814.53,veiculo,sim,divorciado,pos,autonomo,sul,0
1148,61,6793.82,36813.93,60,24.46,609,213.4,16,4,21083.95,1505.22,1555.48,191911.78,educacao,nao,divorciado,medio,clt,nordeste,0
1149,57,6349.11,40992.63,8,18.24,772,1723.97,2,4,3581.57,5972.6,3142.13,188424.0,veiculo,sim,solteiro,pos,clt,nordeste,0
1150,66,4940.14,18318.29,37,5.1,639,1447.31,15,1,22653.29,1012.14,2427.81,171576.43,casa,nao,divorciado,pos,clt,sul,0
1151,39,4132.9,5286.13,46,7.81,560,1299.98,2,3,13814.45,6321.8,-345.27,23435.31,veiculo,sim,solteiro,medio,clt,norte,0
1152,46,6647.14,32790.56,50,10.71,529,2159.72,6,0,31707.2,5256.97,5436.94,113236.18,educacao,sim,solteiro,fundamental,clt,sudeste,0
1153,42,4764.44,36147.12,10,10.31,704,548.59,17,1,15743.32,6678.72,-1531.97,25391.55,consumo,sim,viuvo,fundamental,clt,nordeste,0
1154,69,3327.11,21792.67,62,17.16,704,1510.8,9,3,3572.51,6882.0,326.09,92976.11,negocios,nao,divorciado,fundamental,autonomo,centro_oeste,0
1155,35,1710.75,29030.94,34,13.59,635,2342.07,3,1,3619.07,1622.38,-1273.15,35546.14,veiculo,nao,solteiro,superior,temporario,sul,0
1156,51,4005.63,47425.4,7,25.17,483,1214.38,6,4,8900.35,2834.91,410.29,105484.43,consumo,nao,solteiro,medio,clt,centro_oeste,0
1157,24,6158.36,13647.44,14,21.27,484,1525.4,5,0,8393.41,2645.36,3545.33,147760.87,casa,nao,viuvo,medio,temporario,nordeste,1
1158,66,8897.77,28570.49,62,25.86,517,342.4,16,3,27884.02,5668.23,-1614.29,185025.54,negocios,nao,divorciado,superior,temporario,sudeste,1
1159,39,4910.9,30298.7,68,24.71,424,990.1,7,3,25283.6,2696.05,-1497.64,17735.95,casa,sim,solteiro,medio,autonomo,nordeste,1
1160,37,3422.36,27484.38,55,26.11,611,276.04,1,4,2683.55,4884.98,-194.31,196257.09,outros,nao,divorciado,superior,autonomo,centro_oeste,0
1161,51,2667.06,42045.39,28,27.52,585,1507.91,2,4,29800.19,4258.11,-1584.07,41728.79,negocios,sim,viuvo,medio,temporario,centro_oeste,1
1162,46,5793.52,30027.84,68,11.48,574,1549.9,9,4,3364.55,5478.05,1242.43,207565.5,casa,nao,divorciado,pos,autonomo,sudeste,0
1163,66,1623.69,25609.0,24,9.03,793,2385.95,0,3,27496.97,3486.55,-4.84,105995.76,casa,nao,viuvo,fundamental,autonomo,sudeste,0
1164,48,5790.62,8097.18,21,7.96,515,1661.1,4,1,3906.6,8362.07,712.78,12492.86,consumo,nao,viuvo,superior,clt,nordeste,0
1165,47,6271.88,34496.02,56,19.07,743,186.92,10,2,13172.54,8702.58,4730.27,173994.96,educacao,sim,viuvo,medio,temporario,sul,0
1166,23,5585.3,8510.88,27,20.34,496,2113.1,15,3,26282.57,3482.46,1571.16,10385.78,casa,nao,casado,fundamental,temporario,sudeste,0
1167,19,4404.61,3708.93,40,6.11,664,944.8,1,4,8877.22,8271.2,-1682.62,138032.61,veiculo,nao,viuvo,fundamental,temporario,sudeste,0
1168,40,5816.89,24728.17,49,23.71,764,1837.11,6,4,3966.55,7240.79,2465.16,175319.86,educacao,sim,casado,pos,estudante,sudeste,0
1169,74,5107.69,28546.26,16,22.79,755,792.55,7,3,27551.83,2421.98,-946.81,101836.79,veiculo,nao,casado,pos,clt,sul,0
1170,70,3399.38,47956.96,67,19.08,656,1943.72,15,0,24184.15,5283.88,-1337.14,149856.79,outros,nao,divorciado,fundamental,temporario,norte,1
1171,53,8130.74,34910.87,16,14.45,502,2331.78,14,2,31194.38,3709.79,753.05,125954.77,negocios,sim,viuvo,fundamental,autonomo,sudeste,0
1172,53,4166.98,41110.86,71,7.69,570,364.02,16,3,22454.34,7307.96,322.42,15469.27,consumo,nao,casado,superior,autonomo,centro_oeste,1
1173,40,6196.35,18260.66,24,16.13,589,1442.92,11,3,2588.28,8098.27,-928.81,152551.97,consumo,nao,casado,pos,autonomo,nordeste,0
1174,28,1200.0,25655.62,33,7.82,758,1433.73,3,1,22352.21,5790.51,527.78,209585.18,consumo,sim,casado,superior,clt,sul,1
1175,18,7097.65,46829.24,22,18.52,570,844.54,16,2,28787.75,5856.12,1975.69,75422.12,negocios,sim,casado,fundamental,temporario,nordeste,0
1176,37,7443.77,21491.18,41,11.44,750,972.68,13,4,2928.75,6630.65,158.9,27754.17,veiculo,sim,solteiro,medio,estudante,norte,0
1177,36,4853.7,39231.71,6,9.94,800,1748.69,11,4,4749.27,4708.11,-1548.07,56393.88,consumo,nao,viuvo,medio,estudante,nordeste,0
1178,28,5805.79,26432.5,17,14.59,464,858.86,6,1,23714.85,4500.6,5162.28,139820.39,negocios,nao,viuvo,superior,temporario,sul,0
1179,32,5805.33,12690.26,40,17.94,794,251.06,14,1,27696.57,5287.23,3280.95,216354.85,educacao,nao,viuvo,pos,temporario,sudeste,0
1180,19,3642.99,28909.05,51,12.82,646,1964.51,7,1,12360.29,7456.08,3711.89,178580.78,consumo,sim,solteiro,fundamental,clt,norte,0
1181,52,5784.82,12421.82,69,27.13,660,1630.45,5,3,25734.16,6003.17,1383.11,171832.82,educacao,sim,solteiro,pos,clt,sudeste,1
1182,70,3344.47,2637.73,61,4.14,542,761.06,4,3,5857.89,1723.85,2672.05,79275.94,educacao,nao,viuvo,medio,temporario,norte,0
1183,57,3704.24,13233.27,66,25.91,553,2410.78,11,3,15540.19,1693.47,3683.27,134204.96,consumo,nao,viuvo,superior,autonomo,nordeste,0
1184,43,6828.5,11288.04,58,4.02,636,2264.35,11,2,26179.09,4035.13,982.2,88918.21,veiculo,sim,casado,pos,clt,sul,0
1185,41,6554.38,19376.91,57,9.2,499,2417.35,4,4,6964.52,6102.28,4683.98,12920.64,consumo,nao,casado,superior,autonomo,centro_oeste,0
1186,35,3528.52,42931.16,28,27.91,707,1368.39,6,0,12211.37,3824.42,4224.45,108099.3,casa,nao,divorciado,fundamental,autonomo,sudeste,0
1187,26,3479.56,20147.31,65,21.47,686,725.59,4,2,22017.3,3744.83,439.26,120535.0,consumo,sim,casado,fundamental,clt,norte,1
1188,52,3637.93,40956.04,69,19.47,423,583.28,13,1,12109.83,8111.32,795.81,186469.66,casa,nao,divorciado,pos,temporario,centro_oeste,1
1189,50,6118.75,27780.39,39,21.43,504,2380.57,6,2,30595.54,7879.9,-365.42,167891.36,consumo,sim,viuvo,fundamental,temporario,sudeste,0
1190,18,3000.03,2846.47,13,13.8,625,2246.72,14,4,33485.41,4543.13,2120.44,99914.42,educacao,nao,casado,superior,clt,sul,0
1191,41,5442.08,11087.52,8,22.82,716,1898.97,4,4,22480.13,6605.41,4528.3,109462.43,veiculo,sim,solteiro,medio,estudante,nordeste,0
1192,33,6144.32,44873.15,38,7.72,536,1364.39,7,4,27384.01,4342.81,2599.31,174373.33,veiculo,nao,casado,pos,autonomo,centro_oeste,0
1193,27,4641.16,29989.89,47,23.05,774,1071.83,0,2,31734.38,5626.68,966.54,63596.27,consumo,nao,viuvo,pos,temporario,nordeste,0
1194,58,6618.11,44794.38,42,26.55,633,1811.99,0,3,24565.08,2833.35,1399.84,79182.52,educacao,sim,divorciado,fundamental,temporario,nordeste,0
1195,47,4252.24,16610.46,65,24.58,635,202.11,0,2,27066.0,4729.05,3602.16,198795.93,outros,sim,solteiro,pos,temporario,centro_oeste,0
1196,54,4415.06,35103.59,41,21.75,463,1396.32,1,0,2807.67,5961.58,2211.28,167251.14,veiculo,sim,solteiro,pos,autonomo,sudeste,0
1197,58,3040.96,37627.14,49,19.63,671,1754.49,16,1,28831.69,4255.12,2511.21,207527.04,outros,nao,viuvo,pos,estudante,sudeste,0
1198,73,6630.92,46894.33,56,16.51,747,1928.72,4,3,9609.76,6954.78,2955.47,193348.13,consumo,sim,solteiro,superior,clt,norte,0
1199,63,3420.26,3327.03,65,13.49,504,1226.51,9,0,2478.16,2772.24,3960.64,167742.42,veiculo,nao,solteiro,pos,autonomo,sudeste,1
1200,53,5429.59,45826.79,46,24.78,637,1908.72,17,3,20631.5,609.45,3080.13,57509.31,consumo,sim,divorciado,fundamental,clt,centro_oeste,0
1201,68,4671.63,20317.35,42,19.54,422,402.35,8,2,7937.54,8271.13,3537.75,114618.12,veiculo,sim,solteiro,fundamental,temporario,sul,0
1202,45,2904.99,40628.65,11,14.44,504,721.2,7,2,2794.64,3568.79,3395.79,91671.39,casa,sim,divorciado,medio,temporario,nordeste,0
1203,74,3703.61,27284.44,48,22.84,448,515.5,13,3,21334.65,2642.77,5426.43,85858.89,negocios,nao,solteiro,fundamental,autonomo,centro_oeste,0
1204,61,7289.17,28191.55,17,5.3,727,968.42,13,1,3449.33,4546.49,3944.3,171413.56,outros,sim,viuvo,pos,estudante,sul,0
1205,55,5162.98,18851.69,30,23.51,818,978.53,1,1,31052.96,2619.65,2463.18,85257.99,casa,nao,solteiro,superior,estudante,norte,0
1206,69,2983.53,40195.5,41,23.46,435,1047.54,16,0,33924.54,6732.57,5204.07,32496.02,educacao,sim,casado,medio,temporario,sul,0
1207,47,5349.59,14512.62,11,9.48,700,1260.71,2,0,25836.73,3107.77,5223.1,76684.45,casa,nao,casado,fundamental,estudante,norte,0
1208,59,4536.99,24896.98,51,4.9,657,1192.29,6,0,10068.21,8929.37,941.81,177583.4,consumo,sim,casado,fundamental,estudante,nordeste,0
1209,34,11017.28,27987.94,24,21.13,700,1317.89,17,0,19688.94,2847.94,4481.37,111709.4,consumo,nao,casado,superior,temporario,sul,0
1210,72,5313.22,36284.71,39,8.8,620,1926.02,10,3,1098.5,3575.93,5863.25,2781.6,consumo,nao,divorciado,fundamental,estudante,centro_oeste,0
1211,53,4114.88,23959.41,29,27.9,816,509.48,10,1,21748.98,5076.24,-186.61,137085.62,educacao,nao,casado,superior,temporario,nordeste,1
1212,62,7356.05,33452.87,29,4.22,435,993.64,15,1,9234.43,528.33,1296.33,38467.35,consumo,nao,divorciado,fundamental,estudante,nordeste,0
1213,44,1486.13,24580.88,31,9.52,479,180.31,8,3,15925.85,535.16,1440.52,23699.14,casa,nao,divorciado,medio,autonomo,sul,0
1214,67,4969.78,32499.09,9,5.01,519,245.49,11,2,6260.38,2487.09,2962.48,66963.13,veiculo,sim,casado,fundamental,autonomo,sul,0
1215,22,8389.97,33173.53,18,22.78,732,1586.9,9,0,34529.31,1194.15,5708.83,169447.44,outros,nao,viuvo,medio,temporario,sul,0
1216,24,4590.84,34779.59,57,17.89,450,2212.32,2,2,7259.86,6960.57,583.75,11013.07,consumo,sim,solteiro,superior,temporario,norte,0
1217,46,1680.06,39960.14,14,24.36,469,889.71,5,3,14592.73,7910.45,4079.18,45587.07,casa,nao,viuvo,medio,autonomo,sul,1
1218,59,4087.35,27102.88,38,27.1,712,1112.4,13,3,8911.03,4012.57,4272.78,44598.66,casa,sim,solteiro,medio,temporario,sudeste,1
1219,64,7418.13,11294.16,15,18.64,587,666.91,5,4,18955.57,4890.41,3630.08,181009.56,consumo,sim,divorciado,fundamental,clt,sudeste,0
1220,43,5476.93,33423.66,41,9.56,702,511.3,16,2,31686.98,5708.32,2788.54,55034.86,educacao,sim,solteiro,pos,clt,sudeste,0
1221,55,3290.06,6008.87,48,6.22,566,2231.11,17,4,5718.6,1306.49,2659.42,127456.96,outros,nao,divorciado,fundamental,temporario,centro_oeste,0
1222,49,3566.56,12462.45,36,24.79,455,1507.32,13,2,4928.45,4493.44,400.01,27777.81,veiculo,nao,casado,pos,clt,sudeste,0
1223,72,3792.54,38543.17,56,9.88,658,1815.31,0,3,2592.28,8654.68,-729.45,174022.35,educacao,sim,solteiro,pos,clt,nordeste,0
1224,55,5450.16,22295.69,23,25.44,463,2225.99,13,0,20627.3,2267.0,805.67,57369.16,casa,nao,casado,medio,estudante,sudeste,0
1225,41,7208.75,25161.01,42,25.08,611,1545.07,17,4,21072.69,1214.5,-9.2,101458.06,outros,sim,casado,medio,autonomo,sul,1
1226,73,6694.36,47426.56,24,19.07,772,598.26,13,0,28748.66,2884.85,3290.47,73022.62,casa,nao,solteiro,fundamental,autonomo,nordeste,0
1227,24,5620.82,13200.35,39,18.5,493,1834.9,11,4,29258.65,5157.36,4854.47,144641.11,consumo,sim,casado,medio,autonomo,centro_oeste,0
1228,74,2403.04,3389.65,10,26.82,500,1914.91,11,2,3567.99,7882.17,-562.2,56857.8,educacao,nao,divorciado,medio,estudante,sudeste,1
1229,26,2409.72,7567.45,23,22.14,799,1140.36,8,1,31868.39,3515.85,3343.85,92.12,casa,nao,solteiro,superior,autonomo,sudeste,1
1230,34,5759.85,13624.83,52,20.4,541,1611.01,4,2,29028.41,3430.87,-849.41,115610.26,veiculo,sim,casado,superior,clt,sul,0
1231,64,2378.15,35529.36,57,14.46,569,1304.16,8,0,22653.65,3416.06,1164.76,214477.5,educacao,sim,casado,fundamental,estudante,nordeste,1
1232,59,4393.98,37799.9,23,15.62,693,952.56,16,2,12147.1,7647.81,-449.16,182789.66,consumo,nao,divorciado,fundamental,autonomo,norte,1
1233,73,5347.47,28229.75,23,13.33,471,1740.01,1,0,26095.51,4489.12,536.43,218446.66,consumo,sim,divorciado,pos,autonomo,nordeste,0
1234,60,2752.33,14104.61,25,26.71,444,754.09,2,2,21723.58,3316.71,4896.89,97844.13,negocios,nao,viuvo,pos,clt,sudeste,0
1235,54,2956.33,26239.26,24,19.31,757,939.73,15,0,12356.63,2004.07,1473.97,124915.47,outros,sim,divorciado,fundamental,estudante,centro_oeste,0
1236,37,4630.58,3180.57,71,22.73,799,1121.2,14,0,463.95,1567.61,-952.92,175485.44,negocios,nao,casado,superior,estudante,norte,0
1237,18,5706.57,33521.94,48,4.89,814,1605.92,9,3,20736.13,8780.16,-248.19,74204.31,outros,nao,viuvo,medio,clt,sudeste,0
1238,25,6710.73,30450.54,31,24.46,429,2157.11,6,0,20177.19,4634.6,4780.43,24837.17,consumo,nao,solteiro,pos,autonomo,sudeste,0
1239,34,5892.7,3491.74,36,14.02,631,1606.61,1,1,5410.23,1113.73,1399.25,37142.32,outros,sim,viuvo,pos,estudante,centro_oeste,0
1240,20,4932.58,39674.03,39,21.69,759,1864.51,12,3,31721.42,8204.07,5500.64,211756.07,educacao,nao,casado,superior,estudante,sul,0
1241,46,3456.85,37235.91,42,4.96,757,858.96,9,2,5574.67,8609.69,2577.55,173859.43,negocios,sim,casado,medio,autonomo,sudeste,0
1242,62,2872.37,16524.18,31,25.45,564,1542.8,14,2,10048.37,2516.0,2155.22,63557.4,veiculo,sim,solteiro,medio,estudante,sudeste,1
1243,72,3880.42,31409.64,70,19.84,616,420.94,6,2,13019.58,3186.6,1758.18,171776.95,outros,nao,viuvo,medio,autonomo,sudeste,0
1244,45,5537.88,29867.93,25,14.98,480,1254.79,14,3,23903.8,8664.15,4232.96,155088.97,negocios,nao,solteiro,medio,clt,sul,1
1245,67,5405.92,9014.7,34,11.29,475,1780.52,17,3,2857.4,633.97,4718.5,103245.33,veiculo,sim,solteiro,fundamental,temporario,sudeste,0
1246,74,1200.0,11293.3,6,11.46,570,596.96,2,0,24583.11,3256.66,-809.02,5005.77,veiculo,nao,viuvo,fundamental,autonomo,sul,1
1247,67,3385.78,33585.88,38,11.28,512,2272.87,13,4,14506.72,4155.87,1385.63,160156.51,educacao,nao,viuvo,superior,estudante,norte,0
1248,44,6968.11,44976.6,62,7.14,809,1147.89,10,4,6403.12,7048.3,405.6,63893.5,negocios,sim,solteiro,fundamental,temporario,norte,1
1249,36,4942.59,28720.94,71,15.13,452,1737.05,7,2,3922.82,3625.89,5215.19,59740.18,veiculo,nao,viuvo,medio,autonomo,sul,0
1250,73,2249.38,28335.5,37,14.88,631,1270.16,3,1,14431.76,3376.49,3930.73,115734.33,consumo,sim,casado,fundamental,estudante,sudeste,0
1251,31,9040.48,31924.02,15,13.89,642,1878.84,2,3,15609.4,6699.9,480.15,58505.21,educacao,nao,viuvo,medio,estudante,nordeste,1
1252,41,4747.9,22546.31,53,20.87,443,1535.58,2,3,4805.55,7719.1,1385.31,157610.92,consumo,nao,solteiro,medio,estudante,nordeste,0
1253,22,5491.8,4964.83,48,14.08,596,464.37,4,4,16886.3,1292.76,1469.81,64233.51,veiculo,nao,solteiro,fundamental,estudante,norte,0
1254,63,5519.14,20540.93,69,6.14,796,2325.34,9,2,17585.35,1711.01,5468.14,177484.64,veiculo,sim,solteiro,medio,temporario,sudeste,0
1255,55,4138.33,43461.48,39,24.45,463,1711.34,9,2,34335.37,6108.05,1894.73,96201.11,casa,sim,viuvo,fundamental,autonomo,sul,0
1256,22,3490.37,39125.08,6,14.2,477,1275.21,17,2,24965.65,3171.9,-1656.26,113637.51,educacao,nao,casado,medio,temporario,centro_oeste,1
1257,30,8619.01,44697.77,65,19.73,486,1749.72,13,1,425.91,6181.7,3894.67,7707.27,casa,sim,solteiro,fundamental,clt,norte,0
1258,49,6605.77,9453.84,50,26.32,441,785.28,17,3,16690.39,1978.47,-1046.96,4485.45,negocios,sim,viuvo,medio,estudante,sudeste,0
1259,48,6279.49,25521.08,58,22.42,773,1963.99,13,3,755.64,7334.19,3119.77,46595.1,casa,nao,casado,fundamental,estudante,sudeste,0
1260,63,5837.32,29105.13,13,16.93,438,1134.04,10,0,17892.45,3232.05,2205.3,76537.82,veiculo,sim,solteiro,medio,autonomo,norte,0
1261,33,2994.03,12051.61,36,17.08,532,2047.68,14,0,11827.8,3348.81,4149.13,38769.74,casa,sim,viuvo,medio,autonomo,norte,0
1262,70,7099.55,11644.15,36,24.39,750,815.8,13,0,31622.74,2020.39,2491.13,110527.14,veiculo,sim,divorciado,superior,clt,centro_oeste,0
1263,43,3282.36,38082.5,23,23.77,818,2013.45,14,1,17265.11,2296.59,-433.18,132270.25,outros,sim,divorciado,medio,autonomo,sul,1
1264,64,5309.92,33069.26,61,8.29,481,2283.52,4,0,29746.65,5586.36,5172.9,176718.09,educacao,nao,solteiro,pos,clt,sudeste,0
1265,31,1849.1,31947.03,18,19.04,564,2455.5,13,2,20435.53,5443.65,5245.96,113050.81,casa,nao,solteiro,pos,clt,nordeste,1
1266,20,1200.0,14647.93,10,24.78,491,1981.97,4,4,13877.96,7507.41,1481.33,80797.21,negocios,nao,divorciado,superior,autonomo,sul,1
1267,21,5372.92,25558.01,21,23.28,496,1813.31,5,3,8039.74,5857.38,2953.46,203235.84,casa,sim,viuvo,fundamental,temporario,sudeste,0
1268,39,3343.62,3549.68,71,6.99,797,1386.27,12,4,6410.5,4136.69,2508.89,95861.29,outros,nao,viuvo,pos,clt,sudeste,0
1269,72,1219.5,8412.55,13,14.46,555,425.3,9,0,27809.12,7329.13,2367.05,61803.45,outros,nao,viuvo,superior,clt,nordeste,1
1270,20,5773.1,26080.41,44,16.44,664,1478.86,14,3,30904.53,641.03,-1096.44,16711.95,casa,nao,casado,pos,estudante,norte,0
1271,39,8616.15,16590.09,18,10.19,482,1486.75,12,3,11342.98,6465.24,2053.05,40604.4,negocios,sim,divorciado,pos,estudante,centro_oeste,0
1272,24,7301.21,46437.97,32,20.31,534,330.18,13,2,17311.44,5117.1,-43.84,152045.18,casa,nao,casado,medio,temporario,centro_oeste,0
1273,71,4336.83,23952.55,42,15.43,564,1782.25,2,3,10062.56,2377.59,4423.21,43663.74,outros,nao,casado,medio,clt,nordeste,0
1274,56,4815.92,6302.17,7,11.14,654,525.55,1,0,15935.3,5918.68,4820.64,80281.68,consumo,sim,divorciado,fundamental,estudante,centro_oeste,0
1275,61,6397.87,3311.83,21,12.08,780,1564.14,4,3,30432.2,8886.59,-1654.25,6046.15,consumo,nao,viuvo,fundamental,clt,nordeste,1
1276,58,6819.83,35499.23,44,24.56,517,1276.51,6,4,4829.11,3445.32,3946.53,83178.54,casa,nao,solteiro,fundamental,estudante,centro_oeste,0
1277,55,4181.64,10303.56,6,24.79,678,2210.13,14,1,10202.01,5927.29,-904.2,142562.82,casa,sim,divorciado,superior,clt,norte,0
1278,62,4861.52,11045.46,38,23.5,617,718.81,0,0,24334.5,4234.67,-1723.16,48260.25,veiculo,sim,solteiro,fundamental,autonomo,sudeste,0
1279,18,5341.11,21783.23,45,25.93,738,577.2,9,0,10871.9,3835.72,-1693.3,846.62,veiculo,sim,divorciado,pos,autonomo,centro_oeste,0
1280,67,5796.98,14514.76,20,26.86,553,1458.72,14,1,2840.47,3110.87,1834.86,183345.81,outros,sim,solteiro,fundamental,estudante,sul,0
1281,60,4560.46,30554.26,16,15.8,589,1247.76,6,4,13104.18,2446.08,4550.08,158626.8,casa,sim,viuvo,superior,estudante,centro_oeste,0
1282,60,4583.85,24599.01,38,6.32,669,554.21,5,4,23673.72,2502.48,628.95,218395.07,outros,nao,casado,pos,temporario,norte,0
1283,40,7283.7,7571.0,53,23.2,597,1603.81,3,3,34440.17,7081.13,5412.11,29814.72,educacao,sim,solteiro,fundamental,clt,norte,1
1284,63,6977.14,38205.71,6,19.2,723,2281.5,7,1,31225.0,3252.19,1484.85,149048.84,consumo,sim,solteiro,fundamental,autonomo,nordeste,0
1285,39,5659.34,21876.58,28,13.13,425,1897.39,11,1,19665.72,5001.39,-328.49,56618.87,negocios,sim,casado,medio,clt,centro_oeste,0
1286,20,7894.4,30292.96,71,27.41,559,666.17,10,4,27206.66,2314.86,1780.81,110501.96,educacao,nao,divorciado,pos,clt,sul,0
1287,69,4104.4,2679.38,28,12.13,489,733.1,15,2,19998.59,2305.98,3090.29,164275.87,educacao,sim,casado,medio,clt,centro_oeste,0
1288,31,7721.35,31001.2,27,25.78,477,1473.54,0,3,17286.4,5490.17,2144.51,37031.99,casa,nao,solteiro,medio,clt,sul,0
1289,23,5776.53,15369.67,54,18.22,441,1751.84,5,1,5972.14,5453.49,1637.2,102403.94,veiculo,sim,solteiro,superior,clt,centro_oeste,0
1290,53,10687.85,24993.87,37,4.88,562,2451.27,6,4,10225.93,4794.74,-330.05,59203.17,veiculo,sim,divorciado,superior,estudante,norte,0
1291,31,2653.53,16046.29,31,24.65,507,423.18,7,2,15823.74,6392.08,3654.86,34086.15,consumo,sim,casado,pos,clt,nordeste,0
1292,66,3559.18,47829.86,57,22.29,723,1447.52,13,3,34496.13,5914.72,933.1,159020.13,consumo,sim,solteiro,fundamental,estudante,centro_oeste,1
1293,43,5553.84,13003.33,8,19.42,620,2470.71,1,4,21299.68,2200.86,5770.51,56851.27,outros,sim,divorciado,pos,clt,sudeste,0
1294,18,5515.02,44035.11,53,18.75,734,437.28,5,1,33070.76,971.71,1324.94,116483.47,casa,nao,solteiro,pos,autonomo,centro_oeste,1
1295,72,8310.25,44267.48,31,9.25,774,2436.36,0,3,9053.9,2792.22,-71.84,152373.93,negocios,sim,divorciado,pos,temporario,norte,0
1296,47,3596.93,21655.53,64,9.15,734,1252.25,10,3,2413.99,4165.6,4905.25,97470.07,casa,nao,casado,fundamental,temporario,nordeste,0
1297,32,6428.85,16332.14,53,4.7,588,1844.34,17,2,34243.13,2270.54,-172.23,29340.65,negocios,sim,divorciado,pos,clt,norte,0
1298,56,6892.43,19837.12,68,7.7,809,1166.63,17,4,11536.85,4600.41,-488.7,2685.62,outros,nao,divorciado,superior,clt,nordeste,0
1299,48,6068.37,47514.93,14,12.08,574,2131.22,0,2,18735.71,812.03,3804.4,84063.7,casa,sim,casado,pos,clt,norte,0
1300,19,3070.21,30655.23,18,16.98,749,2287.76,2,3,2490.0,4555.56,525.57,217912.44,outros,nao,solteiro,fundamental,estudante,centro_oeste,1
1301,61,7333.97,27287.5,65,7.14,489,566.66,10,0,30113.7,3487.86,1455.32,214009.02,consumo,sim,divorciado,medio,temporario,sudeste,0
1302,40,7012.78,4134.26,31,17.38,807,1913.6,4,4,23.8,8652.4,1718.21,98628.06,veiculo,nao,viuvo,pos,clt,sul,1
1303,57,5879.25,41076.86,59,10.32,541,228.12,4,4,31710.42,7951.95,4311.69,91509.51,outros,sim,casado,pos,autonomo,centro_oeste,0
1304,69,5167.83,6313.15,51,10.1,670,822.32,12,4,5787.98,8584.5,2679.49,142157.67,consumo,nao,divorciado,superior,clt,sudeste,0
1305,52,5206.99,4637.24,38,26.75,561,1461.43,5,4,6421.74,6100.05,3982.82,183167.62,consumo,nao,solteiro,superior,temporario,centro_oeste,0
1306,56,4658.28,15006.04,8,27.82,511,1579.44,10,3,28902.98,8761.61,5902.45,127210.79,outros,sim,casado,superior,estudante,sudeste,0
1307,32,5953.41,24148.38,10,23.47,551,1027.42,0,3,13518.06,2110.91,3745.52,159304.48,consumo,nao,viuvo,pos,clt,sudeste,0
1308,31,4856.04,43235.65,53,5.31,663,807.42,17,4,8960.62,5025.33,375.06,5277.06,outros,nao,solteiro,medio,autonomo,norte,1
1309,41,3272.66,38448.59,12,21.49,464,578.23,1,3,20875.44,6817.03,4182.2,193273.2,educacao,sim,casado,pos,estudante,sul,0
1310,66,2912.54,11492.26,6,8.28,499,736.13,0,1,8904.4,4599.94,4829.39,118554.94,negocios,nao,viuvo,superior,temporario,nordeste,0
1311,47,3446.33,19429.62,20,17.66,787,482.13,7,0,10029.16,2316.85,1560.2,108331.95,casa,sim,casado,pos,autonomo,sul,0
1312,37,5199.84,38000.93,66,25.45,454,785.91,15,4,1594.26,6057.48,3344.38,47536.11,educacao,nao,solteiro,fundamental,autonomo,norte,1
1313,62,4751.48,26482.71,47,13.12,708,2085.37,11,0,18879.39,8755.28,2025.09,29891.2,casa,sim,divorciado,superior,clt,sul,0
1314,66,5187.62,10439.38,53,26.29,540,847.05,8,4,4529.67,4947.2,-805.1,80989.04,negocios,sim,divorciado,medio,clt,sudeste,0
1315,69,5701.46,20520.51,49,21.0,547,2285.84,4,4,29299.25,2608.94,3884.68,202411.91,educacao,nao,casado,medio,autonomo,sul,0
1316,35,3670.82,30980.08,43,11.22,565,748.93,4,0,26285.7,844.4,1660.45,123020.68,casa,nao,divorciado,fundamental,temporario,nordeste,1
1317,58,7438.19,46781.77,22,6.28,573,1321.36,11,4,9991.07,1385.16,902.01,90633.75,negocios,sim,viuvo,medio,temporario,centro_oeste,0
1318,51,4318.12,32612.45,34,23.57,703,568.76,9,2,18682.25,7106.4,1848.34,30619.85,veiculo,sim,divorciado,pos,estudante,norte,0
1319,43,4019.83,3236.88,41,14.99,741,219.66,11,1,20208.19,4624.7,2739.99,13615.48,outros,nao,solteiro,fundamental,temporario,norte,0
1320,40,5668.3,34577.88,71,5.74,565,1631.25,7,2,23325.81,2273.61,4103.57,133388.03,outros,nao,divorciado,medio,temporario,norte,0
1321,24,1494.28,13914.35,65,6.47,488,963.62,5,2,14662.23,7810.66,5287.8,210802.28,consumo,sim,viuvo,superior,autonomo,norte,0
1322,33,3377.04,41728.23,54,27.21,421,980.57,3,4,22838.63,4206.65,3537.17,98542.18,consumo,sim,casado,superior,autonomo,centro_oeste,0
1323,49,6565.93,19966.99,59,9.83,709,1125.98,5,2,5928.64,7263.87,5955.48,52138.86,veiculo,sim,solteiro,pos,temporario,nordeste,0
1324,68,1672.64,11582.48,59,27.2,786,1984.4,3,0,16485.66,7395.99,-571.59,82887.68,outros,nao,divorciado,fundamental,estudante,nordeste,1
1325,67,6811.63,23791.6,50,20.35,433,1107.4,8,1,3290.22,6602.29,-596.18,112247.52,casa,sim,casado,medio,estudante,centro_oeste,0
1326,28,7520.05,14111.51,60,11.21,655,380.46,5,2,32937.44,8766.88,4365.38,165803.27,educacao,sim,viuvo,superior,autonomo,nordeste,0
1327,56,4134.98,13229.88,10,13.21,507,826.71,14,2,14049.33,8123.65,3141.41,99769.77,casa,sim,divorciado,fundamental,autonomo,centro_oeste,0
1328,22,5325.26,28583.41,7,22.65,504,1516.62,9,2,21610.45,1566.23,4924.49,203850.43,negocios,sim,viuvo,fundamental,estudante,norte,0
1329,56,6814.36,37414.26,35,14.45,751,2484.89,5,4,17143.57,3421.89,3495.76,140969.88,consumo,sim,casado,medio,clt,centro_oeste,0
1330,37,3959.78,40490.42,9,5.79,520,512.1,1,1,938.61,8611.1,-1701.75,26529.41,consumo,sim,solteiro,pos,estudante,nordeste,0
1331,43,6362.0,20593.98,28,9.52,541,930.41,2,4,2194.97,6072.34,3447.03,25142.31,negocios,nao,divorciado,medio,autonomo,norte,0
1332,58,3591.93,5539.57,19,24.65,469,1306.58,1,4,9259.47,4271.73,-149.1,121329.81,veiculo,sim,viuvo,medio,estudante,norte,0
1333,42,3940.32,24520.86,69,20.71,781,2371.57,5,4,23622.73,7828.03,1686.12,176616.59,veiculo,sim,solteiro,pos,estudante,nordeste,0
1334,64,3361.19,22237.06,49,16.02,782,431.54,5,2,22450.21,5930.57,3593.8,117325.8,outros,sim,divorciado,superior,temporario,sudeste,1
1335,48,5416.76,11462.54,8,9.89,785,2021.67,0,4,6578.07,3649.87,3319.05,176858.47,casa,sim,viuvo,medio,clt,sul,0
1336,74,6884.34,43274.59,47,15.39,512,1857.25,12,2,17101.46,2805.6,1183.81,17675.66,negocios,sim,casado,pos,estudante,norte,0
1337,54,4468.6,46823.75,54,22.93,495,890.94,9,1,12847.14,7734.38,3761.92,72359.48,consumo,nao,casado,pos,estudante,sudeste,0
1338,34,2511.75,4854.5,27,5.96,796,1975.11,17,4,19899.05,7697.51,5564.42,10576.83,consumo,sim,casado,pos,estudante,sul,0
1339,62,2851.13,38706.46,64,27.87,665,1513.71,15,4,11714.02,8305.6,0.02,78338.72,consumo,nao,casado,medio,temporario,sul,0
1340,41,5510.28,31880.1,70,24.63,525,577.56,0,0,31366.93,7168.62,-868.4,125131.49,outros,nao,divorciado,medio,estudante,centro_oeste,1
1341,48,8119.41,14395.35,70,11.63,438,842.92,12,1,16534.65,2070.54,-746.85,203625.73,consumo,sim,divorciado,medio,clt,norte,0
1342,25,5508.7,31399.6,12,24.89,739,941.75,17,1,14930.22,3802.06,1769.37,101233.42,negocios,nao,viuvo,pos,autonomo,nordeste,0
1343,24,4103.59,8353.27,35,20.36,740,929.43,14,4,24616.42,3288.68,526.26,82601.99,veiculo,sim,divorciado,fundamental,clt,nordeste,1
1344,50,6179.13,5658.0,57,19.99,424,1911.57,12,1,27324.07,2691.94,1846.31,149494.8,casa,sim,divorciado,fundamental,clt,norte,0
1345,28,4368.9,47703.75,35,7.35,611,1711.88,2,3,15314.34,7255.17,-1142.12,157994.6,consumo,sim,divorciado,fundamental,clt,norte,0
1346,74,4119.09,31454.83,37,25.74,613,2082.06,16,4,3813.61,1559.44,126.07,37648.14,educacao,nao,viuvo,superior,estudante,nordeste,0
1347,66,3074.77,14021.63,27,14.81,605,1365.05,14,4,2978.12,4573.26,907.88,154126.79,outros,nao,solteiro,fundamental,clt,sudeste,0
1348,57,7335.21,22976.54,33,23.28,567,993.23,9,4,11440.6,7857.93,5483.97,118724.31,consumo,nao,viuvo,superior,clt,sul,0
1349,59,1200.0,45729.01,51,11.19,551,337.18,16,2,25640.38,7206.25,516.9,112017.1,educacao,nao,solteiro,fundamental,clt,sudeste,1
1350,51,6236.15,22461.99,7,11.39,553,2022.99,8,3,22877.36,2772.68,-1424.03,215896.04,casa,nao,viuvo,medio,temporario,sul,0
1351,21,3965.26,43470.23,58,27.15,788,353.46,9,3,10070.74,802.15,626.05,169657.87,outros,nao,divorciado,fundamental,estudante,centro_oeste,0
1352,40,4061.39,42030.82,54,15.92,816,879.4,14,1,153.77,4017.95,5507.69,179269.09,consumo,nao,viuvo,pos,temporario,norte,0
1353,46,7846.17,18159.11,15,5.44,464,1731.81,12,2,22493.54,5544.8,1532.45,180691.27,veiculo,nao,viuvo,superior,estudante,norte,0
1354,70,3514.56,34168.41,56,24.06,708,1952.88,9,2,19754.01,7765.37,4584.84,142470.02,educacao,nao,solteiro,medio,autonomo,sudeste,1
1355,30,3575.88,32552.68,40,9.45,649,338.95,14,4,27037.12,4990.29,284.64,5643.98,casa,nao,divorciado,pos,clt,norte,0
1356,46,4565.29,37590.14,27,25.09,522,1589.67,16,2,24015.8,2759.41,-740.93,81063.78,negocios,nao,casado,pos,autonomo,sul,0
1357,37,5544.93,19149.78,36,25.99,494,498.16,11,2,8641.51,6371.43,2073.92,168711.27,veiculo,sim,solteiro,superior,temporario,nordeste,0
1358,25,4004.66,4876.76,40,5.75,720,1936.8,16,2,25651.48,3914.09,3673.73,39550.1,negocios,nao,casado,fundamental,clt,centro_oeste,0
1359,23,1967.05,10282.29,19,17.98,565,1873.26,7,0,17023.34,7514.51,4792.59,210628.13,consumo,nao,divorciado,fundamental,autonomo,norte,0
1360,38,3241.74,30553.19,46,27.56,471,1915.49,9,1,20117.19,701.67,80.11,1561.47,negocios,sim,divorciado,pos,clt,nordeste,1
1361,22,7106.4,37767.06,47,26.34,807,327.92,11,4,12494.76,4061.59,5895.89,122851.43,outros,sim,solteiro,superior,clt,sul,0
1362,21,4934.6,36900.21,30,16.61,790,1477.87,10,0,27670.63,4088.35,2016.08,18590.87,negocios,sim,divorciado,superior,estudante,centro_oeste,0
1363,37,5611.96,29057.51,36,20.33,587,738.77,3,3,6863.07,5494.12,2117.84,167294.64,negocios,nao,divorciado,fundamental,autonomo,nordeste,0
1364,29,4329.44,6356.5,46,18.5,590,1330.27,8,4,7158.88,3548.2,4896.65,135703.03,veiculo,nao,viuvo,medio,autonomo,norte,1
1365,49,3612.9,3286.63,39,8.88,588,2475.43,2,3,8309.91,3918.48,1376.99,89075.5,negocios,nao,solteiro,pos,autonomo,nordeste,0
1366,19,7819.63,38087.45,34,19.67,496,389.9,12,3,27634.33,6746.59,4107.57,22302.06,consumo,nao,divorciado,fundamental,autonomo,norte,0
1367,35,4461.25,27496.63,69,12.0,462,1558.2,14,3,25483.64,1955.9,2627.7,99380.89,veiculo,sim,viuvo,medio,temporario,sul,0
1368,43,4001.93,38113.4,63,12.11,529,562.8,12,0,9435.57,2526.14,-743.84,76921.45,negocios,nao,divorciado,fundamental,clt,nordeste,0
1369,72,6773.06,9906.87,31,14.08,574,1363.32,15,0,5035.96,1370.29,-1543.12,41341.35,outros,nao,solteiro,medio,temporario,centro_oeste,0
1370,54,3499.75,21037.75,53,24.45,482,1388.49,11,4,986.64,2690.2,5486.79,40413.1,consumo,nao,viuvo,medio,clt,nordeste,0
1371,68,3729.49,44322.2,59,9.72,434,1238.44,6,2,23933.86,4795.82,4958.64,186445.09,outros,sim,solteiro,pos,clt,centro_oeste,0
1372,37,4818.44,10307.71,13,10.02,792,1663.91,1,2,18860.56,2107.85,5871.67,72320.04,consumo,nao,viuvo,medio,temporario,nordeste,1
1373,43,4800.49,5299.47,45,4.18,771,2440.13,0,0,24581.0,1125.41,3458.66,21865.5,outros,nao,viuvo,superior,clt,norte,0
1374,41,5267.3,32232.77,58,7.72,542,2048.11,17,3,24788.93,8969.12,3236.67,34793.23,casa,sim,solteiro,superior,clt,sudeste,0
1375,68,8565.0,29551.4,9,27.49,665,2403.77,14,0,29567.16,4369.25,-173.44,145433.61,educacao,sim,divorciado,medio,estudante,norte,0
1376,72,5405.25,45817.39,28,14.41,477,619.53,6,0,14558.82,7568.16,3209.94,81320.2,consumo,nao,casado,superior,autonomo,norte,0
1377,72,1200.0,43744.31,58,8.68,790,2484.29,17,1,28954.6,6779.58,2009.57,12396.57,casa,nao,divorciado,pos,temporario,centro_oeste,1
1378,60,5387.34,36599.08,67,27.18,745,887.98,4,4,15251.86,1906.26,1143.2,12071.59,educacao,nao,viuvo,fundamental,estudante,nordeste,0
1379,46,4868.18,3371.65,71,4.65,490,259.26,13,4,24773.75,4854.36,3523.13,13081.2,consumo,nao,solteiro,superior,autonomo,norte,0
1380,48,4878.21,24357.61,45,15.62,505,1192.07,3,0,19289.97,5326.8,-1137.04,162205.0,educacao,sim,divorciado,pos,temporario,centro_oeste,1
1381,73,5242.71,43272.64,8,23.31,553,751.18,12,0,32249.86,1841.61,2130.33,187000.19,consumo,nao,viuvo,superior,clt,centro_oeste,0
1382,34,4748.38,22231.12,7,22.55,457,1948.12,1,4,12954.5,1451.13,4113.29,185944.2,casa,nao,solteiro,fundamental,clt,nordeste,0
1383,37,4705.3,46277.63,59,8.54,558,381.7,12,3,24143.95,2737.44,4673.85,120036.56,veiculo,nao,viuvo,fundamental,temporario,sudeste,0
1384,69,5903.48,32188.2,54,20.99,687,1451.37,8,3,20933.32,2720.74,2022.12,86290.0,consumo,nao,solteiro,superior,estudante,centro_oeste,0
1385,40,3824.25,7480.3,18,18.93,710,851.4,10,2,34953.89,2859.48,950.17,69804.18,casa,sim,solteiro,fundamental,autonomo,centro_oeste,0
1386,31,3094.16,25671.88,14,20.21,422,659.62,0,1,2704.16,2645.88,2664.49,163982.22,veiculo,nao,divorciado,pos,clt,sudeste,0
1387,49,10242.81,34150.58,15,10.39,560,2211.48,6,3,20933.81,5147.93,-799.66,177735.92,educacao,nao,viuvo,pos,autonomo,sul,0
1388,36,3511.46,5474.29,63,23.46,752,1375.97,2,0,8135.51,3002.36,-1086.46,206563.83,negocios,nao,viuvo,medio,autonomo,norte,1
1389,68,4980.26,18181.55,56,17.42,768,935.03,11,0,30946.51,7058.98,4589.27,216660.96,educacao,sim,solteiro,superior,autonomo,sul,0
1390,69,2107.81,35127.19,68,21.4,645,1910.99,0,4,27807.47,945.24,-813.29,155093.6,outros,nao,viuvo,medio,autonomo,centro_oeste,1
1391,35,5009.64,9646.75,13,26.55,714,2159.4,16,1,23164.38,5782.81,1454.69,42318.17,outros,sim,casado,pos,estudante,nordeste,0
1392,48,3120.19,18349.47,51,24.53,518,1205.64,3,0,16812.2,7065.78,1411.62,211677.8,educacao,nao,casado,fundamental,temporario,nordeste,1
1393,74,4003.55,33890.92,66,22.78,767,602.53,9,2,23845.21,4215.94,5867.89,26989.7,casa,nao,viuvo,superior,clt,norte,1
1394,60,6681.12,37787.11,41,10.95,609,2486.86,17,0,19401.82,3214.26,3700.4,61434.08,casa,nao,viuvo,medio,clt,sudeste,0
1395,30,5649.62,26092.29,57,5.3,696,1012.82,7,2,10055.47,3076.25,4179.02,183110.35,consumo,nao,viuvo,medio,estudante,sul,0
1396,51,5823.14,46037.02,45,17.79,524,656.77,9,3,28679.78,3286.24,3425.34,113353.23,outros,sim,viuvo,pos,temporario,norte,0
1397,53,1611.83,44602.55,6,4.83,489,419.68,17,1,17940.16,1497.59,325.62,53744.75,educacao,sim,solteiro,superior,clt,nordeste,0
1398,55,8106.41,24041.39,34,21.14,633,467.34,1,0,8999.17,5439.14,1016.77,115246.03,outros,nao,divorciado,medio,temporario,norte,0
1399,19,2654.61,9792.49,23,21.68,628,2367.86,10,4,23252.27,5799.54,-370.71,169500.86,consumo,nao,divorciado,superior,clt,centro_oeste,0
1400,35,7551.41,37668.39,11,17.51,648,2376.25,10,2,652.46,3812.3,2428.67,60218.92,casa,nao,divorciado,pos,autonomo,norte,0
1401,66,6638.78,13562.85,45,8.04,743,1358.4,13,0,25203.13,8624.79,-1192.29,110216.2,veiculo,sim,viuvo,pos,autonomo,nordeste,0
1402,31,5839.2,40848.37,67,25.02,728,1785.75,10,2,16461.72,8247.19,5250.15,63180.18,negocios,sim,solteiro,superior,autonomo,norte,0
1403,35,3261.03,29215.07,9,18.3,540,2111.73,8,4,22201.0,3031.94,-267.69,87528.8,educacao,sim,solteiro,pos,temporario,sul,0
1404,36,5072.86,20431.23,27,16.36,606,1473.29,9,0,5502.62,6724.99,-134.7,46641.07,veiculo,nao,solteiro,pos,autonomo,centro_oeste,0
1405,28,3952.34,27815.44,50,17.62,454,1727.4,5,3,25138.82,1488.68,1979.71,155659.31,outros,sim,solteiro,fundamental,clt,centro_oeste,0
1406,26,4852.27,26742.8,26,5.99,734,2423.38,6,1,25314.66,6941.42,694.27,69112.4,negocios,nao,solteiro,fundamental,estudante,sudeste,0
1407,37,4350.23,44575.34,13,21.77,474,580.28,17,3,25955.67,6753.78,-500.97,111489.61,casa,sim,casado,medio,autonomo,sul,0
1408,67,1200.0,12253.52,18,5.46,447,501.98,11,0,16352.0,3531.34,5888.14,177000.47,outros,sim,solteiro,superior,temporario,sul,1
1409,18,6819.21,44731.21,7,17.88,628,1927.03,12,4,22417.72,3789.08,381.24,31150.67,casa,sim,viuvo,pos,autonomo,sudeste,0
1410,34,4654.01,3926.02,71,8.06,788,1811.72,2,4,19223.93,5481.52,3968.28,145555.0,veiculo,nao,solteiro,fundamental,autonomo,sul,0
1411,21,3927.36,37498.75,38,8.98,570,611.41,6,2,8157.79,2881.88,3863.43,72724.8,educacao,sim,casado,pos,temporario,centro_oeste,0
1412,50,3791.41,44344.9,68,9.6,494,881.6,3,1,805.8,5368.26,107.71,107363.97,veiculo,nao,divorciado,medio,estudante,sul,1
1413,32,5445.23,20429.37,51,4.34,493,1769.79,17,0,14475.19,8044.82,365.97,157533.3,veiculo,nao,divorciado,superior,autonomo,sul,0
1414,63,3191.24,5824.56,29,25.4,754,1326.93,17,3,28522.1,4281.12,2370.52,203179.05,educacao,sim,solteiro,superior,autonomo,sudeste,0
1415,51,1200.0,39112.37,68,23.3,684,2252.86,6,3,11278.31,2235.77,4916.03,189335.5,outros,sim,divorciado,fundamental,temporario,sul,0
1416,62,5532.83,40850.35,23,4.75,617,2122.2,7,3,26215.06,5243.38,3968.37,198020.85,casa,nao,viuvo,fundamental,clt,sudeste,0
1417,54,5734.39,17799.71,17,5.37,790,1310.12,12,2,22388.29,6049.2,563.8,10915.81,outros,sim,solteiro,medio,clt,sul,0
1418,42,4440.66,26095.99,59,22.79,461,1727.13,2,3,12364.24,4970.87,-1463.11,92615.72,veiculo,sim,viuvo,pos,clt,centro_oeste,0
1419,67,2733.77,39330.84,42,4.16,666,1672.83,10,3,20.14,700.85,2937.75,176286.99,outros,nao,viuvo,superior,autonomo,sudeste,0
1420,45,4960.08,11237.96,33,15.26,563,393.62,3,1,15085.22,6188.89,1910.72,178527.05,casa,sim,casado,medio,temporario,norte,0
1421,72,2163.84,31118.4,44,6.58,513,1167.37,9,3,13749.76,813.6,882.35,92339.17,veiculo,sim,casado,pos,temporario,norte,0
1422,74,2950.98,22093.7,69,18.2,787,1200.52,13,0,4855.99,4048.1,3240.45,62790.8,consumo,sim,viuvo,medio,clt,centro_oeste,0
1423,51,3448.74,10435.92,24,27.96,802,2261.89,13,4,28655.47,4022.38,5623.15,120728.52,veiculo,nao,divorciado,fundamental,temporario,sudeste,1
1424,56,6319.09,40330.53,65,8.13,753,2233.85,2,2,33441.89,7694.45,5247.24,164244.15,outros,nao,casado,pos,estudante,sul,1
1425,32,4147.3,17272.98,66,26.96,479,313.71,5,3,4243.5,7832.72,3392.22,152146.42,veiculo,nao,casado,pos,estudante,sul,0
1426,64,3993.84,45016.39,56,24.77,708,2140.79,6,3,8082.94,7087.85,5682.42,55137.72,outros,nao,viuvo,pos,clt,centro_oeste,0
1427,56,8318.45,28386.49,16,27.66,563,1599.1,13,0,22137.39,7467.7,1285.86,61.27,negocios,sim,solteiro,superior,autonomo,sul,1
1428,69,5434.43,25910.2,11,22.39,571,217.64,5,3,33280.17,2359.82,-1011.76,194973.22,casa,nao,divorciado,pos,autonomo,nordeste,0
1429,33,5410.19,21760.42,13,24.57,497,1065.43,8,3,32689.98,6588.41,1727.69,97980.53,casa,sim,solteiro,pos,clt,sul,1
1430,62,4134.54,20730.53,52,18.27,655,2240.37,4,0,32597.05,6868.91,3351.05,183143.82,negocios,sim,solteiro,superior,temporario,centro_oeste,1
1431,44,3726.53,39717.47,32,24.81,762,1011.1,6,1,15405.07,7113.63,4451.08,191697.82,educacao,sim,solteiro,pos,estudante,nordeste,0
1432,28,1200.0,33326.29,71,6.68,512,1749.36,8,3,34506.6,7255.66,5516.34,206535.26,consumo,sim,divorciado,superior,estudante,centro_oeste,1
1433,27,6543.73,37702.9,6,21.8,635,1492.34,3,1,12763.22,1887.56,2233.78,77617.31,negocios,nao,viuvo,medio,autonomo,sul,0
1434,50,5606.96,21659.33,30,19.09,679,1548.48,1,0,3034.48,2683.86,1109.9,145142.23,negocios,sim,divorciado,fundamental,clt,sudeste,0
1435,36,4477.5,14395.39,23,5.44,672,1295.46,2,4,24655.37,7161.34,396.99,131188.31,outros,sim,casado,superior,estudante,sul,0
1436,23,4552.99,6452.37,64,11.0,524,1299.03,8,2,19466.46,1752.46,2933.42,36110.28,negocios,sim,viuvo,superior,temporario,sudeste,0
1437,42,6125.06,37837.85,13,9.19,431,2274.14,2,1,27980.63,1553.67,3603.56,96130.02,casa,nao,casado,pos,estudante,sul,0
1438,55,2001.52,21395.08,32,13.72,751,1140.05,0,2,21738.77,8804.61,3132.72,94730.01,negocios,nao,viuvo,superior,autonomo,norte,1
1439,36,3738.21,25669.67,63,8.76,658,624.08,15,1,28722.64,8726.22,-277.94,41986.87,veiculo,nao,divorciado,superior,temporario,sul,0
1440,72,2754.65,23855.12,70,10.6,701,1153.78,17,0,12036.2,3362.24,1680.39,82484.94,educacao,nao,divorciado,medio,autonomo,sul,0
1441,62,7988.72,22116.77,66,11.1,632,1880.36,9,2,10077.79,573.04,-1220.66,95979.36,educacao,sim,casado,fundamental,clt,sudeste,0
1442,47,6376.18,33617.43,49,18.4,574,1282.56,10,4,26503.62,3885.1,2259.0,175947.35,negocios,nao,divorciado,pos,clt,sul,0
1443,71,1200.0,30197.4,16,7.24,520,1878.46,2,4,17420.16,719.93,-129.24,188815.15,veiculo,sim,solteiro,fundamental,estudante,norte,1
1444,42,2075.23,46728.45,12,9.79,683,736.3,1,3,6278.84,1719.14,5135.56,157764.73,veiculo,sim,viuvo,medio,clt,sul,0
1445,25,4561.78,8820.13,33,11.61,752,1532.01,1,0,13125.67,2404.97,4504.12,177125.25,veiculo,nao,solteiro,pos,estudante,nordeste,1
1446,20,3949.61,28595.13,37,14.78,550,2185.24,3,1,28023.02,7633.37,3905.34,21663.91,negocios,sim,viuvo,superior,estudante,norte,0
1447,71,2416.11,5377.43,39,4.91,429,1407.97,2,1,32337.28,3690.05,-923.19,122543.41,casa,sim,divorciado,pos,estudante,sul,1
1448,72,8300.57,39260.29,9,27.98,482,1657.42,13,0,26611.28,569.88,1685.03,56939.38,outros,nao,divorciado,superior,estudante,sul,0
1449,60,5362.57,30542.17,50,11.21,651,1754.83,13,0,25134.38,5913.45,-394.39,92101.52,negocios,nao,solteiro,fundamental,estudante,nordeste,0
1450,23,5654.67,21991.24,32,10.9,514,1896.06,13,3,28407.68,1100.35,-1458.55,154670.52,consumo,nao,solteiro,fundamental,clt,centro_oeste,1
1451,34,3554.37,39001.72,13,17.32,745,992.67,5,2,7018.56,8099.89,1339.26,208322.48,veiculo,sim,casado,pos,autonomo,centro_oeste,0
1452,20,6100.09,23202.62,66,24.5,528,1634.28,6,4,20285.34,2585.51,647.11,78504.04,outros,sim,viuvo,medio,temporario,nordeste,0
1453,20,4115.22,12864.27,29,14.96,617,1145.51,6,0,20796.5,2520.8,5362.06,127046.18,veiculo,nao,casado,superior,autonomo,norte,0
1454,32,4289.98,23998.78,21,9.97,510,1087.02,2,0,33107.65,3874.87,5423.35,23561.35,negocios,nao,viuvo,superior,autonomo,centro_oeste,0
1455,50,5899.8,5722.85,38,17.58,601,1282.47,8,3,535.66,1413.29,5491.64,150159.59,educacao,sim,casado,superior,estudante,centro_oeste,0
1456,21,1867.8,43352.68,68,15.59,691,1126.13,9,1,33968.31,696.67,-1688.21,52373.81,negocios,nao,divorciado,pos,clt,norte,1
1457,74,7674.65,35758.61,60,14.15,738,240.02,3,1,25412.59,8272.12,2247.32,103186.48,negocios,nao,casado,fundamental,autonomo,sudeste,0
1458,43,5128.3,37094.37,12,27.61,715,1901.43,4,3,785.34,7840.67,-1657.74,71677.91,educacao,nao,viuvo,fundamental,autonomo,centro_oeste,1
1459,33,7105.7,42289.45,51,27.9,622,1535.67,8,4,18158.44,8288.72,2914.89,11144.1,negocios,sim,casado,fundamental,clt,nordeste,0
1460,47,2864.24,38516.55,49,17.49,602,499.19,1,2,2442.45,6251.44,2165.67,162964.51,educacao,nao,divorciado,superior,clt,sul,0
1461,63,3138.3,22149.29,64,5.63,550,786.23,10,3,21118.82,610.67,1556.96,136262.87,consumo,sim,casado,superior,estudante,sudeste,0
1462,35,2708.58,7897.96,69,17.61,815,1597.6,6,1,15806.25,8772.1,-1389.59,179874.42,outros,sim,divorciado,medio,autonomo,norte,1
1463,20,5250.54,19488.1,55,26.86,713,1381.8,12,4,27034.92,6524.48,-982.02,208189.19,casa,sim,divorciado,pos,clt,sudeste,0
1464,20,4918.77,45000.85,49,26.22,776,1858.34,13,2,20280.01,4029.47,641.66,90389.59,negocios,nao,viuvo,medio,clt,norte,0
1465,66,3964.06,45683.62,29,9.17,715,1315.02,6,0,27523.31,6726.08,87.66,166383.43,veiculo,nao,divorciado,pos,autonomo,nordeste,0
1466,24,2974.68,37438.12,65,8.56,454,2139.56,6,2,12907.51,5320.14,-405.1,68168.04,consumo,nao,casado,fundamental,autonomo,norte,0
1467,54,2520.13,11801.59,68,7.65,526,359.7,9,1,29991.05,6209.28,4840.03,95228.25,casa,sim,divorciado,medio,autonomo,norte,1
1468,39,4712.73,11347.47,71,23.67,604,1602.6,0,0,30320.72,7504.89,-1577.8,183900.32,educacao,nao,divorciado,superior,autonomo,sul,0
1469,62,3961.94,42529.6,69,15.76,545,1042.0,3,0,22940.36,8457.56,-100.57,197671.35,outros,nao,casado,pos,clt,sul,1
1470,21,3565.91,8957.17,48,12.11,783,891.88,2,1,9230.11,7271.57,5352.86,82708.79,educacao,sim,viuvo,fundamental,clt,centro_oeste,0
1471,69,7584.76,29078.26,69,11.8,616,2369.25,5,0,34700.08,8115.01,4999.32,176610.92,educacao,sim,casado,medio,estudante,nordeste,0
1472,57,4651.81,19710.45,57,10.61,508,2184.03,10,0,28620.68,5323.78,970.89,168495.82,negocios,sim,viuvo,medio,temporario,nordeste,0
1473,43,7086.08,16241.5,21,25.18,659,606.22,4,2,29807.81,3376.68,4474.42,41027.35,negocios,sim,casado,pos,clt,nordeste,0
1474,29,3840.15,33320.88,8,13.83,571,313.25,9,0,404.29,6192.36,-612.58,137633.49,veiculo,nao,divorciado,medio,temporario,sudeste,0
1475,73,5240.6,46160.39,70,9.86,471,2192.03,12,3,28915.06,5227.93,3195.32,109145.0,negocios,sim,casado,medio,autonomo,norte,0
1476,35,4700.14,37882.34,34,21.05,798,572.77,12,4,7621.62,977.8,5088.84,13822.27,casa,sim,casado,fundamental,temporario,sul,1
1477,45,1744.28,24620.4,63,19.25,798,2333.54,9,0,17788.97,5394.99,1881.35,120377.79,negocios,sim,solteiro,superior,temporario,nordeste,0
1478,40,7371.01,22552.37,25,21.17,730,823.38,10,0,24649.99,4048.01,-498.34,215495.66,negocios,nao,viuvo,pos,estudante,sudeste,0
1479,31,4556.72,43798.72,29,23.73,545,1135.04,7,1,14360.23,3641.36,2714.65,171578.06,consumo,sim,casado,pos,clt,sul,0
1480,41,6143.55,28803.87,60,6.43,752,284.36,8,0,8526.82,6657.91,4035.75,44198.02,veiculo,nao,solteiro,superior,autonomo,sudeste,0
1481,26,3446.35,25097.08,40,4.05,535,1427.07,14,1,17506.37,8023.43,4951.84,48635.92,casa,nao,casado,superior,temporario,norte,0
1482,18,4503.28,33569.03,50,5.21,771,617.87,8,4,10491.82,2175.69,1157.24,70184.36,consumo,sim,divorciado,pos,temporario,centro_oeste,1
1483,34,3239.67,13290.5,27,20.96,773,1180.1,6,4,21536.22,7256.62,415.82,3958.13,veiculo,nao,divorciado,fundamental,autonomo,sul,0
1484,24,7024.8,5399.96,46,26.43,488,2313.02,17,4,3839.74,1941.56,3547.49,16197.04,educacao,sim,divorciado,superior,estudante,sul,0
1485,41,5360.54,41407.57,38,11.95,545,765.97,16,4,14291.11,5399.79,148.92,158234.8,negocios,sim,viuvo,medio,autonomo,sul,0
1486,67,5460.7,30130.41,67,22.75,699,1653.01,15,4,20706.09,7709.75,93.66,120262.94,casa,nao,viuvo,medio,autonomo,norte,0
1487,27,7244.73,10001.91,38,21.5,513,648.62,14,2,34668.25,8199.64,-377.55,153132.33,consumo,nao,casado,fundamental,autonomo,sudeste,0
1488,18,6881.41,16061.18,11,27.47,741,1594.84,6,0,17341.02,3121.78,1066.43,157391.17,negocios,nao,casado,superior,temporario,sul,0
1489,24,6177.62,47541.97,54,15.3,691,850.84,17,3,14906.01,7460.49,1626.15,16206.74,casa,nao,solteiro,medio,clt,sudeste,0
1490,46,2240.89,31366.28,68,7.99,510,1761.23,11,3,34622.44,7969.71,3853.91,208092.28,veiculo,nao,viuvo,fundamental,temporario,nordeste,1
1491,33,3547.78,31443.1,64,22.37,730,1967.84,16,4,32388.47,1968.59,-959.6,213258.3,educacao,nao,divorciado,pos,autonomo,norte,0
1492,45,2993.0,5783.45,12,23.65,437,2223.17,0,3,23553.84,3770.16,1522.42,7510.65,consumo,nao,divorciado,fundamental,autonomo,sudeste,0
1493,19,6109.56,46589.12,71,20.98,573,2311.14,1,2,19067.07,7098.12,3331.14,14915.11,consumo,nao,divorciado,superior,temporario,norte,0
1494,36,5107.17,43121.62,28,24.72,491,739.82,0,3,9481.34,625.11,2450.62,180331.33,consumo,nao,divorciado,medio,temporario,nordeste,0
1495,41,2297.08,27424.1,61,12.91,420,479.27,17,3,21834.85,5819.01,4346.12,133761.08,educacao,sim,viuvo,pos,estudante,sudeste,1
1496,42,4460.26,16577.2,47,20.57,716,292.56,5,0,29189.07,4024.46,5160.07,218177.45,negocios,sim,divorciado,fundamental,clt,sudeste,0
1497,49,2110.6,34261.51,70,10.33,481,1851.23,0,3,34355.53,4898.87,-140.61,54319.92,outros,sim,divorciado,superior,temporario,sul,0
1498,62,4704.32,40418.53,28,14.71,697,613.59,13,1,5983.98,4056.11,5287.44,175007.01,casa,sim,solteiro,pos,clt,sudeste,1
1499,44,1820.33,38268.52,46,9.82,450,2036.39,14,0,9591.98,2160.81,5105.86,115428.32,educacao,nao,divorciado,medio,autonomo,sul,0
1500,65,5751.89,46955.66,51,7.71,776,2418.38,16,1,30954.91,3461.87,1037.97,122140.33,outros,nao,divorciado,medio,estudante,sul,0
1501,48,5480.33,31476.92,16,4.86,811,523.28,10,4,30133.78,7818.93,4543.9,45955.39,consumo,sim,viuvo,medio,temporario,centro_oeste,1
1502,32,8234.31,17115.76,57,20.11,546,837.33,12,3,25083.06,5693.18,2218.79,133483.15,casa,sim,solteiro,fundamental,estudante,centro_oeste,0
1503,31,6326.17,25155.71,15,25.01,614,1395.83,11,0,3630.6,4556.74,4524.53,90348.63,veiculo,nao,solteiro,pos,temporario,sul,0
1504,36,4038.75,39642.43,60,11.55,668,1178.87,12,1,24718.94,6501.45,4034.54,48536.62,educacao,sim,viuvo,superior,estudante,sul,0
1505,52,6272.53,14573.09,14,14.3,655,1168.18,9,3,16417.07,2061.7,5706.74,184153.52,veiculo,nao,viuvo,medio,clt,nordeste,0
1506,31,2284.21,13029.08,17,4.09,430,683.68,0,2,12993.79,1209.52,-75.39,47124.68,educacao,sim,solteiro,superior,temporario,norte,0
1507,70,3067.55,35479.97,38,13.91,811,2242.98,3,3,8774.02,5163.09,3941.31,66068.83,veiculo,sim,casado,fundamental,estudante,sul,0
1508,45,5399.66,22721.45,18,10.75,794,1761.29,16,3,11129.32,597.77,-1691.61,19108.28,outros,nao,viuvo,medio,clt,sul,1
1509,67,1200.0,39653.95,11,17.78,614,536.97,0,0,18752.75,1759.84,5389.61,148769.73,negocios,sim,solteiro,fundamental,clt,norte,0
1510,56,4733.11,9037.6,9,25.8,641,190.3,1,4,5668.24,6595.0,-248.5,62451.9,educacao,nao,casado,fundamental,temporario,norte,0
1511,37,2963.53,17774.19,24,16.15,487,1949.42,14,2,17825.69,8163.75,1112.77,210734.4,negocios,sim,viuvo,pos,estudante,sudeste,0
1512,31,4982.35,14698.55,38,20.21,719,216.79,17,4,1687.12,2924.74,4776.03,163134.96,negocios,nao,casado,superior,estudante,sudeste,0
1513,60,2860.07,34253.0,8,20.93,625,2222.57,8,1,14372.29,3752.31,1925.69,198258.92,veiculo,nao,viuvo,fundamental,temporario,nordeste,0
1514,36,5563.65,37049.48,15,7.66,533,1408.27,2,3,33600.93,6288.68,3377.48,43211.86,outros,nao,divorciado,superior,estudante,sudeste,0
1515,32,4834.79,23248.12,46,12.32,542,2337.8,10,0,25864.13,7341.54,1019.24,140751.32,educacao,sim,casado,superior,autonomo,sul,0
1516,71,7320.66,24250.34,27,6.72,452,1970.71,0,0,2401.07,2711.8,2532.18,193564.99,outros,sim,casado,fundamental,estudante,sudeste,1
1517,45,4812.12,8507.45,56,14.58,735,2254.88,6,4,24074.27,7522.44,4794.56,211533.52,veiculo,sim,divorciado,medio,clt,centro_oeste,0
1518,20,3416.44,34433.18,61,25.29,445,1905.66,10,4,6863.96,8767.81,5161.71,143047.07,casa,sim,divorciado,superior,temporario,sul,0
1519,46,4355.61,47650.45,8,15.54,645,1517.75,15,4,16595.75,1247.65,1759.11,208472.16,casa,sim,casado,medio,autonomo,centro_oeste,1
1520,44,2380.37,37895.44,68,14.95,745,581.5,2,1,10295.9,2406.72,3817.16,32478.05,veiculo,sim,divorciado,superior,temporario,norte,1
1521,67,5531.05,12651.61,51,9.02,440,1868.14,10,4,32695.64,6672.25,1844.32,8923.99,outros,sim,solteiro,medio,estudante,nordeste,1
1522,58,5861.73,30852.08,60,11.45,480,1554.15,0,0,1905.41,811.98,5529.25,102318.98,educacao,nao,casado,pos,autonomo,norte,0
1523,28,9244.55,15920.53,37,26.48,724,1234.81,8,2,30833.53,2914.18,3874.96,69808.99,consumo,nao,viuvo,superior,clt,centro_oeste,1
1524,26,3680.7,3873.03,6,11.27,749,1475.93,12,2,24548.25,7678.47,1563.99,203719.49,casa,nao,viuvo,fundamental,temporario,sul,1
1525,52,4317.97,10681.94,64,21.55,452,718.83,0,3,12697.62,6294.07,2085.3,3538.57,outros,nao,viuvo,superior,clt,sul,0
1526,20,3763.63,7168.01,43,5.01,526,1118.27,13,3,30787.49,5946.0,-371.58,69750.98,casa,sim,casado,pos,autonomo,nordeste,0
1527,36,5181.8,11414.93,8,7.08,662,468.14,17,1,14220.6,5701.99,5539.83,76944.37,outros,nao,divorciado,pos,clt,sudeste,1
1528,25,5487.04,38700.0,16,11.48,636,1130.67,5,0,24442.95,4766.22,189.43,156855.1,casa,sim,divorciado,superior,autonomo,norte,0
1529,19,4703.93,15823.86,19,25.63,626,1263.28,13,1,27575.29,7017.3,-385.45,409.19,negocios,nao,solteiro,fundamental,temporario,nordeste,0
1530,70,6755.39,36945.32,30,9.26,524,2170.03,9,1,10023.68,7854.96,1726.51,186978.7,consumo,nao,divorciado,medio,temporario,norte,0
1531,23,3689.44,45673.25,35,21.44,635,1403.06,16,3,2528.95,7262.05,3864.06,205578.75,casa,sim,solteiro,pos,clt,centro_oeste,0
1532,18,6575.11,28629.43,34,8.02,440,2288.58,10,0,30384.4,4602.89,3525.11,106504.97,negocios,sim,divorciado,pos,estudante,norte,0
1533,71,5769.3,24586.11,63,18.71,769,2425.57,14,2,8095.05,7117.4,185.69,23798.86,veiculo,nao,viuvo,fundamental,clt,centro_oeste,0
1534,28,4778.35,36630.79,68,18.08,636,293.65,2,3,32613.25,6920.47,266.61,11155.64,educacao,nao,solteiro,superior,clt,sudeste,0
1535,64,4233.11,6917.6,50,18.93,569,1565.37,4,3,11026.39,4373.99,37.97,56856.07,negocios,sim,casado,pos,temporario,norte,0
1536,19,9168.0,21983.65,47,10.87,566,874.22,7,3,14521.35,3339.94,2905.18,29607.03,veiculo,nao,viuvo,fundamental,clt,sul,0
1537,26,3329.38,25196.52,63,7.89,567,2155.08,16,1,15060.86,3986.15,5665.39,110648.3,negocios,sim,solteiro,pos,estudante,sul,0
1538,24,5336.28,40312.83,23,25.28,594,1326.26,11,2,16376.12,4692.26,5137.41,90238.8,negocios,nao,casado,pos,clt,sudeste,0
1539,58,3449.61,39546.9,42,17.67,497,361.16,3,0,33696.69,1749.09,2135.15,42187.68,negocios,sim,divorciado,superior,autonomo,centro_oeste,0
1540,53,8014.12,41096.07,48,9.09,660,678.82,15,2,8578.04,2357.09,1147.12,183298.14,outros,sim,solteiro,superior,temporario,sul,0
1541,45,6396.29,34253.22,24,13.92,493,1743.42,11,4,21289.59,1365.66,1286.71,132065.61,negocios,nao,viuvo,fundamental,estudante,sudeste,1
1542,31,3578.97,26640.29,68,5.61,545,364.71,7,4,10294.59,1114.5,4488.48,137785.36,outros,nao,solteiro,medio,estudante,nordeste,0
1543,23,5722.67,40168.51,21,15.41,768,1059.46,6,3,4582.56,5312.01,3274.65,150335.15,outros,sim,divorciado,fundamental,temporario,centro_oeste,0
1544,50,5263.85,42234.35,9,14.17,645,2202.16,12,2,10107.02,6433.63,-1478.14,190258.16,outros,nao,solteiro,superior,estudante,sul,0
1545,31,3870.08,24362.05,27,7.19,781,247.75,15,4,19334.14,5715.71,-1209.97,148484.27,educacao,nao,casado,pos,temporario,norte,1
1546,51,6164.7,47347.62,59,14.66,683,1795.18,9,2,21244.65,6678.66,1954.57,29256.08,negocios,nao,viuvo,medio,autonomo,sul,0
1547,57,5500.75,42304.22,30,19.35,733,1747.12,15,3,9230.25,3955.25,2352.11,84281.93,outros,nao,viuvo,medio,clt,nordeste,0
1548,66,5188.26,25726.37,20,26.28,455,924.11,12,2,34556.01,7292.77,5692.74,114753.27,outros,nao,divorciado,fundamental,temporario,nordeste,0
1549,46,4724.54,5652.59,63,20.88,621,441.5,1,0,12695.99,6855.31,-699.63,40748.44,veiculo,nao,solteiro,fundamental,estudante,nordeste,0
1550,18,5575.9,12714.39,16,16.06,560,417.58,14,3,29121.33,6543.54,4499.95,206852.54,outros,sim,solteiro,medio,clt,centro_oeste,0
1551,33,5212.9,37826.14,16,22.48,426,2428.61,10,4,1226.19,7011.01,5184.86,55510.22,outros,sim,divorciado,medio,temporario,sudeste,1
1552,66,4906.37,7557.52,65,10.72,455,1750.45,9,3,24332.63,2467.29,1145.49,169854.97,consumo,sim,viuvo,fundamental,autonomo,sudeste,0
1553,48,3646.17,23875.9,27,20.05,495,1052.3,11,3,10621.19,5340.24,-537.96,209353.15,casa,nao,casado,fundamental,estudante,norte,0
1554,53,7848.78,30020.77,6,4.12,422,2113.83,1,0,18791.12,7086.96,121.24,60458.29,negocios,nao,divorciado,fundamental,temporario,norte,0
1555,44,2909.24,42464.78,34,5.74,594,419.74,16,0,29281.12,1340.38,3369.71,100244.73,educacao,sim,solteiro,superior,estudante,centro_oeste,1
1556,27,5569.75,41043.68,54,18.98,440,474.47,15,4,25369.56,2600.11,-1255.64,54734.3,veiculo,sim,divorciado,fundamental,estudante,centro_oeste,0
1557,69,4223.57,37274.65,55,8.62,749,638.35,17,2,12587.18,4672.07,5107.67,180948.71,consumo,sim,solteiro,medio,autonomo,nordeste,0
1558,62,7967.19,21050.09,11,20.53,656,1951.46,10,2,25636.78,4020.57,4101.57,174953.54,outros,nao,viuvo,fundamental,temporario,sudeste,0
1559,74,3173.73,8972.34,24,19.28,805,1128.64,4,3,14489.91,8271.28,4396.71,196531.82,casa,nao,viuvo,medio,clt,norte,1
1560,66,3476.53,32969.04,46,5.53,453,1670.78,10,4,2222.02,6880.46,3974.52,13793.93,negocios,sim,viuvo,pos,estudante,nordeste,0
1561,34,3054.33,10748.63,49,13.42,451,719.29,5,2,23295.47,847.06,-796.14,162811.03,consumo,nao,solteiro,pos,autonomo,norte,1
1562,32,5382.24,28039.81,46,18.71,767,1983.33,9,2,32788.57,4455.1,3900.96,127522.67,outros,nao,divorciado,medio,autonomo,sudeste,0
1563,32,2328.51,47120.86,28,21.12,576,2039.86,14,2,2927.83,6981.76,2873.68,93166.47,outros,nao,casado,pos,estudante,sul,1
1564,70,3938.65,27539.09,62,23.59,723,1138.76,3,2,24066.89,6186.59,-1402.47,195685.52,veiculo,nao,divorciado,fundamental,clt,sudeste,0
1565,49,1200.0,31872.84,11,11.93,495,665.53,8,3,29390.69,5070.03,420.17,190817.08,casa,nao,viuvo,pos,estudante,norte,0
1566,43,5232.76,33329.68,60,24.08,423,1641.72,8,0,20882.14,1224.16,1500.18,153941.82,casa,nao,solteiro,fundamental,temporario,sul,0
1567,73,3899.61,40282.67,68,12.5,619,774.23,16,1,16989.08,8278.65,2434.68,37855.38,consumo,nao,viuvo,medio,clt,sul,1
1568,52,2121.5,22291.62,51,4.17,649,524.04,9,2,8302.42,4028.33,-391.88,57116.91,educacao,nao,divorciado,superior,estudante,sul,0
1569,69,6754.1,25136.7,34,18.64,464,1608.65,6,2,6784.8,1733.65,2312.36,34337.59,veiculo,sim,solteiro,medio,estudante,nordeste,1
1570,74,2446.2,10506.73,31,9.8,424,1369.95,6,2,13870.38,1217.36,5669.28,56373.18,outros,nao,casado,medio,estudante,sul,0
1571,22,6234.5,30467.93,34,6.99,504,1997.62,5,2,22445.08,7170.76,966.07,170096.12,negocios,nao,divorciado,fundamental,estudante,sul,0
1572,38,3538.13,15956.99,16,10.2,463,858.16,2,4,11013.52,5708.35,-618.48,73392.39,negocios,nao,solteiro,superior,estudante,norte,0
1573,59,7682.83,25596.93,20,23.87,818,702.7,12,4,17094.21,2639.56,1856.01,62175.51,consumo,nao,divorciado,medio,clt,sul,1
1574,64,6149.19,37378.35,47,25.94,815,1666.01,13,4,20999.63,5030.77,1714.53,54757.12,negocios,sim,casado,fundamental,temporario,nordeste,0
1575,26,2985.51,3299.43,42,27.08,426,1806.46,3,2,7349.29,8544.97,5354.11,11104.36,casa,sim,casado,fundamental,temporario,nordeste,0
1576,36,3149.25,28158.16,38,11.27,602,1139.0,8,2,25948.83,4691.49,1806.38,74847.16,casa,nao,casado,superior,estudante,norte,1
1577,49,5889.95,10391.75,37,14.94,573,1206.27,13,2,22002.71,3820.39,97.95,20780.15,casa,sim,divorciado,medio,autonomo,sul,0
1578,63,4327.72,15211.94,11,23.26,430,466.62,12,4,20714.19,3116.67,-49.04,123622.59,educacao,nao,solteiro,pos,temporario,nordeste,0
1579,24,4495.18,4079.45,63,11.63,686,1269.05,1,3,16733.89,2049.36,-1530.5,40684.51,veiculo,sim,divorciado,pos,clt,sul,0
1580,52,7090.03,10210.56,69,13.24,760,2410.28,0,4,12768.2,8237.97,3982.84,59775.22,outros,sim,viuvo,pos,autonomo,nordeste,1
1581,34,3452.36,47391.64,22,9.69,664,443.78,1,4,19208.47,1959.43,288.96,105238.89,negocios,sim,viuvo,pos,clt,centro_oeste,0
1582,30,4964.33,47932.79,26,17.74,786,1497.69,9,4,26800.6,964.24,4346.0,83840.91,casa,sim,solteiro,superior,temporario,nordeste,0
1583,47,6518.33,35253.08,47,19.82,674,222.67,16,2,24710.36,1713.18,2492.52,70731.26,educacao,sim,casado,medio,clt,sudeste,0
1584,41,6256.41,30339.49,6,11.64,639,934.87,1,1,25819.9,2051.21,3750.84,210450.05,veiculo,nao,viuvo,fundamental,temporario,centro_oeste,0
1585,54,4512.7,37853.82,12,4.58,799,1945.85,12,4,7329.61,4110.99,-215.19,12836.69,consumo,sim,divorciado,superior,temporario,nordeste,0
1586,36,4279.97,43293.22,65,21.66,702,1495.81,13,1,27288.96,8231.94,-591.01,193678.22,outros,sim,viuvo,medio,temporario,sul,0
1587,64,1670.13,26128.38,17,18.8,725,368.23,17,1,11739.43,1645.96,1461.59,204277.83,casa,sim,divorciado,pos,clt,centro_oeste,0
1588,22,2898.76,4105.42,44,9.26,732,1228.25,10,4,8157.87,1742.47,982.91,212938.99,veiculo,sim,solteiro,fundamental,autonomo,sudeste,0
1589,67,5373.05,34777.51,64,11.55,432,363.46,17,3,4254.29,4217.35,2147.94,189653.73,casa,sim,divorciado,superior,autonomo,sudeste,0
1590,19,4551.81,47299.41,54,26.97,713,1046.59,8,2,29061.46,8182.08,4036.72,178166.72,veiculo,sim,casado,pos,estudante,sudeste,0
1591,59,4934.87,14241.41,23,19.12,719,1963.97,4,2,21811.91,8380.63,5289.02,52079.17,casa,sim,solteiro,superior,autonomo,centro_oeste,0
1592,37,6670.66,23587.68,16,18.29,617,779.14,17,2,29445.71,8582.07,2835.62,39632.71,casa,nao,divorciado,superior,estudante,nordeste,0
1593,39,2662.82,18937.99,53,19.35,645,1231.86,9,4,19649.55,1578.47,-38.28,132598.87,veiculo,nao,divorciado,fundamental,clt,centro_oeste,0
1594,19,4374.88,20266.27,32,26.91,753,1340.79,5,2,30109.82,6497.09,504.22,117810.28,casa,sim,solteiro,fundamental,estudante,sudeste,0
1595,58,5139.68,35323.7,69,12.16,476,2159.6,11,2,19479.99,6002.68,5264.09,158593.12,consumo,sim,divorciado,fundamental,estudante,sul,0
1596,27,3532.51,19717.4,48,10.74,630,461.89,7,0,22604.56,759.03,-164.83,25844.84,outros,sim,divorciado,superior,clt,norte,0
1597,55,7376.66,45319.33,6,13.04,728,1456.97,13,0,1972.62,6214.55,-1059.57,62937.45,negocios,sim,casado,superior,temporario,nordeste,0
1598,59,6435.46,38429.46,22,23.22,523,251.43,13,1,23438.05,6424.37,5385.05,147891.67,outros,sim,casado,superior,autonomo,sudeste,0
1599,66,5322.24,3757.94,55,6.9,525,396.54,0,1,20919.91,6081.62,-1592.01,134614.08,consumo,nao,viuvo,medio,clt,sudeste,0
1600,58,8029.62,39743.97,52,8.96,421,692.08,9,1,8472.67,2333.45,4041.48,76695.49,veiculo,nao,solteiro,pos,estudante,norte,0
1601,35,2101.99,37665.01,54,9.48,544,1849.74,15,3,3945.68,3325.07,-664.27,32579.76,educacao,sim,divorciado,medio,estudante,sudeste,0
1602,60,4786.09,26000.46,21,19.27,563,275.37,11,2,12151.47,5206.96,3397.7,188731.5,veiculo,sim,divorciado,pos,estudante,sudeste,0
1603,65,5459.41,25105.19,22,19.4,800,2372.56,12,0,2106.39,1676.57,-345.79,182849.26,casa,sim,solteiro,fundamental,temporario,sudeste,0
1604,36,3153.8,40516.47,19,12.93,453,1172.19,17,2,21029.02,1849.4,5197.76,32165.72,casa,sim,casado,fundamental,autonomo,norte,0
1605,25,5341.29,21827.73,51,10.63,678,2125.67,6,0,19108.0,6439.37,-1411.04,164845.53,consumo,nao,divorciado,pos,temporario,sudeste,0
1606,68,2808.15,9755.54,6,22.11,445,694.75,12,2,32123.54,1908.52,575.06,31222.09,casa,sim,casado,pos,temporario,sudeste,0
1607,26,6043.0,16736.9,59,4.76,739,963.72,0,0,18114.66,641.84,4307.68,99315.79,veiculo,sim,solteiro,superior,temporario,centro_oeste,1
1608,51,6704.1,14566.71,24,21.73,607,1866.68,2,0,25540.57,2073.35,2625.07,102545.59,negocios,nao,casado,fundamental,clt,sul,0
1609,31,5290.2,33488.19,38,9.05,590,1059.74,12,4,23239.48,1141.97,1490.62,88399.4,consumo,sim,divorciado,medio,autonomo,norte,1
1610,25,1464.96,10638.74,22,25.67,797,1357.37,3,0,24488.24,2898.44,1597.19,75276.24,educacao,sim,casado,superior,estudante,sudeste,0
1611,62,3059.77,31837.15,34,13.93,719,2057.47,14,4,10977.83,6962.81,2118.08,102862.51,consumo,sim,divorciado,pos,autonomo,nordeste,0
1612,26,5816.48,23701.5,56,19.42,462,1690.54,15,2,14537.25,7181.78,5960.02,156582.81,educacao,nao,viuvo,superior,autonomo,sudeste,1
1613,56,4838.16,40704.57,19,6.9,526,2119.23,16,4,4191.94,1106.5,3454.47,72830.65,negocios,sim,divorciado,superior,estudante,norte,0
1614,57,1200.0,24567.44,43,10.09,529,380.65,0,0,22766.53,5347.43,1999.07,127629.81,veiculo,nao,divorciado,medio,autonomo,nordeste,1
1615,21,7037.09,44806.08,9,20.81,663,1590.72,5,2,10585.32,1248.41,710.43,78897.94,consumo,sim,solteiro,fundamental,autonomo,sudeste,1
1616,27,5045.98,43471.35,17,17.21,752,1574.79,9,4,19207.74,2090.23,2129.67,213638.65,educacao,nao,viuvo,superior,clt,centro_oeste,1
1617,63,3325.67,10930.58,51,22.49,675,1588.47,0,0,32253.33,7165.81,5396.4,150421.43,outros,nao,solteiro,fundamental,autonomo,norte,0
1618,46,6590.92,33720.57,43,17.52,580,1546.04,16,2,23902.0,8762.07,-92.02,187499.74,educacao,sim,viuvo,superior,clt,sul,0
1619,24,3580.43,12265.43,46,17.66,718,1859.3,17,0,9368.32,2808.76,894.74,95061.49,consumo,sim,viuvo,medio,estudante,norte,0
1620,74,3560.79,39960.35,20,24.6,723,2138.16,13,1,18012.65,7102.49,-1293.03,56396.56,consumo,sim,viuvo,superior,estudante,centro_oeste,1
1621,33,5445.03,31425.4,19,14.19,452,712.67,5,4,21076.19,3407.43,3108.0,17377.02,educacao,sim,casado,superior,temporario,sudeste,0
1622,18,8005.87,15882.36,34,25.48,636,422.59,2,2,29755.37,7168.77,4182.73,179751.66,outros,nao,casado,superior,temporario,sul,0
1623,70,7722.46,13835.13,14,12.93,704,351.62,14,1,27781.64,5347.26,3129.8,153590.6,casa,sim,solteiro,fundamental,temporario,norte,0
1624,18,5447.48,22045.78,64,11.89,661,547.55,13,3,11033.25,5143.78,4532.32,180669.61,negocios,sim,divorciado,medio,autonomo,norte,0
1625,49,5632.29,38932.9,23,22.71,517,1701.81,17,1,32187.46,7374.59,4211.84,149411.51,casa,sim,solteiro,medio,clt,norte,0
1626,74,6224.7,38725.35,53,4.28,484,1146.28,6,0,5158.58,6417.45,5785.23,8312.73,veiculo,nao,viuvo,fundamental,clt,nordeste,0
1627,50,2537.43,4018.62,16,8.13,536,990.82,3,2,9663.09,8751.38,1729.03,93467.86,veiculo,sim,divorciado,pos,temporario,sudeste,0
1628,51,5959.47,16254.07,48,5.72,560,2291.09,16,3,1185.25,3582.7,-1144.25,72935.74,educacao,sim,viuvo,medio,temporario,sul,0
1629,40,3478.67,21739.72,19,16.29,788,2268.41,1,0,10894.22,8617.89,2376.09,95376.56,casa,nao,casado,fundamental,clt,nordeste,0
1630,25,5373.26,29143.98,24,19.07,668,1430.23,10,0,14491.7,7534.95,4213.89,146963.12,consumo,nao,viuvo,fundamental,estudante,sul,0
1631,50,4390.56,9303.48,33,4.25,754,1243.72,8,2,8445.79,4695.07,1374.23,124571.69,consumo,nao,solteiro,superior,clt,sul,0
1632,69,5702.17,17755.38,14,7.88,430,807.42,9,1,441.43,4756.93,1704.01,139838.43,veiculo,sim,casado,pos,autonomo,nordeste,0
1633,23,5012.59,42794.66,14,11.26,733,1246.97,7,4,368.0,8166.61,3951.39,46305.7,casa,sim,divorciado,fundamental,clt,sudeste,0
1634,68,1200.0,24182.91,55,11.06,495,1133.33,0,1,32338.81,5493.28,-1668.65,109165.15,consumo,nao,casado,fundamental,temporario,nordeste,1
1635,41,5122.01,36358.52,28,6.33,646,196.13,11,1,25718.22,3371.29,3326.79,51736.66,veiculo,sim,divorciado,medio,autonomo,nordeste,0
1636,48,5955.88,24557.42,43,8.15,574,1939.9,4,2,24443.83,851.69,3716.24,112447.42,negocios,sim,solteiro,medio,estudante,sudeste,0
1637,27,5602.67,23656.71,48,24.33,765,1197.49,2,4,27500.69,3046.86,5771.23,64905.31,veiculo,nao,viuvo,superior,temporario,sul,1
1638,53,4615.35,30797.61,47,20.81,689,697.01,7,3,24296.63,2347.4,3893.6,47771.18,outros,nao,solteiro,medio,autonomo,sul,0
1639,28,7755.89,14301.09,47,11.11,604,1725.73,5,3,2151.01,1596.75,-779.08,206869.08,veiculo,nao,solteiro,superior,autonomo,norte,0
1640,33,5360.47,13866.0,70,10.32,623,1218.59,13,4,32400.58,6217.3,2086.76,58961.84,veiculo,sim,casado,pos,estudante,nordeste,0
1641,59,5587.81,47515.6,47,5.92,702,907.85,6,4,15008.37,3863.43,1366.37,137705.71,outros,nao,viuvo,superior,estudante,sudeste,0
1642,20,6680.09,42039.14,28,12.37,707,715.48,9,2,15869.94,1303.82,1327.27,137811.06,educacao,sim,casado,pos,autonomo,nordeste,0
1643,43,5452.67,36067.85,24,13.55,649,317.21,8,1,31029.93,3279.35,4323.71,126871.11,educacao,nao,viuvo,fundamental,estudante,nordeste,1
1644,51,3183.57,8740.08,58,25.7,710,1347.01,15,0,7157.6,1693.53,2732.61,158128.97,veiculo,sim,solteiro,fundamental,clt,nordeste,0
1645,25,1200.0,3875.22,33,21.83,735,1051.03,1,2,10948.68,5588.13,3900.82,133838.31,veiculo,nao,viuvo,medio,estudante,norte,0
1646,34,3941.18,10481.27,42,15.5,432,273.56,0,3,29925.41,4128.75,4017.22,186917.05,consumo,nao,solteiro,medio,estudante,centro_oeste,1
1647,37,6169.7,45166.76,59,7.24,566,2064.78,15,1,18188.15,8440.76,3569.03,5605.33,outros,sim,divorciado,pos,autonomo,norte,0
1648,55,4164.43,39641.18,21,19.75,780,2055.22,5,2,14705.24,5674.31,4110.61,16229.07,educacao,nao,viuvo,fundamental,estudante,centro_oeste,1
1649,73,6242.12,26299.96,20,26.46,548,1316.86,12,2,33409.68,7003.97,-95.23,121906.05,consumo,sim,solteiro,medio,autonomo,sul,0
1650,65,5067.71,46579.52,9,5.87,749,2126.25,10,2,31105.11,3347.98,-1030.05,87925.12,veiculo,sim,viuvo,pos,clt,norte,0
1651,28,7118.52,9169.49,10,24.37,639,1295.93,13,4,31058.63,6913.08,-542.18,46650.05,negocios,sim,divorciado,medio,autonomo,centro_oeste,0
1652,19,4268.61,27941.35,46,8.32,528,571.85,11,2,7427.08,6745.65,4508.26,77609.69,veiculo,sim,casado,superior,temporario,sul,0
1653,20,5641.71,10836.61,39,20.83,560,1380.83,4,2,29536.39,8922.59,5657.29,142876.84,veiculo,sim,viuvo,medio,autonomo,nordeste,0
1654,51,5710.59,16442.5,25,8.41,613,905.16,9,2,22984.3,6119.94,5507.26,187691.74,educacao,nao,viuvo,fundamental,temporario,centro_oeste,1
1655,26,7502.88,45276.14,19,18.4,469,1229.49,5,1,24203.46,8287.3,-1699.88,39939.02,educacao,nao,casado,fundamental,estudante,sul,0
1656,31,1728.05,42006.67,51,9.7,543,2431.95,7,3,1674.08,7868.78,5961.56,64309.78,outros,sim,viuvo,fundamental,estudante,norte,0
1657,66,3974.87,7131.84,11,17.0,692,1004.83,9,3,19450.71,8309.21,5114.93,30807.59,casa,nao,viuvo,pos,temporario,sul,0
1658,67,6327.33,13854.24,52,18.4,782,680.86,1,2,7649.65,5371.92,-248.97,219255.56,outros,sim,solteiro,pos,temporario,norte,0
1659,65,7582.61,29550.09,65,18.84,800,478.24,0,1,32449.05,2403.87,2547.73,4380.21,outros,nao,divorciado,medio,clt,sudeste,0
1660,32,5232.13,5291.55,36,20.39,573,2230.71,12,4,19657.14,5472.73,5879.97,34700.25,consumo,sim,viuvo,medio,estudante,sul,1
1661,53,4273.13,27528.85,38,5.66,737,214.66,1,4,21608.65,8334.22,1873.75,84653.5,consumo,nao,solteiro,pos,temporario,sudeste,0
1662,52,6162.81,29094.36,41,20.88,578,2285.29,16,3,8514.97,8770.66,5636.85,43764.02,outros,sim,solteiro,pos,temporario,nordeste,0
1663,28,6363.66,15739.01,12,7.71,742,323.31,11,4,14748.16,8542.42,2441.73,149642.11,negocios,sim,viuvo,superior,autonomo,centro_oeste,0
1664,49,4152.61,15837.1,47,20.25,784,1926.17,14,2,18529.05,4249.27,886.03,5030.09,veiculo,nao,solteiro,superior,autonomo,sudeste,0
1665,47,5394.55,12923.11,30,6.98,598,861.27,8,3,28421.41,7336.81,-547.87,113263.39,outros,sim,casado,pos,temporario,sul,0
1666,40,6924.95,45073.27,36,15.51,660,759.79,12,1,21405.54,4652.77,-988.21,43264.16,outros,nao,casado,superior,clt,sul,1
1667,60,8202.83,20193.64,7,13.28,766,597.45,3,3,3956.29,6379.67,3712.15,139031.05,educacao,nao,viuvo,medio,clt,nordeste,1
1668,56,6136.69,29129.74,63,27.22,475,492.08,11,0,15777.34,4168.07,755.11,25797.09,negocios,sim,divorciado,pos,estudante,norte,0
1669,48,4879.45,16221.64,28,19.14,518,333.66,5,2,10343.3,3071.86,1380.31,43444.35,educacao,nao,casado,pos,autonomo,centro_oeste,0
1670,59,4702.66,34471.21,11,6.12,670,539.7,13,1,18862.05,4256.45,5510.23,182601.06,veiculo,nao,casado,superior,estudante,sudeste,1
1671,61,5803.31,7115.58,57,20.82,491,1545.27,6,2,16444.23,3109.33,-241.2,198010.05,consumo,nao,casado,pos,temporario,centro_oeste,0
1672,50,4591.79,5759.69,70,8.66,737,1501.65,13,1,781.48,4097.02,1111.54,79495.7,negocios,nao,solteiro,superior,clt,sul,0
1673,33,5141.35,36364.91,40,10.87,526,832.09,16,4,7263.09,6260.32,5294.61,129268.43,veiculo,sim,casado,superior,temporario,centro_oeste,1
1674,61,2895.82,35563.39,8,13.08,555,1757.33,0,0,23102.76,2206.36,5536.64,148584.96,consumo,sim,divorciado,fundamental,temporario,nordeste,1
1675,58,7134.7,14557.56,71,22.63,744,1965.54,1,4,19051.52,6252.08,4461.46,167390.09,educacao,sim,solteiro,fundamental,estudante,sudeste,0
1676,74,2747.67,18654.63,19,26.66,630,2454.01,6,3,1864.85,1125.77,1188.53,117859.85,casa,sim,viuvo,pos,clt,nordeste,1
1677,26,4022.2,46055.35,21,26.18,736,1200.26,9,4,20918.36,513.54,-821.42,127297.9,veiculo,sim,divorciado,pos,temporario,nordeste,0
1678,41,4975.67,7247.03,52,8.1,670,1049.05,15,1,17613.96,2480.88,4357.4,172389.9,outros,sim,viuvo,pos,temporario,norte,0
1679,70,8383.78,10833.19,27,5.45,625,2437.77,7,3,5257.05,2220.06,4744.5,120212.11,negocios,sim,divorciado,superior,clt,norte,0
1680,47,4039.17,22066.75,11,23.88,624,2365.79,15,0,68.57,7581.82,3775.79,118328.46,casa,sim,casado,pos,clt,sul,0
1681,71,3601.17,15335.5,51,10.92,741,2330.52,13,3,11739.57,6926.35,831.65,62261.9,casa,sim,divorciado,superior,estudante,sudeste,1
1682,18,3808.53,32029.89,23,17.99,819,1592.38,12,2,27289.26,6164.3,3288.92,184405.6,outros,sim,viuvo,fundamental,estudante,sudeste,0
1683,20,7786.01,33922.38,62,27.49,429,1613.14,16,3,4656.06,6503.15,3677.72,97202.12,outros,nao,solteiro,medio,clt,centro_oeste,0
1684,63,1200.0,26450.66,16,8.47,622,2332.91,5,3,33055.11,6135.39,5121.96,121596.87,negocios,sim,casado,pos,temporario,nordeste,1
1685,38,2995.07,30309.48,65,13.0,733,1293.18,12,2,18985.87,7524.83,-714.6,139133.86,consumo,sim,viuvo,pos,temporario,sul,0
1686,47,9716.32,22220.65,53,24.82,677,675.26,14,1,26543.82,5038.11,257.83,118946.85,casa,sim,viuvo,medio,temporario,sul,0
1687,42,5863.59,37097.62,21,19.6,613,2465.8,17,3,34189.89,649.96,1348.85,97325.89,consumo,sim,viuvo,fundamental,temporario,norte,0
1688,41,2809.23,4415.48,44,26.5,737,2133.6,4,4,9192.8,7838.19,4530.87,106818.12,negocios,nao,solteiro,fundamental,clt,sudeste,0
1689,71,4724.55,16736.56,67,19.16,607,310.04,14,1,20400.01,4498.6,5170.87,21987.47,educacao,sim,solteiro,pos,clt,centro_oeste,0
1690,23,4921.42,33641.57,10,11.29,474,440.92,4,4,11923.0,8391.62,371.63,180901.41,educacao,sim,viuvo,superior,clt,norte,0
1691,62,6323.03,17498.85,60,23.32,528,2226.51,17,2,2959.1,8090.53,2132.32,17792.5,casa,sim,viuvo,pos,autonomo,norte,0
1692,68,8111.1,6073.36,36,22.22,437,878.52,9,4,27772.56,3894.39,2940.16,217148.44,consumo,nao,casado,pos,temporario,norte,0
1693,55,5499.39,18198.11,68,26.41,700,1795.62,15,3,423.03,8431.12,-509.35,213358.61,veiculo,nao,casado,pos,autonomo,sudeste,0
1694,40,3828.38,34873.01,19,15.43,809,453.35,10,3,30409.22,997.96,4380.53,194113.54,educacao,nao,casado,fundamental,clt,centro_oeste,1
1695,27,6216.75,8050.31,53,16.07,571,575.64,1,3,27809.34,6129.81,1873.03,16858.91,consumo,nao,solteiro,medio,estudante,nordeste,1
1696,56,3543.15,35470.73,69,11.77,712,1913.89,6,4,22344.02,6292.68,5178.5,5702.93,veiculo,nao,viuvo,medio,autonomo,sudeste,0
1697,44,2939.99,37783.24,28,10.45,812,2451.96,10,4,20689.9,7641.11,2477.09,135815.48,educacao,nao,viuvo,superior,autonomo,nordeste,0
1698,26,1632.16,31406.18,13,27.92,577,1345.1,10,1,29598.12,4507.28,4697.89,36391.53,casa,sim,divorciado,medio,estudante,sudeste,0
1699,38,1982.77,13612.65,31,27.45,772,279.57,9,3,1949.68,2544.81,-1417.1,206931.78,outros,nao,solteiro,fundamental,temporario,centro_oeste,0
1700,72,3186.4,39140.94,45,16.71,427,723.62,12,3,25773.66,875.52,1623.11,144585.47,educacao,sim,divorciado,pos,autonomo,sudeste,0
1701,33,2679.98,12257.13,47,26.92,691,673.47,10,2,6314.68,4471.97,1469.29,188995.03,casa,nao,casado,medio,clt,centro_oeste,0
1702,28,5363.83,43714.85,37,12.55,486,2349.83,3,1,712.4,4352.84,-287.29,218712.98,outros,sim,divorciado,fundamental,autonomo,centro_oeste,0
1703,56,2641.08,34652.38,67,24.4,732,1152.43,1,2,10930.15,3529.28,2580.77,206427.96,educacao,nao,solteiro,pos,estudante,sudeste,1
1704,29,1200.0,4989.76,44,19.24,423,2378.6,5,1,11450.91,5909.59,4053.92,23138.26,outros,sim,divorciado,pos,estudante,sudeste,1
1705,70,2920.96,38867.56,48,21.21,753,2174.24,2,0,6741.63,5016.74,2047.87,216156.95,negocios,nao,viuvo,pos,autonomo,nordeste,1
1706,66,3950.65,25542.73,69,21.24,578,1225.87,12,4,24879.28,1482.21,4689.25,15459.11,educacao,sim,solteiro,pos,temporario,sul,0
1707,74,3710.19,23095.52,67,19.26,514,237.68,17,3,19561.88,909.02,485.24,171254.05,casa,nao,viuvo,medio,clt,nordeste,0
1708,70,7535.14,21633.26,28,24.46,641,2437.25,16,2,32202.14,8070.71,527.15,164853.88,educacao,sim,casado,pos,autonomo,norte,1
1709,31,3695.62,30101.67,24,13.41,815,203.37,10,2,26659.23,6808.45,-498.73,46850.48,casa,sim,solteiro,pos,temporario,nordeste,0
1710,30,6385.66,35468.32,55,24.38,484,2166.22,15,0,28914.55,4437.16,4316.26,84099.9,outros,nao,divorciado,fundamental,estudante,centro_oeste,0
1711,37,4765.83,43266.94,40,8.4,544,1138.7,11,1,31587.65,4716.39,-645.63,138738.38,outros,nao,divorciado,superior,autonomo,sul,1
1712,44,4723.85,14918.99,35,8.8,675,879.04,2,0,28222.56,1472.86,-631.82,109477.79,educacao,nao,solteiro,superior,clt,centro_oeste,0
1713,68,3296.32,31200.32,52,21.22,457,1127.26,10,2,4134.76,2739.84,-1745.18,154851.37,negocios,nao,casado,medio,autonomo,centro_oeste,0
1714,59,4694.19,33728.59,49,22.0,801,1008.03,10,2,6491.77,7510.59,1228.49,28832.65,outros,sim,solteiro,medio,clt,centro_oeste,0
1715,54,3422.83,33203.27,66,25.66,629,1778.76,9,4,14063.4,1573.9,1607.85,89561.85,consumo,nao,viuvo,fundamental,autonomo,norte,1
1716,68,5106.04,24931.53,30,10.59,816,1508.72,14,4,11622.35,1386.52,1718.7,157805.68,consumo,nao,solteiro,superior,autonomo,norte,0
1717,54,4374.75,20291.53,55,5.35,586,776.02,17,3,30989.9,5244.17,4176.13,1767.69,consumo,sim,solteiro,medio,estudante,sudeste,1
1718,39,3099.67,37188.24,20,16.18,753,1403.8,4,4,18347.0,7642.67,1434.63,143068.88,consumo,sim,divorciado,superior,autonomo,nordeste,0
1719,41,6585.41,16150.45,67,25.01,552,1119.48,0,1,30657.77,3722.53,-1766.76,118990.39,veiculo,nao,viuvo,superior,temporario,nordeste,0
1720,47,5568.31,11966.42,11,27.32,597,2315.9,11,0,13550.65,5989.93,2953.68,203477.87,educacao,nao,solteiro,pos,estudante,sudeste,1
1721,23,3993.49,27335.23,55,24.59,558,2250.32,1,2,31727.79,8168.24,-464.41,211673.88,educacao,nao,viuvo,medio,clt,norte,1
1722,60,5061.89,14676.29,12,15.76,638,1612.24,7,0,2510.46,8075.67,-1604.72,151590.11,casa,nao,solteiro,superior,estudante,sudeste,1
1723,55,4649.12,4012.11,64,24.72,509,2419.65,16,4,15594.17,4476.93,4263.52,118532.84,negocios,sim,viuvo,medio,temporario,sudeste,0
1724,59,3238.34,4846.7,69,9.14,621,1050.29,11,0,31539.46,3012.45,117.51,116730.13,outros,sim,casado,superior,clt,centro_oeste,0
1725,48,4926.89,34122.98,59,26.11,755,384.09,16,4,15736.91,5373.76,4091.26,97811.08,veiculo,nao,casado,fundamental,clt,centro_oeste,0
1726,62,3682.18,46778.14,58,17.6,482,290.55,0,3,25644.22,8355.69,3205.45,171252.18,veiculo,sim,viuvo,pos,estudante,centro_oeste,1
1727,72,3099.12,23188.32,37,13.34,737,2113.59,12,1,12630.68,6287.34,5089.83,73547.53,educacao,nao,casado,superior,autonomo,centro_oeste,0
1728,50,1879.02,9191.28,22,17.96,761,1069.7,5,2,29022.36,8618.96,993.64,53276.29,outros,nao,casado,pos,estudante,norte,1
1729,43,4154.51,39722.79,71,22.82,433,2175.84,1,2,22099.48,5422.88,3270.6,97127.52,educacao,nao,casado,superior,clt,centro_oeste,0
1730,23,5820.55,14395.33,40,9.76,690,1244.27,5,3,28415.05,680.4,2632.15,73170.31,consumo,sim,casado,fundamental,clt,norte,1
1731,62,3549.61,47801.0,59,6.45,614,205.92,16,2,18777.05,4307.36,4305.75,179131.45,educacao,nao,casado,superior,estudante,norte,0
1732,69,9337.28,28128.52,53,21.59,675,1406.46,7,2,22316.5,8177.84,768.82,60542.8,outros,sim,divorciado,superior,autonomo,norte,0
1733,57,6394.23,13084.78,52,26.86,537,1559.35,16,2,18502.92,787.0,2876.02,88450.5,outros,nao,divorciado,pos,clt,norte,0
1734,67,7147.79,25068.22,29,19.29,508,1227.5,2,0,19855.92,5752.95,2418.81,59427.49,negocios,sim,casado,pos,autonomo,centro_oeste,0
1735,67,6231.44,17759.85,34,7.42,534,2124.24,11,3,24120.84,3712.4,-1460.04,118418.41,veiculo,sim,casado,fundamental,autonomo,sul,0
1736,63,8135.16,37965.98,35,19.44,481,1674.1,7,1,4229.66,3930.86,-1534.76,67345.75,casa,nao,viuvo,pos,clt,centro_oeste,0
1737,46,3383.4,7314.62,45,6.8,582,1026.2,5,1,26900.2,5324.39,5243.43,137870.22,outros,nao,viuvo,superior,temporario,nordeste,0
1738,23,1200.0,41493.62,53,11.28,769,1848.09,9,1,12432.27,3998.39,3197.94,177382.73,outros,sim,viuvo,pos,autonomo,nordeste,0
1739,18,3996.97,37413.83,19,4.76,731,921.5,11,2,440.26,8321.2,2982.4,164934.96,educacao,sim,casado,medio,autonomo,norte,0
1740,29,5804.79,41692.05,21,15.7,491,2125.43,0,3,22528.62,3081.39,3996.19,66349.83,outros,sim,casado,superior,clt,norte,1
1741,42,5072.73,43222.22,9,11.71,643,829.84,11,4,21477.4,6953.89,-1677.88,124406.4,casa,nao,divorciado,fundamental,estudante,norte,0
1742,60,5295.85,12954.89,40,6.34,449,1726.54,5,2,25403.74,1282.68,10.2,84187.08,outros,sim,solteiro,fundamental,temporario,sudeste,0
1743,43,7177.64,26205.76,50,11.42,443,1143.01,14,1,34941.17,3329.17,3270.98,143043.17,casa,nao,viuvo,fundamental,estudante,centro_oeste,0
1744,19,5487.7,41171.46,19,19.54,670,414.75,3,4,16150.72,1841.92,3803.42,191738.39,educacao,sim,solteiro,fundamental,autonomo,sudeste,0
1745,29,6238.04,19671.15,52,10.94,541,1640.92,5,2,34066.28,2368.51,3111.01,184856.96,casa,sim,solteiro,medio,clt,sudeste,0
1746,73,3108.79,5248.54,6,7.43,701,1068.68,17,0,20222.34,5298.21,1405.92,195189.92,negocios,sim,viuvo,medio,autonomo,nordeste,0
1747,74,2828.29,15769.36,63,17.08,482,1651.49,4,4,12525.7,3407.32,2793.18,88587.84,negocios,sim,casado,medio,autonomo,norte,0
1748,39,7705.41,13507.37,51,22.08,467,1432.58,2,4,23722.64,914.4,3659.15,178488.84,consumo,sim,casado,superior,autonomo,nordeste,0
1749,63,4981.62,42087.85,51,23.92,706,276.5,9,1,6875.92,7838.92,1369.88,82862.12,outros,sim,viuvo,pos,autonomo,nordeste,0
1750,59,3678.19,23605.01,52,15.33,502,655.55,11,1,33820.22,6240.85,2599.16,22351.0,negocios,nao,solteiro,pos,temporario,norte,1
1751,71,3681.49,33601.26,29,21.07,443,1804.98,10,1,15437.02,8619.33,-1183.92,129525.79,consumo,nao,solteiro,superior,estudante,sul,0
1752,68,3631.58,46276.42,71,24.0,735,1264.96,7,1,372.1,7303.81,-477.48,131225.04,outros,sim,divorciado,medio,clt,sul,0
1753,53,3523.87,16113.05,55,20.15,702,1262.21,1,0,22936.39,5254.67,4226.08,167400.14,veiculo,sim,solteiro,medio,estudante,centro_oeste,1
1754,40,2490.33,37134.58,17,16.65,791,185.56,5,0,4211.56,4413.18,1164.04,184902.72,educacao,nao,divorciado,superior,clt,sul,0
1755,53,2099.24,3535.77,66,5.44,659,882.49,1,0,3112.06,8546.18,4268.69,196954.43,outros,sim,solteiro,pos,temporario,centro_oeste,0
1756,36,4448.99,7237.29,54,10.96,610,1733.16,15,1,824.41,4103.85,3459.42,154469.59,negocios,sim,casado,superior,temporario,sudeste,0
1757,37,3732.73,9864.86,26,11.68,688,2237.81,4,0,30903.87,5131.64,1028.34,137873.46,negocios,sim,casado,medio,estudante,norte,1
1758,52,6792.89,16715.03,68,13.48,736,1511.7,11,0,1178.73,3336.76,4212.65,3427.29,casa,sim,solteiro,fundamental,autonomo,norte,0
1759,50,5327.54,20835.92,22,26.82,671,1434.3,4,4,18802.08,2885.38,-814.41,24983.84,consumo,sim,viuvo,fundamental,temporario,norte,0
1760,51,5277.57,24204.22,48,9.01,547,1271.13,11,1,17130.27,7687.22,-547.41,30806.77,consumo,sim,divorciado,medio,clt,sudeste,1
1761,39,3462.38,13662.58,50,17.0,775,1754.08,1,4,31886.33,2599.6,1391.4,57016.11,consumo,sim,casado,pos,autonomo,centro_oeste,0
1762,41,4582.15,5512.8,69,27.79,701,2031.66,1,2,31889.99,1724.41,3315.24,196513.08,veiculo,nao,divorciado,medio,autonomo,sudeste,1
1763,18,5449.8,33327.3,43,18.85,770,691.99,5,2,32230.86,6688.33,522.56,159734.02,casa,nao,casado,pos,estudante,sul,0
1764,52,6089.15,3576.59,71,9.01,642,1836.43,4,3,14000.1,7649.85,721.14,139313.94,veiculo,sim,casado,pos,estudante,sudeste,1
1765,50,4630.99,39330.91,24,27.04,599,745.74,5,0,16572.56,8385.64,4921.4,27371.38,casa,sim,solteiro,pos,estudante,sul,0
1766,71,6742.42,44776.54,58,12.07,757,253.76,4,3,28898.4,6169.64,5219.11,144123.74,consumo,sim,viuvo,superior,temporario,centro_oeste,0
1767,46,4814.38,34821.79,22,5.15,664,353.26,12,2,4205.53,3461.22,5317.79,160632.58,veiculo,nao,viuvo,fundamental,clt,sul,0
1768,44,6227.12,29616.2,71,14.35,730,287.98,7,4,4004.64,4840.77,-1628.56,67749.83,casa,nao,casado,medio,temporario,sudeste,1
1769,21,3918.27,32394.34,56,9.78,775,830.0,2,4,32260.48,2083.29,4427.59,53618.49,casa,nao,divorciado,superior,clt,sul,0
1770,29,1537.34,32176.1,47,23.65,533,475.04,16,3,1030.19,2302.88,4142.16,151033.16,veiculo,sim,divorciado,pos,estudante,nordeste,0
1771,37,5283.05,44892.58,10,9.28,497,377.67,11,0,13400.58,8118.22,213.54,26487.68,negocios,nao,solteiro,pos,autonomo,nordeste,0
1772,39,6105.58,46375.92,38,23.68,479,522.4,7,4,6823.12,7715.11,-32.28,127956.39,educacao,nao,divorciado,medio,temporario,centro_oeste,0
1773,38,5835.63,21915.38,15,4.87,659,268.62,9,3,2939.53,2871.31,-1528.12,214576.05,consumo,sim,divorciado,superior,temporario,centro_oeste,0
1774,40,5559.94,30577.1,66,26.3,743,977.04,5,0,34085.38,3733.56,4612.14,5426.38,educacao,sim,divorciado,superior,autonomo,norte,0
1775,61,4172.54,39027.72,31,5.01,810,2088.93,7,0,5808.33,8649.73,2938.73,40136.49,casa,sim,solteiro,pos,temporario,nordeste,1
1776,25,3347.86,2547.24,60,26.52,433,1464.77,1,4,15119.12,3831.87,-1676.43,116635.37,consumo,sim,viuvo,fundamental,estudante,norte,0
1777,36,5793.11,26479.22,65,5.77,420,330.72,14,4,8966.04,3283.28,-42.98,15611.27,casa,sim,divorciado,pos,temporario,nordeste,0
1778,27,5567.61,32205.87,13,24.94,691,1049.82,6,2,17190.94,2205.24,4680.03,155709.25,casa,nao,solteiro,medio,autonomo,norte,0
1779,35,3790.38,35132.85,56,23.95,527,1177.22,12,4,26841.3,3965.07,2896.54,17762.72,consumo,sim,divorciado,pos,clt,sul,0
1780,57,6796.96,19279.92,25,18.27,610,579.99,0,2,23090.09,3590.78,4875.11,42154.23,educacao,sim,viuvo,pos,autonomo,nordeste,0
1781,20,3210.84,15951.82,13,4.86,451,1045.39,1,4,20011.24,6745.87,-655.7,120496.36,outros,nao,solteiro,superior,temporario,sul,0
1782,37,3749.66,10787.49,23,18.91,450,961.27,6,2,17873.84,3449.41,5630.24,179384.48,casa,sim,solteiro,medio,autonomo,nordeste,0
1783,19,7745.57,27880.61,42,18.83,631,1325.64,0,3,4614.82,4395.66,-182.02,80727.44,educacao,nao,viuvo,medio,estudante,norte,0
1784,72,6363.45,44328.31,62,17.37,695,1797.72,17,0,14087.63,3231.55,567.44,12403.96,casa,nao,solteiro,superior,autonomo,nordeste,0
1785,59,4155.58,43267.01,51,19.16,774,1290.9,0,4,31684.31,3214.69,5423.46,76526.14,casa,sim,casado,medio,clt,centro_oeste,0
1786,31,5317.29,18878.45,21,27.23,613,351.57,10,0,28718.31,2635.42,640.67,16208.92,veiculo,nao,viuvo,medio,estudante,nordeste,0
1787,29,5078.63,14232.41,25,27.89,678,308.13,6,1,2265.89,4733.96,2842.53,41437.92,consumo,sim,viuvo,fundamental,temporario,sul,1
1788,23,1200.0,38390.12,26,16.49,764,2240.07,3,2,29415.52,4146.69,883.95,102996.23,educacao,sim,casado,fundamental,clt,sudeste,1
1789,44,3168.35,35486.59,54,6.2,592,1791.85,2,3,28981.35,989.37,3969.55,193787.48,casa,nao,divorciado,pos,temporario,sul,1
1790,60,4708.48,25492.96,40,7.22,503,1704.66,5,3,28068.63,8409.69,628.82,196583.37,educacao,nao,viuvo,pos,temporario,sul,1
1791,51,4158.1,20200.88,7,21.29,750,2298.63,0,3,28518.44,3464.77,1642.03,154910.86,veiculo,sim,casado,superior,autonomo,sudeste,0
1792,68,5244.78,8132.8,11,27.57,420,1436.29,10,4,34406.19,6939.15,-1146.55,185312.76,consumo,sim,viuvo,superior,temporario,norte,0
1793,37,6833.07,38223.81,10,14.47,530,351.04,4,3,1932.19,8208.9,5383.35,117670.73,veiculo,sim,viuvo,fundamental,temporario,sul,0
1794,33,4221.24,30594.63,69,6.35,472,1837.37,0,0,13433.17,596.87,5267.04,210220.36,negocios,sim,divorciado,superior,estudante,centro_oeste,0
1795,45,2896.22,19648.12,39,12.47,677,556.47,2,3,33895.32,1548.18,4472.74,183616.74,consumo,sim,divorciado,pos,clt,nordeste,1
1796,29,5384.73,44304.85,38,13.24,527,1725.57,16,1,19343.41,2119.66,5010.14,144556.64,veiculo,sim,solteiro,pos,autonomo,sul,1
1797,73,4212.08,32515.11,56,27.92,557,1109.64,4,2,23880.4,8029.39,2901.38,51470.78,veiculo,nao,viuvo,fundamental,autonomo,norte,0
1798,28,4519.09,44780.37,18,20.48,680,245.48,10,3,12664.93,5138.18,-1133.39,167433.19,veiculo,nao,casado,superior,autonomo,sul,0
1799,45,4274.81,24085.77,8,6.83,538,308.83,7,1,7416.47,3143.01,-1249.39,192517.22,consumo,nao,divorciado,medio,temporario,norte,1
1800,47,8835.31,23185.11,23,12.09,565,1090.91,8,1,34244.91,875.0,4331.43,105294.92,outros,sim,viuvo,fundamental,temporario,nordeste,0
1801,21,1200.0,45144.39,19,5.17,619,1559.34,15,1,12657.83,801.72,2233.25,79964.45,veiculo,nao,casado,pos,estudante,sudeste,1
1802,44,4101.0,46170.51,58,19.67,467,576.48,12,1,19630.35,5408.86,360.63,80255.87,outros,nao,solteiro,superior,clt,nordeste,0
1803,43,4793.36,46214.91,60,20.15,794,427.66,9,4,8533.52,6476.55,-1507.76,165482.42,consumo,nao,solteiro,medio,autonomo,centro_oeste,0
1804,32,3393.94,39759.83,47,5.38,812,1052.85,3,1,33843.29,3777.34,5875.54,209002.17,consumo,sim,divorciado,superior,autonomo,sudeste,0
1805,25,6419.69,23539.48,66,12.05,705,2045.7,15,2,9044.48,2944.51,-1045.77,88110.63,veiculo,sim,divorciado,medio,temporario,nordeste,0
1806,20,6263.86,12068.62,36,25.67,463,1998.89,0,3,31988.09,7355.72,1041.27,23422.71,casa,sim,solteiro,fundamental,clt,sudeste,0
1807,18,4714.04,19946.56,21,23.84,608,1767.21,10,1,10213.34,7857.11,3505.56,9265.75,negocios,sim,divorciado,medio,clt,nordeste,0
1808,45,4312.79,45192.54,27,17.78,562,1166.83,11,0,33142.4,3759.61,3060.16,182952.94,outros,nao,solteiro,superior,clt,centro_oeste,0
1809,23,4598.48,19041.72,15,15.63,486,1205.3,17,1,12856.62,6859.64,-814.25,68364.92,consumo,nao,divorciado,fundamental,clt,centro_oeste,0
1810,72,4611.38,36930.64,65,27.83,770,704.19,2,0,30522.12,7890.35,3039.53,181065.32,educacao,sim,casado,superior,autonomo,sudeste,0
1811,31,4658.93,44496.7,45,21.33,586,498.17,5,2,20993.87,3734.84,823.93,25497.93,consumo,sim,viuvo,medio,autonomo,sudeste,0
1812,55,4461.6,46652.84,56,26.86,681,216.75,0,0,3983.84,1866.26,-469.28,8675.84,veiculo,sim,casado,superior,estudante,centro_oeste,0
1813,56,5254.41,45619.17,24,5.72,696,2175.55,4,1,10346.75,3631.56,3013.15,68114.73,negocios,sim,viuvo,fundamental,clt,norte,0
1814,46,6155.78,27755.12,53,9.09,547,1331.15,16,2,26631.07,1028.78,5223.5,69446.25,consumo,sim,viuvo,fundamental,autonomo,centro_oeste,0
1815,68,2585.53,24880.54,27,4.75,559,187.06,0,1,23363.82,802.35,4061.88,219453.64,educacao,nao,viuvo,superior,clt,nordeste,0
1816,24,2908.8,47437.64,35,24.83,808,1407.68,14,1,12463.43,7511.61,-532.74,52534.74,veiculo,sim,casado,superior,temporario,norte,0
1817,31,1652.67,12427.15,49,20.66,749,779.31,16,3,6837.09,7748.51,-441.88,163098.82,outros,sim,divorciado,superior,temporario,sudeste,0
1818,32,6359.52,11032.63,70,8.26,620,1171.48,2,2,29009.14,6002.25,1860.79,202609.8,outros,sim,divorciado,fundamental,autonomo,nordeste,0
1819,25,5250.58,46324.79,42,27.38,633,1739.99,6,3,21783.44,7782.08,-1635.18,172170.08,casa,nao,divorciado,medio,clt,sudeste,0
1820,34,5709.48,33858.36,52,26.94,423,2058.61,16,4,23868.77,8451.47,-1638.19,214334.78,consumo,sim,divorciado,fundamental,autonomo,centro_oeste,0
1821,35,2226.9,26901.83,45,9.39,501,1805.12,12,1,16767.34,6334.72,164.92,36837.64,casa,sim,casado,superior,estudante,sudeste,0
1822,61,8012.91,8508.27,33,19.53,422,2259.41,1,1,12261.93,8248.92,-967.73,150369.64,outros,sim,viuvo,pos,temporario,sudeste,0
1823,35,3704.07,25852.43,67,20.03,742,724.61,15,2,13378.73,8316.45,2464.4,114846.99,outros,nao,viuvo,pos,temporario,sul,0
1824,67,5102.77,45462.06,69,4.1,796,1714.41,14,0,1088.91,2832.92,-1461.17,191398.85,veiculo,nao,casado,medio,estudante,sul,0
1825,62,6337.89,29931.56,26,20.53,484,2244.41,5,3,33031.71,8574.5,99.53,163449.88,veiculo,nao,solteiro,medio,clt,sudeste,0
1826,69,3023.44,20910.6,65,9.31,532,895.72,7,0,12829.12,8862.68,-1346.01,171378.84,educacao,nao,viuvo,superior,temporario,sul,0
1827,23,3816.62,27575.19,35,25.63,560,2034.73,5,1,16903.92,2877.94,2337.61,84990.1,negocios,nao,solteiro,fundamental,autonomo,norte,1
1828,74,5122.51,42819.6,54,24.12,744,2361.3,9,4,12500.46,5833.34,950.41,148919.82,outros,nao,solteiro,medio,estudante,nordeste,0
1829,52,9943.45,44034.61,40,25.73,582,1673.79,14,3,12431.51,2371.69,-1152.37,193879.84,consumo,nao,viuvo,medio,estudante,sul,1
1830,73,5342.02,20704.01,56,22.18,437,561.09,12,2,23996.51,3846.92,964.06,43383.24,casa,sim,viuvo,superior,autonomo,nordeste,0
1831,38,7691.45,30166.78,63,7.96,654,785.2,17,0,23462.46,5804.5,-1794.94,6912.76,casa,sim,solteiro,fundamental,estudante,centro_oeste,1
1832,72,6970.21,15203.72,33,12.65,478,1757.55,1,4,28357.88,818.23,4638.54,68529.7,negocios,sim,viuvo,fundamental,autonomo,sudeste,0
1833,51,5462.42,23024.38,52,21.01,678,2189.53,16,2,2512.71,5994.53,1037.07,189887.88,educacao,nao,viuvo,medio,autonomo,norte,0
1834,22,3019.45,12504.66,39,11.76,762,235.12,16,4,30592.05,4631.36,3393.99,102258.5,veiculo,sim,viuvo,fundamental,clt,sudeste,1
1835,41,6707.56,26681.99,58,21.04,447,937.09,6,3,33483.88,1552.07,3728.36,56531.96,consumo,nao,solteiro,superior,autonomo,norte,1
1836,25,2103.4,28809.93,18,12.07,817,721.88,2,4,34618.72,6319.03,2528.35,200371.52,educacao,sim,casado,pos,temporario,sudeste,1
1837,71,7681.58,17871.57,54,8.27,685,1159.18,4,0,4507.72,8510.99,2792.97,9286.04,casa,sim,divorciado,superior,temporario,centro_oeste,0
1838,35,5160.01,14881.38,45,16.44,440,1962.87,16,4,17034.41,519.13,1543.23,177442.75,consumo,sim,solteiro,medio,temporario,sul,0
1839,30,1200.0,9371.67,35,20.47,508,1346.51,0,3,32866.5,4220.94,1378.09,175798.1,casa,nao,viuvo,superior,temporario,sul,1
1840,49,4187.09,8849.24,30,16.41,487,1382.43,1,1,26562.78,1572.2,586.42,114184.66,veiculo,sim,viuvo,pos,temporario,norte,0
1841,42,5977.11,34871.48,52,19.4,773,1592.94,1,4,2107.04,2259.56,-1244.35,58043.04,negocios,sim,viuvo,pos,autonomo,sul,0
1842,23,4373.36,12584.53,28,14.51,709,1376.36,3,2,30460.65,4678.66,925.83,95603.2,outros,nao,divorciado,superior,estudante,norte,0
1843,64,6087.01,7867.95,8,22.68,569,1776.77,14,3,29349.1,2976.09,1807.62,77913.01,veiculo,nao,viuvo,medio,autonomo,sudeste,0
1844,66,3269.96,47948.66,68,19.6,631,428.33,1,4,27305.88,6017.9,-756.88,31169.9,veiculo,sim,casado,fundamental,clt,sudeste,0
1845,60,2449.23,14326.2,35,17.79,559,232.9,17,2,14414.3,2744.33,5282.74,130914.5,veiculo,sim,casado,medio,autonomo,nordeste,0
1846,53,4671.4,43270.2,16,14.45,582,2098.15,7,3,22130.31,7098.12,-1734.64,43051.21,veiculo,nao,casado,fundamental,temporario,nordeste,0
1847,40,4856.82,30217.96,20,16.86,675,1291.07,9,4,25057.31,2059.5,-54.48,219144.97,outros,nao,casado,medio,temporario,norte,0
1848,48,4172.91,35035.69,60,5.22,497,872.46,10,3,13882.74,8211.59,3502.51,126372.02,negocios,nao,solteiro,fundamental,autonomo,centro_oeste,0
1849,47,7009.12,28021.81,27,20.0,723,1233.99,14,3,27440.01,3901.26,4623.06,25731.04,negocios,sim,casado,medio,estudante,sul,0
1850,27,3269.63,10726.91,24,8.91,798,1688.21,11,4,9565.07,971.4,1895.21,135212.07,casa,nao,divorciado,superior,autonomo,centro_oeste,0
1851,22,5363.7,41040.85,38,24.64,809,462.35,1,4,6427.2,1347.63,2791.15,83627.32,educacao,nao,viuvo,medio,clt,centro_oeste,0
1852,32,4922.35,40172.76,7,23.5,488,1394.78,14,3,30061.48,5030.07,329.41,40848.05,educacao,sim,divorciado,medio,autonomo,sul,0
1853,43,1997.91,18410.69,42,16.67,584,436.84,1,0,11876.24,8243.78,5643.82,65381.34,outros,nao,viuvo,superior,autonomo,nordeste,0
1854,27,2425.75,37255.21,8,24.33,526,2174.2,9,3,1987.01,4880.41,3224.48,56299.89,veiculo,nao,viuvo,pos,temporario,sudeste,0
1855,24,4821.44,27208.33,61,20.1,673,1484.73,15,1,29144.41,4326.51,-774.56,128194.1,educacao,sim,solteiro,medio,temporario,nordeste,1
1856,66,8366.16,43861.74,34,7.39,549,2061.19,9,2,27965.55,7068.79,3944.14,60652.1,consumo,sim,divorciado,fundamental,estudante,sudeste,0
1857,39,5842.69,39028.51,20,21.78,577,1852.73,7,1,28083.67,2427.75,-803.38,10548.15,veiculo,nao,divorciado,fundamental,estudante,norte,0
1858,51,1693.86,4365.31,35,27.9,475,2071.39,5,1,11930.93,6251.46,1346.2,179948.94,educacao,nao,viuvo,medio,temporario,sul,1
1859,47,1200.0,42507.06,17,4.98,643,972.99,14,4,21113.72,2355.3,2031.49,62795.36,casa,nao,viuvo,medio,autonomo,sul,0
1860,59,6119.5,46569.77,27,9.88,634,503.55,11,1,487.04,7685.33,3834.82,67025.34,negocios,sim,solteiro,fundamental,temporario,sul,0
1861,60,4626.82,36268.11,14,18.35,640,2248.52,14,0,79.99,7991.33,5971.35,95328.29,casa,nao,solteiro,medio,autonomo,nordeste,0
1862,34,6854.28,7956.07,50,13.96,556,2232.36,16,3,9074.32,2153.91,1097.6,174524.63,outros,nao,divorciado,superior,estudante,centro_oeste,1
1863,66,3214.71,39235.6,70,19.3,722,2229.19,10,3,18385.77,1720.36,3470.75,135323.9,casa,nao,casado,medio,temporario,norte,1
1864,39,5430.38,31960.75,38,18.07,663,2475.11,6,4,21011.04,6648.4,3444.68,19288.23,educacao,sim,viuvo,fundamental,temporario,norte,0
1865,65,6323.11,17916.6,12,22.91,490,1563.11,10,0,4669.01,6049.19,-363.32,101124.11,outros,nao,divorciado,medio,clt,sul,0
1866,41,3994.57,42723.39,10,5.7,567,1368.99,6,4,30368.21,5784.07,3214.22,166472.64,veiculo,nao,divorciado,superior,clt,norte,0
1867,24,4033.05,28233.28,60,14.57,684,2029.81,3,4,33584.33,4829.79,5059.46,8962.41,casa,sim,viuvo,medio,autonomo,centro_oeste,0
1868,61,4845.47,41308.22,28,24.64,466,435.51,6,1,4172.43,1597.02,2534.73,8890.69,casa,nao,divorciado,superior,estudante,sul,0
1869,19,5776.82,32990.18,25,12.71,560,1996.67,8,4,28835.02,6615.56,1942.26,154437.95,casa,sim,divorciado,pos,estudante,nordeste,1
1870,62,4774.2,15627.48,12,16.09,769,2064.36,4,4,21498.33,1879.78,3250.89,110340.98,consumo,nao,solteiro,pos,clt,sudeste,0
1871,20,6553.19,46863.35,49,4.52,596,1519.09,5,0,17583.94,5114.14,4493.42,36030.48,consumo,sim,viuvo,fundamental,clt,sul,1
1872,29,3968.52,28480.75,10,9.38,623,1079.97,10,0,17117.22,3446.23,-42.84,147457.01,consumo,sim,casado,fundamental,clt,norte,1
1873,52,2408.89,26012.36,65,15.13,692,1702.45,2,3,26244.23,3319.01,-527.79,17995.24,veiculo,sim,casado,fundamental,clt,sudeste,0
1874,71,8358.56,20859.69,19,13.58,548,2302.84,1,2,7312.03,7574.22,3279.64,97820.49,outros,nao,divorciado,superior,estudante,sul,0
1875,41,3711.66,8703.66,10,21.15,750,546.48,13,4,21313.56,4377.83,-1530.25,180370.48,casa,sim,solteiro,superior,clt,sul,0
1876,24,3776.8,33722.69,52,18.69,426,901.76,15,4,9147.37,4694.4,4637.12,38966.85,outros,nao,casado,medio,clt,centro_oeste,0
1877,31,4681.55,22101.36,29,25.13,609,1737.7,5,0,2980.67,8117.63,556.18,129718.89,educacao,sim,divorciado,fundamental,autonomo,norte,0
1878,69,4920.93,45024.87,51,24.51,659,2113.06,2,4,19350.79,5246.8,-934.36,81568.14,veiculo,sim,viuvo,medio,estudante,sul,0
1879,59,4103.97,46411.92,8,9.79,515,1692.8,8,4,9401.27,7311.09,4164.45,196535.53,negocios,sim,solteiro,fundamental,estudante,norte,0
1880,23,4768.62,37427.66,62,4.42,733,1550.75,3,3,25992.88,7834.38,-61.44,142253.75,veiculo,sim,viuvo,pos,temporario,sudeste,1
1881,39,4728.43,13533.51,26,24.51,451,378.92,15,1,22764.45,6409.05,1331.13,79020.9,consumo,nao,viuvo,medio,temporario,sudeste,0
1882,33,5114.67,35077.08,55,11.9,680,1186.22,1,3,7851.28,1724.25,1428.17,107625.16,veiculo,nao,divorciado,pos,estudante,centro_oeste,1
1883,28,1200.0,3429.19,67,12.33,673,2245.21,9,2,30154.69,1513.69,4597.81,115728.37,negocios,nao,viuvo,pos,clt,norte,1
1884,66,8185.58,40101.22,41,7.8,735,1019.01,6,1,12144.95,4190.91,262.5,216573.44,consumo,nao,divorciado,medio,temporario,nordeste,0
1885,53,4534.88,24959.64,28,20.63,502,1063.93,8,0,24816.86,1037.1,3138.95,163971.24,casa,sim,casado,fundamental,clt,centro_oeste,0
1886,28,5845.12,45121.65,26,10.72,481,1009.53,13,3,9356.32,3056.09,5989.42,157070.41,veiculo,sim,divorciado,superior,estudante,nordeste,0
1887,55,2319.42,19688.08,51,8.24,652,1021.58,4,1,6880.99,2272.0,2874.96,216410.81,outros,nao,divorciado,fundamental,autonomo,centro_oeste,0
1888,41,3952.2,14474.4,6,16.08,808,1119.04,16,1,30109.55,828.51,-700.4,33703.55,negocios,sim,divorciado,superior,estudante,centro_oeste,0
1889,21,3589.83,47775.06,15,22.01,733,1974.2,17,1,32153.29,3892.62,409.46,102775.81,casa,nao,solteiro,superior,temporario,norte,1
1890,43,7445.5,26645.84,48,10.47,504,1235.75,7,0,12321.78,2617.18,2373.94,211585.08,casa,sim,divorciado,medio,temporario,norte,1
1891,28,3745.54,41774.81,7,21.33,583,1588.44,6,1,11023.96,1366.55,713.95,187519.09,negocios,nao,viuvo,superior,clt,norte,1
1892,31,6164.54,43953.1,25,15.09,526,1206.42,4,4,24589.79,6707.53,2229.13,45079.26,educacao,nao,casado,fundamental,autonomo,centro_oeste,0
1893,68,3629.24,26090.33,48,13.69,731,2207.3,14,3,7957.74,8256.92,2437.14,92720.64,negocios,sim,divorciado,fundamental,autonomo,norte,0
1894,58,3985.29,23234.98,22,12.63,624,594.7,13,0,30247.21,5776.46,3937.15,41341.26,negocios,nao,solteiro,pos,estudante,norte,1
1895,25,4358.01,27656.31,67,7.49,594,465.13,8,1,298.02,8399.24,3058.99,154154.17,negocios,sim,casado,medio,temporario,sudeste,0
1896,66,7110.92,41072.15,70,11.98,422,1125.92,12,3,4974.32,1914.92,3643.96,135810.57,casa,sim,viuvo,superior,autonomo,norte,0
1897,50,1398.27,46392.04,8,25.1,673,2440.35,6,4,4224.59,7028.75,-97.21,127870.78,casa,nao,viuvo,pos,temporario,nordeste,1
1898,67,2431.81,17438.66,17,6.45,596,1803.53,12,2,11123.83,3973.17,1501.05,198673.62,outros,nao,solteiro,medio,clt,sudeste,1
1899,60,1294.85,36107.68,65,27.0,435,1609.75,14,4,30314.94,4661.01,4636.01,22084.67,negocios,nao,divorciado,medio,temporario,centro_oeste,0
1900,37,2842.5,15484.54,8,6.58,498,1085.58,7,0,22400.33,6146.41,4067.33,206909.68,negocios,sim,solteiro,fundamental,estudante,centro_oeste,0
1901,48,3339.12,30298.36,38,12.69,710,864.75,11,4,3761.54,7160.11,-380.1,106597.99,casa,sim,divorciado,fundamental,autonomo,sudeste,0
1902,48,1893.93,39117.93,68,18.55,719,2399.26,10,0,2762.1,1008.45,-1301.07,5945.51,consumo,sim,viuvo,pos,autonomo,sul,0
1903,59,3478.53,42835.13,44,24.11,617,1170.45,1,3,10095.14,3799.54,3294.71,201253.47,casa,nao,divorciado,pos,estudante,norte,0
1904,32,1200.0,22916.59,26,7.45,723,1829.72,1,0,21694.14,7002.33,1663.8,204864.27,educacao,sim,casado,medio,clt,norte,1
1905,36,2967.62,19323.88,6,7.39,715,2060.22,4,4,20781.54,5047.08,1401.7,207621.52,negocios,nao,casado,medio,temporario,norte,0
1906,31,6960.76,14032.05,31,19.08,666,1705.45,4,1,3997.8,3404.37,-1604.85,183654.89,consumo,nao,viuvo,superior,temporario,norte,0
1907,34,5526.46,8570.48,41,11.03,503,719.65,3,1,26627.97,844.51,1176.91,61253.73,consumo,sim,viuvo,superior,clt,sudeste,0
1908,27,5137.44,19103.75,11,19.47,588,848.12,16,3,22129.28,562.59,-406.12,63024.02,consumo,sim,casado,fundamental,estudante,sul,0
1909,20,2995.0,42174.99,40,23.69,746,233.32,10,0,34406.97,4113.37,-1532.05,72174.46,negocios,nao,divorciado,fundamental,estudante,norte,0
1910,71,2035.05,21555.83,32,5.84,544,2428.96,0,2,19340.83,4610.53,1311.4,49624.42,outros,nao,casado,fundamental,estudante,centro_oeste,0
1911,22,2749.52,16936.84,27,24.27,684,2116.39,16,1,11456.33,2448.19,4633.56,199824.76,negocios,sim,solteiro,superior,temporario,centro_oeste,1
1912,68,4722.22,36130.52,70,4.9,750,1117.31,5,2,4177.3,7296.81,5152.69,117658.22,negocios,nao,divorciado,medio,autonomo,nordeste,0
1913,18,6362.72,12309.09,64,25.57,633,2250.42,17,1,32168.52,6649.39,57.83,58561.29,negocios,nao,divorciado,superior,clt,centro_oeste,0
1914,62,6424.26,14161.05,51,27.41,622,536.54,4,4,1318.44,2099.59,344.79,169894.09,outros,nao,divorciado,fundamental,temporario,sudeste,0
1915,36,5935.1,45083.84,44,20.02,495,277.53,1,2,12205.48,2097.95,-1031.17,138094.57,educacao,sim,viuvo,medio,temporario,sudeste,0
1916,47,3472.4,6212.33,37,27.62,618,493.88,2,3,18575.86,7851.21,5292.53,83439.88,negocios,nao,viuvo,fundamental,autonomo,sul,1
1917,34,4844.19,21365.72,10,23.73,436,2229.53,6,0,19942.7,8312.7,-1291.33,201118.07,educacao,sim,casado,medio,clt,nordeste,0
1918,45,4221.58,28742.18,26,5.06,465,552.34,16,3,20381.33,8868.72,5510.75,122211.99,casa,nao,divorciado,fundamental,temporario,centro_oeste,0
1919,43,4437.86,12976.86,6,4.09,636,338.05,9,1,25099.21,6334.31,3203.29,138199.91,educacao,sim,casado,pos,estudante,centro_oeste,1
1920,48,8466.83,15286.07,30,4.5,507,610.47,2,2,4491.27,8395.84,4334.69,7177.82,casa,sim,divorciado,superior,clt,norte,0
1921,40,1628.4,12593.96,37,14.85,558,1142.95,5,4,25177.12,1762.28,-84.12,138573.84,casa,sim,casado,superior,autonomo,norte,0
1922,48,4377.58,18205.94,46,18.96,564,1331.72,8,3,31133.11,1823.53,2938.62,90825.91,casa,sim,viuvo,medio,autonomo,norte,0
1923,65,6981.15,43382.01,29,15.56,609,727.33,9,1,1065.64,853.06,-951.38,164569.38,outros,sim,solteiro,medio,clt,norte,1
1924,42,2161.4,22137.22,22,20.25,699,2049.26,15,1,1253.27,5077.47,3337.59,9637.79,veiculo,nao,divorciado,pos,estudante,sul,1
1925,38,3641.25,21511.22,52,14.79,598,2406.84,0,4,34698.3,2380.83,2882.81,84891.57,educacao,nao,casado,fundamental,estudante,sudeste,0
1926,25,3847.73,20089.43,16,5.02,758,854.74,0,1,10917.99,5334.9,4626.37,14433.47,educacao,sim,casado,pos,autonomo,sudeste,0
1927,38,4398.08,46367.27,14,9.43,612,2340.12,12,0,15927.21,565.29,3230.33,204896.24,negocios,nao,casado,pos,autonomo,nordeste,0
1928,25,1927.28,7837.12,51,27.82,817,2077.57,1,1,10852.19,4996.15,5777.92,92372.49,veiculo,sim,solteiro,medio,temporario,centro_oeste,0
1929,28,5871.51,42170.33,44,12.3,819,2235.57,12,0,19477.03,8055.75,2024.59,30621.04,casa,nao,solteiro,fundamental,estudante,norte,0
1930,72,5999.32,17385.83,63,11.79,590,318.5,6,3,24901.85,6670.26,2504.89,163508.37,negocios,sim,casado,pos,autonomo,nordeste,0
1931,23,5715.08,46021.28,54,7.67,726,2114.98,6,4,26598.25,3619.56,-1208.35,194006.28,outros,nao,solteiro,pos,estudante,nordeste,0
1932,45,3233.33,16842.84,65,27.69,601,1539.35,2,2,12438.61,1080.07,-955.68,170577.65,educacao,nao,divorciado,fundamental,clt,sul,0
1933,65,4955.72,6270.78,49,9.53,770,268.76,13,3,9120.19,2583.59,-446.69,187114.46,negocios,nao,divorciado,pos,temporario,nordeste,0
1934,72,3181.01,26161.91,61,19.52,726,1928.47,3,4,19132.12,4778.54,-876.52,186318.06,casa,sim,viuvo,medio,temporario,nordeste,0
1935,26,4201.33,12867.88,17,5.01,555,740.78,0,4,13448.93,2687.6,-729.0,217650.88,consumo,nao,viuvo,pos,autonomo,sul,0
1936,27,8676.24,36761.04,41,5.6,548,2029.22,10,0,21773.91,7099.35,231.68,79939.7,veiculo,sim,divorciado,medio,autonomo,nordeste,0
1937,39,4972.25,32407.41,68,21.2,772,1632.29,2,0,21404.39,8448.94,371.89,76685.75,educacao,sim,divorciado,superior,clt,sudeste,0
1938,49,2662.45,33734.35,58,19.24,636,1322.21,3,1,31305.86,1997.84,3625.43,24553.74,negocios,sim,divorciado,pos,autonomo,norte,1
1939,72,5124.6,11303.77,32,20.32,697,234.25,3,1,134.98,547.41,1994.18,188661.41,consumo,nao,solteiro,fundamental,temporario,centro_oeste,0
1940,29,2366.77,34742.68,67,9.54,690,2244.05,11,0,3564.69,1214.61,5430.98,204718.05,casa,sim,solteiro,medio,clt,sul,0
1941,27,2641.78,16665.56,26,27.64,486,522.35,13,0,27536.2,7324.28,874.9,62115.15,casa,nao,divorciado,superior,autonomo,sudeste,0
1942,32,2925.98,47939.67,7,17.4,514,2104.89,16,4,20424.6,956.52,-1305.38,135315.16,consumo,nao,divorciado,fundamental,autonomo,sul,1
1943,67,4000.24,35795.43,58,27.27,780,1776.54,17,0,2187.71,6843.6,4784.67,53886.45,casa,sim,solteiro,fundamental,clt,sudeste,0
1944,19,6486.54,29363.72,33,7.94,531,341.41,4,2,32989.5,3944.27,4772.85,189633.59,outros,sim,divorciado,superior,estudante,centro_oeste,0
1945,39,5841.12,41953.86,8,13.72,767,1437.94,3,0,22764.15,4121.54,1033.65,1514.87,veiculo,sim,casado,pos,estudante,sul,0
1946,24,5741.39,29313.68,19,12.06,562,2411.27,3,3,17009.84,6711.56,-1250.83,152924.08,consumo,nao,divorciado,superior,autonomo,centro_oeste,0
1947,26,2821.94,27650.12,10,22.12,758,2320.92,3,3,27285.51,3220.26,5070.83,119448.02,consumo,sim,divorciado,superior,autonomo,sudeste,0
1948,70,3825.63,13297.86,71,21.94,651,519.41,0,2,20860.53,7389.17,5481.6,62929.7,veiculo,nao,casado,medio,temporario,centro_oeste,0
1949,18,5289.6,33354.1,61,15.68,459,581.79,10,1,13065.39,1302.07,5977.91,203067.09,veiculo,sim,viuvo,pos,estudante,norte,0
1950,36,3669.02,19546.32,67,4.39,528,536.43,0,0,10382.22,6608.59,1250.18,105504.21,consumo,sim,casado,superior,clt,sudeste,0
1951,70,4298.94,4460.26,18,8.2,801,1934.32,0,2,15870.04,8181.29,-808.38,115396.95,casa,nao,casado,medio,clt,nordeste,0
1952,52,5594.45,39630.81,58,5.21,503,552.95,7,3,16633.62,1896.15,1146.75,18320.05,outros,sim,divorciado,superior,temporario,sul,0
1953,22,4172.21,4860.23,43,24.33,511,329.83,14,0,24921.12,5216.3,2767.42,90610.37,veiculo,nao,viuvo,pos,temporario,nordeste,0
1954,44,5206.91,33089.66,25,10.95,479,1085.57,8,4,16555.1,5948.32,-1462.5,34982.84,consumo,sim,casado,fundamental,estudante,sudeste,0
1955,73,7666.91,9630.8,50,6.83,663,2423.18,7,4,641.98,1628.47,338.88,121940.9,casa,nao,solteiro,superior,temporario,sudeste,1
1956,40,4490.65,22181.91,68,12.5,743,895.16,3,3,23962.78,5117.71,5547.18,127247.96,casa,sim,divorciado,fundamental,autonomo,centro_oeste,0
1957,48,6922.81,41588.67,36,5.85,794,1860.23,12,4,2436.28,2644.52,-1455.35,53706.67,consumo,sim,casado,medio,clt,norte,1
1958,48,5806.87,6796.09,7,27.49,774,513.99,5,1,29621.58,6905.41,-622.6,207557.63,negocios,nao,casado,superior,autonomo,nordeste,1
1959,55,2158.96,32855.36,61,11.56,773,1621.06,17,3,24789.66,5328.19,2731.99,66621.99,veiculo,sim,divorciado,pos,clt,norte,0
1960,28,2816.15,30374.15,18,26.39,781,1528.3,2,3,20924.41,3989.82,5670.33,143930.98,consumo,nao,solteiro,superior,clt,centro_oeste,1
1961,65,3299.53,41972.6,18,20.39,647,2277.68,14,3,15895.57,6811.52,5534.48,215405.4,outros,sim,viuvo,pos,temporario,sudeste,0
1962,74,3261.3,10359.44,46,17.59,748,1842.41,12,3,6023.87,6720.5,208.66,176798.64,outros,nao,solteiro,fundamental,estudante,norte,0
1963,26,4637.48,38890.33,58,15.41,673,460.22,6,0,22924.86,2289.05,2987.32,164164.75,consumo,sim,divorciado,fundamental,estudante,sul,0
1964,64,5906.36,22980.51,58,20.5,474,1119.14,7,4,3832.29,717.76,5727.08,13030.27,educacao,nao,casado,medio,temporario,sudeste,0
1965,64,7059.29,22003.3,63,20.47,429,181.29,17,3,21159.1,2610.47,3111.5,115314.27,outros,nao,casado,superior,clt,nordeste,0
1966,60,5354.72,18961.19,64,4.25,459,739.11,13,0,6416.85,8001.98,-71.77,165852.89,outros,sim,solteiro,fundamental,clt,centro_oeste,0
1967,39,3997.78,20043.62,14,25.79,558,2433.48,0,3,20890.47,3873.12,3610.41,145303.39,outros,nao,casado,fundamental,clt,centro_oeste,0
1968,44,1200.0,26158.16,25,12.83,619,1237.32,9,4,5290.58,2212.42,2187.64,124903.81,negocios,nao,casado,pos,temporario,sudeste,0
1969,65,4927.06,7359.39,53,12.48,675,2192.78,13,0,3306.88,3635.33,2051.47,202629.09,educacao,nao,solteiro,medio,estudante,norte,1
1970,26,4846.39,21840.5,31,13.76,628,235.05,6,4,16480.47,3756.8,2009.34,123103.08,consumo,sim,divorciado,medio,estudante,sul,0
1971,65,5129.27,32165.15,53,20.45,566,2221.73,12,1,24841.38,4359.6,-922.28,184277.6,veiculo,sim,divorciado,pos,clt,nordeste,0
1972,70,8591.23,25167.75,36,13.02,713,2243.4,11,1,8345.89,4325.25,4357.6,194881.38,negocios,sim,divorciado,superior,clt,sul,0
1973,56,7033.07,10045.24,35,12.97,764,1695.96,5,2,17419.71,3033.78,906.25,172970.36,educacao,sim,solteiro,fundamental,autonomo,sudeste,0
1974,37,6213.11,19018.85,7,5.52,509,449.7,0,3,27960.84,3045.61,-358.93,32973.09,educacao,nao,divorciado,fundamental,autonomo,norte,1
1975,49,3068.26,22654.76,46,14.0,524,2212.36,0,0,19230.26,7297.9,1638.7,170512.54,negocios,nao,viuvo,medio,clt,nordeste,1
1976,20,3876.61,32933.8,63,7.59,792,2267.68,12,1,20899.53,6135.75,3215.75,173189.21,veiculo,nao,divorciado,medio,autonomo,centro_oeste,1
1977,71,4629.28,43484.87,60,24.53,808,646.43,13,4,7705.58,6274.87,2516.85,148212.6,educacao,nao,casado,superior,temporario,centro_oeste,0
1978,37,3404.27,27542.09,28,12.03,543,2361.18,6,1,4357.47,2119.39,4588.97,81721.61,educacao,nao,solteiro,pos,autonomo,nordeste,0
1979,21,5700.84,33274.75,50,27.06,623,2224.02,8,1,5216.49,8930.83,4777.83,63581.05,veiculo,nao,casado,medio,temporario,norte,0
1980,63,5442.44,6012.13,19,20.43,651,655.31,9,3,34048.14,1238.88,3040.59,143170.59,casa,nao,casado,pos,estudante,centro_oeste,1
1981,55,2841.05,45928.25,47,22.15,673,1093.66,15,1,3031.64,6301.5,2503.32,160543.18,negocios,sim,viuvo,fundamental,clt,sudeste,0
1982,53,6954.27,16842.0,33,26.75,765,961.09,9,0,5302.74,6819.04,2620.5,202391.43,consumo,sim,casado,medio,temporario,norte,0
1983,21,4984.16,18620.27,67,9.73,462,1335.89,10,2,7199.29,2771.0,1266.22,75113.09,casa,sim,divorciado,medio,estudante,norte,0
1984,60,1687.67,12639.35,52,17.61,629,2242.48,10,0,27578.1,1155.28,1860.31,63598.33,outros,nao,casado,pos,estudante,sul,0
1985,54,4707.58,6352.49,10,4.98,506,2208.49,2,1,13928.37,6767.93,2308.35,163113.45,negocios,nao,solteiro,pos,autonomo,norte,0
1986,63,5306.17,38447.13,63,6.42,721,587.56,12,3,27681.37,5307.3,4446.79,215259.17,casa,nao,casado,medio,temporario,sudeste,0
1987,65,6551.03,13442.3,53,12.8,658,1458.63,16,3,14662.47,8707.83,4017.75,63906.82,outros,nao,divorciado,pos,autonomo,nordeste,0
1988,30,4192.54,15362.29,20,20.38,719,1418.96,1,4,27815.71,6685.34,-274.47,60349.12,negocios,nao,viuvo,superior,estudante,norte,0
1989,30,6290.29,10771.73,24,23.96,782,1224.92,1,4,31341.53,8402.3,5827.05,196613.83,casa,nao,viuvo,medio,clt,nordeste,0
1990,70,5136.86,46857.28,17,10.15,736,1838.13,8,0,15655.35,5891.52,5729.71,58242.5,casa,nao,solteiro,medio,clt,nordeste,0
1991,48,2432.9,38037.08,26,21.98,761,1678.65,13,2,34522.85,4733.09,377.93,91378.69,educacao,sim,divorciado,fundamental,autonomo,nordeste,0
1992,42,2252.7,44810.43,68,9.38,744,818.25,1,0,32651.89,8530.24,5991.05,218250.62,negocios,nao,casado,superior,autonomo,sul,0
1993,34,6820.61,41708.41,65,4.15,670,987.76,13,4,537.54,7460.19,2295.84,176176.17,consumo,nao,solteiro,medio,estudante,norte,1
1994,54,6952.77,43736.5,42,5.31,576,2241.01,4,0,19744.96,797.95,-31.46,54961.83,educacao,nao,viuvo,superior,autonomo,norte,0
1995,60,5381.24,24296.05,29,18.05,554,935.79,3,3,22999.28,5455.91,3819.88,209538.37,educacao,sim,solteiro,medio,temporario,sul,0
1996,18,7492.27,10259.64,30,15.93,565,1210.28,3,0,29510.75,1770.04,-1425.94,185591.46,educacao,sim,divorciado,fundamental,autonomo,sul,0
1997,49,6701.9,17373.06,69,10.49,662,2437.12,9,0,23567.6,8557.87,3563.56,214290.09,educacao,sim,viuvo,pos,estudante,sudeste,0
1998,74,6030.53,15806.54,19,4.16,741,2168.89,10,4,24088.79,6244.96,4713.03,88694.94,veiculo,sim,viuvo,pos,clt,centro_oeste,0
1999,33,3159.64,35129.59,55,17.63,566,1801.59,8,0,10137.58,4336.46,934.27,146781.81,negocios,nao,casado,medio,clt,nordeste,0
2000,34,7916.57,3668.11,71,23.62,651,885.33,10,2,28718.97,8658.91,810.08,83998.69,outros,sim,solteiro,medio,temporario,nordeste,1
2001,68,5765.34,8962.92,62,5.65,585,1638.7,14,2,2215.1,3358.99,324.9,97262.99,casa,nao,casado,superior,autonomo,centro_oeste,1
2002,21,4105.49,33571.27,53,21.68,663,1669.49,14,3,23008.84,4275.24,1378.46,147665.09,consumo,nao,viuvo,pos,clt,nordeste,1
2003,40,3597.11,8116.63,65,19.23,747,1134.82,13,4,7070.84,3892.01,2672.82,91229.43,consumo,nao,divorciado,medio,estudante,norte,1
2004,44,5262.21,4697.28,20,15.5,584,263.79,9,2,26795.16,1620.85,4144.06,92182.82,consumo,sim,viuvo,pos,clt,nordeste,0
2005,63,1792.09,7469.29,70,5.16,578,1030.35,3,3,27658.45,1774.04,5115.61,119197.35,negocios,sim,divorciado,superior,estudante,nordeste,1
2006,25,6059.41,33925.67,12,26.17,500,1358.87,13,4,6117.47,5523.56,2478.76,23594.75,educacao,sim,viuvo,medio,autonomo,centro_oeste,0
2007,42,3083.57,8839.3,6,15.46,619,2384.33,12,0,27774.35,1091.0,1904.91,216892.29,consumo,sim,divorciado,superior,temporario,nordeste,0
2008,26,5467.09,9156.85,19,13.59,602,1867.79,16,2,29312.34,8414.21,1122.53,181930.27,casa,sim,solteiro,pos,estudante,sudeste,0
2009,62,3861.08,12978.66,46,24.68,484,430.39,12,1,1856.11,3284.96,2843.71,106133.94,negocios,sim,solteiro,superior,autonomo,norte,0
2010,54,4324.05,36666.44,22,24.29,807,879.3,2,4,15050.23,3228.19,-670.04,166286.89,outros,sim,divorciado,pos,clt,sudeste,1
2011,46,3437.56,11616.06,47,21.45,763,1390.31,10,3,6744.33,1687.29,1842.25,219445.53,casa,nao,viuvo,pos,autonomo,sul,0
2012,40,4509.79,4109.58,13,23.9,536,1226.59,12,3,4424.2,3483.1,2168.55,113620.01,consumo,nao,casado,superior,autonomo,norte,0
2013,26,8200.88,43716.78,52,6.98,797,191.88,17,0,28124.43,6374.77,3108.48,159209.64,veiculo,sim,solteiro,pos,temporario,nordeste,0
2014,70,7293.11,42372.49,21,22.26,528,2349.43,5,4,10261.26,8637.27,-1265.54,18699.9,educacao,sim,divorciado,fundamental,temporario,nordeste,0
2015,54,5438.06,10909.26,40,11.87,587,2277.37,15,0,22539.87,2136.99,1551.5,210374.09,educacao,sim,divorciado,fundamental,estudante,norte,0
2016,36,4754.47,14573.09,13,24.82,472,2323.09,5,2,128.85,2009.57,4141.8,36480.73,outros,nao,solteiro,medio,clt,sul,0
2017,41,6319.56,11079.37,70,12.89,664,1174.25,6,3,2780.89,1681.62,4315.52,176213.05,veiculo,sim,divorciado,pos,clt,centro_oeste,0
2018,59,6833.95,35238.82,30,5.3,612,2113.43,17,4,21358.43,5378.93,2437.02,107292.92,educacao,nao,casado,medio,clt,norte,0
2019,59,3306.33,13875.4,45,13.95,526,1823.81,2,1,12959.54,1493.93,5000.73,141767.64,veiculo,nao,solteiro,pos,clt,nordeste,1
2020,44,4660.61,44880.96,38,22.16,535,1367.25,3,1,30789.68,1249.06,4087.18,131122.49,consumo,nao,solteiro,pos,clt,centro_oeste,1
2021,35,1520.48,40157.67,45,16.02,794,358.95,15,0,2878.38,6823.44,4418.9,91403.35,casa,nao,divorciado,medio,autonomo,centro_oeste,0
2022,55,6821.58,29272.25,36,22.33,694,569.42,16,3,21831.52,7242.03,4385.16,209476.63,educacao,nao,casado,medio,estudante,nordeste,0
2023,55,8517.04,2906.69,10,4.85,481,732.7,1,0,24600.87,3173.79,3883.05,68240.15,casa,sim,solteiro,pos,clt,centro_oeste,0
2024,52,4944.15,42706.96,60,8.25,474,2258.51,14,3,21392.69,5442.44,4878.65,50849.91,outros,nao,viuvo,medio,clt,sudeste,1
2025,22,1200.0,35613.15,48,17.53,448,1723.65,10,0,23824.83,6810.19,-1044.35,196723.94,casa,sim,casado,fundamental,autonomo,centro_oeste,0
2026,44,5896.0,38349.79,22,13.25,518,2460.63,15,2,8726.56,916.12,2129.31,64720.69,outros,sim,casado,medio,temporario,nordeste,0
2027,52,3172.64,5768.05,11,20.32,715,1494.12,8,2,26851.18,5894.96,4638.42,23719.41,casa,sim,divorciado,superior,temporario,sul,1
2028,72,3605.97,34739.49,64,27.1,444,376.51,10,2,19413.04,2932.68,-947.41,34457.68,veiculo,nao,viuvo,pos,clt,sul,1
2029,47,5927.84,39108.82,27,19.84,519,1288.41,4,1,27581.52,3977.5,-589.48,78570.54,consumo,nao,viuvo,fundamental,clt,nordeste,0
2030,37,5258.2,46026.91,65,14.02,436,439.34,10,0,4261.77,3527.93,1332.56,193248.9,outros,nao,solteiro,superior,estudante,centro_oeste,0
2031,49,3921.4,28911.41,56,17.02,679,2271.16,7,3,4446.02,6605.9,2599.65,146036.6,negocios,sim,casado,superior,estudante,sul,0
2032,28,3630.71,25615.9,69,25.91,745,825.97,7,4,13843.19,4484.6,3846.47,27871.16,outros,sim,divorciado,medio,temporario,sudeste,0
2033,23,5026.5,21855.55,49,20.15,631,637.67,5,1,13645.19,6960.58,2574.45,117762.68,educacao,nao,divorciado,pos,clt,sul,1
2034,56,4062.96,34408.59,17,23.28,782,1366.99,7,2,4496.35,3177.52,-110.28,137013.23,negocios,nao,solteiro,pos,estudante,sudeste,1
2035,74,2803.37,44397.37,8,11.24,695,2052.44,3,0,2842.16,5100.84,4813.6,177769.32,educacao,sim,casado,fundamental,temporario,norte,1
2036,66,4201.39,29788.85,22,21.86,725,1364.01,15,0,2827.14,8209.42,266.86,124000.13,negocios,nao,solteiro,medio,estudante,sul,0
2037,51,5411.27,12841.41,34,7.35,545,268.66,7,1,1833.26,4223.66,4892.58,75562.89,veiculo,sim,solteiro,fundamental,temporario,norte,0
2038,20,4479.41,3299.61,47,21.99,766,1903.66,6,3,1160.12,5398.58,2061.56,219091.78,negocios,sim,viuvo,pos,estudante,centro_oeste,1
2039,74,2255.68,30669.65,65,25.16,672,259.05,17,3,28271.52,6199.29,-1484.28,57110.99,casa,sim,viuvo,superior,clt,sudeste,0
2040,43,6580.32,41839.2,15,25.61,454,1582.16,8,3,32724.42,8254.65,1940.5,212204.74,educacao,nao,solteiro,superior,clt,sudeste,1
2041,34,1200.0,5501.88,47,6.8,453,1611.29,12,0,14898.63,5907.15,3301.64,46035.48,negocios,sim,viuvo,fundamental,estudante,sul,0
2042,68,3996.54,20589.49,11,23.92,779,663.76,17,0,6535.92,5705.35,5063.68,113964.04,casa,nao,casado,medio,temporario,norte,0
2043,60,3683.64,45272.14,37,6.64,530,1216.05,15,1,11492.9,7584.97,2740.62,24307.95,educacao,nao,viuvo,medio,temporario,sudeste,0
2044,60,5066.72,25326.3,10,15.48,606,194.37,6,1,28648.06,8930.55,5933.2,196459.92,veiculo,sim,viuvo,fundamental,temporario,centro_oeste,0
2045,33,5810.99,12539.95,30,20.38,724,838.14,9,2,32523.8,8140.94,1169.78,107662.99,veiculo,nao,casado,medio,estudante,sudeste,0
2046,74,6828.18,18591.37,46,15.62,727,1616.89,14,2,8354.01,1561.47,116.49,194475.64,veiculo,sim,solteiro,superior,clt,sudeste,0
2047,43,3517.67,21070.35,54,12.16,430,839.27,9,0,1071.32,6249.81,1658.21,181489.99,casa,sim,solteiro,superior,autonomo,sudeste,0
2048,48,5855.85,7836.67,59,20.41,666,290.5,4,4,10801.66,3292.9,3335.73,41814.34,casa,sim,viuvo,pos,clt,sudeste,0
2049,60,5152.47,32566.05,40,19.86,785,1744.29,9,3,13487.77,4022.97,-1059.15,12873.23,veiculo,sim,viuvo,medio,autonomo,nordeste,0
2050,55,1719.23,29443.48,23,17.99,559,1902.36,0,1,105.28,5985.43,-1097.95,201672.26,veiculo,sim,solteiro,medio,autonomo,sul,0
2051,27,8220.97,31971.39,66,16.68,637,2182.13,15,3,23849.88,1733.46,3069.52,123670.58,negocios,sim,viuvo,fundamental,temporario,norte,0
2052,35,2210.2,30291.02,67,20.94,525,2211.27,10,1,4357.59,6387.77,1193.86,187567.49,consumo,sim,casado,pos,estudante,norte,0
2053,38,5555.1,3258.58,69,13.67,708,1331.46,4,0,2864.44,2994.79,4309.14,151765.38,veiculo,sim,solteiro,fundamental,clt,norte,0
2054,72,5501.93,10438.06,58,5.65,467,1125.07,8,3,25169.74,7463.48,256.81,169311.17,casa,sim,divorciado,superior,estudante,norte,0
2055,58,5296.15,10033.53,57,16.9,627,1539.21,0,0,26977.39,3659.41,1580.86,106328.18,outros,sim,divorciado,superior,temporario,centro_oeste,0
2056,38,3909.76,6956.79,11,21.36,585,2018.99,14,1,6440.99,924.68,2217.14,161329.57,educacao,sim,solteiro,pos,estudante,sul,0
2057,59,6289.05,35964.15,43,11.18,676,1282.77,9,1,26897.16,5589.64,5550.33,202113.66,outros,nao,divorciado,fundamental,estudante,nordeste,1
2058,60,1991.34,7966.24,32,7.38,617,2488.79,0,4,10412.11,6873.13,-1742.74,156049.85,educacao,sim,divorciado,fundamental,autonomo,centro_oeste,0
2059,40,4681.51,32902.83,23,25.88,812,1659.04,8,2,10784.26,5741.98,-107.45,204995.82,veiculo,nao,casado,pos,estudante,centro_oeste,0
2060,40,3785.03,10616.76,10,24.73,813,894.81,1,3,4285.13,7119.66,-1082.17,53115.47,consumo,sim,viuvo,superior,estudante,centro_oeste,0
2061,68,3580.86,7883.11,20,18.84,533,2021.41,6,4,7927.99,7335.08,5932.27,176645.01,veiculo,sim,casado,fundamental,temporario,sudeste,0
2062,50,5571.75,9895.12,66,22.88,434,529.78,15,4,1356.91,859.2,-768.76,116545.39,outros,nao,casado,pos,clt,norte,0
2063,26,6739.46,25632.36,65,27.25,617,2351.03,11,3,23518.69,515.7,4620.93,13366.51,negocios,nao,divorciado,superior,estudante,centro_oeste,1
2064,59,4182.14,31869.45,55,17.66,656,969.62,8,1,29797.95,2406.64,2256.48,141977.11,consumo,nao,divorciado,medio,estudante,nordeste,0
2065,51,6205.23,39442.58,12,9.86,720,1769.31,9,2,1692.04,2410.04,4302.99,138009.01,casa,sim,viuvo,fundamental,autonomo,sudeste,0
2066,47,4889.53,8349.58,51,19.33,629,1630.71,9,0,8939.27,5285.06,553.35,217999.66,outros,nao,casado,pos,autonomo,centro_oeste,0
2067,59,3193.08,30536.5,14,25.95,654,402.43,1,2,12117.25,2447.34,1908.62,142956.64,casa,nao,solteiro,pos,autonomo,sudeste,0
2068,69,4335.69,37709.7,51,20.56,429,1854.16,4,2,13739.11,3601.2,5827.48,28759.47,outros,nao,divorciado,superior,temporario,sul,0
2069,36,4260.93,16714.44,8,4.63,725,903.42,14,4,28847.23,4356.11,-1057.44,218058.7,outros,sim,viuvo,pos,autonomo,sul,0
2070,41,3546.01,6127.06,24,26.01,551,1064.34,16,0,1500.7,5607.03,3041.11,69267.27,negocios,sim,divorciado,medio,estudante,centro_oeste,0
2071,28,5571.27,9595.54,14,22.09,573,403.94,2,3,21493.97,8972.33,5674.96,153397.03,negocios,sim,divorciado,pos,clt,sudeste,0
2072,54,5222.36,6665.92,67,13.64,589,2059.4,16,1,18629.36,6352.31,-811.94,131618.7,consumo,nao,divorciado,pos,autonomo,sudeste,0
2073,40,1936.83,42868.14,43,27.7,448,2175.83,0,0,29346.6,2759.23,4752.3,78197.26,outros,nao,casado,fundamental,autonomo,nordeste,0
2074,37,1827.25,19639.93,66,21.32,617,491.5,9,2,10705.23,3481.79,353.73,89466.05,consumo,nao,solteiro,medio,autonomo,sul,0
2075,57,5564.43,26312.36,7,23.81,572,2065.26,14,4,3563.7,871.08,-234.84,143662.96,outros,nao,viuvo,pos,autonomo,norte,0
2076,41,3332.48,37475.31,54,26.64,513,2263.36,3,2,4570.23,4065.95,-501.36,191773.34,veiculo,nao,divorciado,medio,autonomo,centro_oeste,0
2077,44,5343.67,19403.18,37,4.95,518,405.72,17,0,22070.23,5507.68,3937.88,208256.49,casa,sim,viuvo,medio,autonomo,nordeste,0
2078,43,6205.68,32034.17,36,22.59,433,2494.03,17,1,19101.47,8570.18,-1520.74,218021.82,educacao,sim,divorciado,superior,clt,norte,0
2079,32,2512.28,5988.93,63,13.27,775,190.56,7,3,20729.92,2777.52,1480.01,25682.91,educacao,sim,casado,fundamental,autonomo,norte,0
2080,25,2259.23,24381.21,9,24.86,537,2134.38,16,1,4798.2,2569.77,3636.1,41339.64,veiculo,sim,casado,fundamental,temporario,sudeste,0
2081,65,7813.98,6891.61,68,25.09,769,1475.23,1,1,1487.15,646.49,-710.89,45233.44,outros,nao,solteiro,fundamental,estudante,sul,0
2082,23,5432.83,13796.93,7,23.89,754,2400.9,9,1,19827.27,5384.63,-52.18,214129.82,veiculo,sim,casado,pos,estudante,sul,1
2083,36,4045.37,15847.01,29,22.7,602,964.39,5,0,2837.16,8964.9,-610.68,21438.53,negocios,nao,solteiro,fundamental,estudante,centro_oeste,0
2084,56,3118.91,35150.06,15,23.06,743,1017.17,11,3,32537.42,3654.29,-1596.37,153351.83,veiculo,sim,casado,fundamental,estudante,sudeste,0
2085,25,3881.21,33171.74,40,11.12,504,2129.68,4,1,28116.12,4731.7,1760.76,210703.05,negocios,nao,viuvo,superior,autonomo,norte,0
2086,55,2656.97,36492.14,45,13.76,492,1828.79,7,1,6298.35,995.01,2074.7,126565.64,veiculo,nao,casado,pos,estudante,sudeste,1
2087,59,6390.14,5309.85,48,6.76,779,1573.2,13,1,20924.56,5354.24,5576.46,1722.91,casa,sim,casado,fundamental,estudante,sul,0
2088,55,3401.85,47723.1,58,23.93,678,1674.97,3,3,4620.86,2285.6,3878.99,14446.52,negocios,nao,solteiro,superior,clt,nordeste,0
2089,35,6768.36,4976.11,55,19.5,695,1763.72,15,4,32765.98,631.39,5767.2,156159.46,outros,sim,viuvo,pos,temporario,norte,0
2090,19,4078.87,40071.52,68,18.71,789,290.99,12,3,20630.81,6312.68,4103.87,87638.8,casa,sim,solteiro,superior,clt,norte,0
2091,68,2921.97,36182.24,35,9.91,425,453.26,4,2,11121.43,1755.79,5834.34,111251.61,consumo,nao,viuvo,superior,autonomo,norte,0
2092,36,4032.66,29425.16,17,18.76,488,600.52,12,3,23814.01,1359.79,135.99,9945.11,consumo,sim,solteiro,pos,autonomo,centro_oeste,1
2093,63,1200.0,22468.0,16,14.91,804,590.15,5,1,88.85,2439.47,-492.74,197632.96,casa,nao,casado,fundamental,estudante,centro_oeste,0
2094,29,4582.62,36949.52,24,27.89,471,2135.54,9,4,10075.02,1669.07,1252.19,199185.85,casa,sim,solteiro,pos,temporario,centro_oeste,1
2095,27,4493.79,36163.53,45,24.71,599,1095.26,10,3,8195.92,5794.35,2035.86,132463.62,outros,sim,divorciado,fundamental,autonomo,sul,0
2096,62,6284.54,8741.61,9,16.62,428,1315.46,14,4,12116.2,2770.06,4632.34,104784.69,casa,sim,divorciado,pos,temporario,centro_oeste,0
2097,71,1404.65,38564.78,69,23.4,550,387.4,6,1,2985.72,6203.43,2423.3,86603.08,negocios,nao,viuvo,pos,clt,norte,0
2098,67,6891.36,6074.34,71,7.95,488,2199.78,8,0,33879.64,5140.76,5629.28,43529.5,casa,nao,solteiro,pos,estudante,sudeste,1
2099,60,6277.08,25274.85,16,6.43,522,203.81,7,3,16376.07,3505.88,450.49,206737.54,consumo,nao,viuvo,medio,estudante,sul,0
2100,32,7053.68,31851.22,57,19.14,745,373.25,15,1,29974.29,2144.55,2715.54,107649.03,consumo,sim,casado,superior,clt,nordeste,0
2101,70,4705.1,39886.84,45,21.44,530,2064.09,15,1,2082.97,6218.26,3282.9,23774.19,veiculo,sim,solteiro,superior,temporario,sul,0
2102,56,6625.01,23571.51,37,5.27,745,482.99,3,3,29568.84,4957.65,-584.24,174404.45,veiculo,sim,divorciado,fundamental,temporario,centro_oeste,0
2103,27,2151.76,13277.04,54,8.82,777,2020.59,1,2,22856.22,6627.22,4327.0,213805.66,negocios,sim,casado,pos,clt,sudeste,1
2104,25,6083.49,24825.01,43,16.89,636,992.97,17,3,23757.06,4802.07,3187.32,62131.51,outros,nao,divorciado,medio,autonomo,norte,1
2105,67,3411.91,13884.47,27,5.51,635,1980.55,3,1,28222.0,7317.57,-303.11,151169.96,negocios,sim,casado,superior,clt,sudeste,0
2106,33,1827.48,26557.0,43,14.18,553,296.82,3,0,18412.56,5172.8,1425.41,219301.48,consumo,sim,solteiro,superior,autonomo,nordeste,0
2107,61,2776.55,23544.12,14,15.57,686,971.73,2,2,22190.4,7413.41,3197.88,25272.8,outros,nao,viuvo,fundamental,autonomo,sudeste,1
2108,25,4809.96,38012.95,22,26.12,742,1296.56,2,4,31492.46,5172.61,3920.47,178775.54,negocios,nao,viuvo,fundamental,estudante,sudeste,0
2109,33,3316.26,13424.1,70,11.58,765,1631.63,1,2,4378.66,8674.82,1455.48,109634.76,outros,sim,divorciado,pos,autonomo,sudeste,0
2110,34,5476.93,11599.33,18,8.05,498,2120.03,10,4,1948.31,7752.13,3835.4,147248.43,casa,nao,solteiro,superior,estudante,nordeste,0
2111,34,1545.17,24075.43,45,4.18,694,747.17,9,4,34394.23,2660.0,233.27,39760.04,negocios,sim,casado,medio,temporario,nordeste,0
2112,56,1200.0,4797.95,25,6.92,475,1708.62,1,4,30852.42,6689.22,579.02,47951.14,outros,sim,divorciado,superior,temporario,norte,0
2113,70,7270.3,12935.0,36,22.02,616,532.11,11,2,17989.51,1621.87,-1708.2,122326.14,negocios,nao,viuvo,superior,estudante,centro_oeste,0
2114,69,6426.84,18593.57,22,14.68,455,2024.79,3,1,27326.97,8244.29,2002.96,55111.69,casa,nao,viuvo,superior,clt,sul,0
2115,60,2911.27,24687.15,43,8.77,640,2345.07,9,4,30867.23,3437.14,-330.98,131285.65,negocios,nao,viuvo,pos,autonomo,norte,0
2116,29,4794.6,14759.37,42,26.39,760,289.69,13,2,16339.97,4558.13,2895.99,19294.64,outros,nao,casado,superior,autonomo,centro_oeste,0
2117,72,6635.11,28008.96,46,22.9,746,365.27,7,1,3428.56,674.84,5732.13,172024.73,consumo,sim,divorciado,fundamental,estudante,norte,1
2118,48,5554.56,42467.87,26,6.74,705,2007.09,5,2,16822.56,7874.81,5997.27,60274.06,veiculo,nao,viuvo,pos,estudante,norte,0
2119,49,5066.8,27239.6,44,10.45,651,2222.13,16,3,12298.05,8558.12,1120.36,162140.22,veiculo,nao,casado,fundamental,estudante,nordeste,0
2120,57,6771.28,15551.2,54,24.39,669,1683.87,14,1,809.97,4499.26,3922.28,35865.89,outros,sim,divorciado,medio,temporario,centro_oeste,1
2121,61,3484.72,5320.13,53,20.62,459,1249.95,15,4,33566.65,2097.19,5693.52,175901.63,veiculo,nao,viuvo,fundamental,autonomo,sul,0
2122,72,4856.12,8718.32,43,26.69,710,1964.24,2,1,25052.45,6397.25,2282.69,2971.25,outros,nao,casado,superior,estudante,nordeste,0
2123,51,4767.87,28035.39,25,5.83,692,875.33,4,1,27503.65,3024.16,804.66,37578.33,consumo,nao,solteiro,pos,temporario,nordeste,0
2124,52,4309.03,33608.75,41,22.61,477,2480.87,6,0,20886.6,8660.05,-584.86,74333.92,veiculo,nao,solteiro,superior,autonomo,sul,0
2125,60,4098.35,4759.89,41,5.83,672,2147.34,3,4,9420.98,3144.82,-426.71,171584.77,veiculo,sim,casado,fundamental,autonomo,centro_oeste,0
2126,32,4931.16,10942.52,68,12.08,573,2238.15,6,4,20464.58,5393.65,4861.9,6975.1,educacao,sim,viuvo,medio,autonomo,nordeste,0
2127,35,4861.93,17018.2,30,22.02,623,2163.33,4,1,23809.5,920.28,220.17,162867.06,consumo,nao,divorciado,fundamental,estudante,nordeste,0
2128,53,2912.83,17049.68,27,21.06,745,2344.3,8,2,20906.9,8913.37,311.19,51774.81,negocios,nao,viuvo,superior,temporario,centro_oeste,0
2129,21,6243.23,46107.52,55,4.05,548,329.63,12,3,4450.05,5397.36,4023.95,219261.5,negocios,sim,divorciado,medio,estudante,norte,0
2130,36,3042.51,11771.56,47,8.85,786,2288.02,7,3,28474.32,8790.17,4727.09,63111.8,consumo,sim,divorciado,medio,estudante,sul,0
2131,58,4407.18,5344.68,34,22.69,586,756.76,12,3,10414.33,3056.11,-174.15,32063.35,consumo,sim,solteiro,pos,autonomo,norte,0
2132,73,4268.5,18562.17,6,7.03,625,1013.28,6,1,13885.61,4980.86,3571.3,150317.43,veiculo,sim,casado,pos,estudante,nordeste,0
2133,47,5444.59,8617.11,52,11.83,431,1039.72,8,0,19274.96,656.29,1683.44,60866.99,negocios,nao,casado,superior,autonomo,nordeste,0
2134,40,1200.0,8259.48,54,8.41,468,719.25,5,4,34217.25,7051.98,358.59,118849.78,consumo,sim,divorciado,pos,temporario,centro_oeste,1
2135,43,6403.64,21039.01,67,6.67,532,1197.15,1,4,10938.36,1915.25,2257.83,169868.99,outros,sim,divorciado,superior,estudante,sudeste,0
2136,57,3581.42,16440.8,39,24.08,811,1352.81,0,4,1465.65,4115.3,4264.42,175981.94,outros,sim,solteiro,medio,estudante,sul,0
2137,49,6995.93,6673.57,39,5.47,523,524.9,3,0,34035.96,6195.31,-1023.97,48543.57,outros,sim,divorciado,medio,clt,nordeste,0
2138,19,3939.3,29995.81,19,16.87,578,1014.08,11,3,33511.77,1198.03,-1245.23,46150.51,outros,nao,casado,superior,estudante,centro_oeste,0
2139,48,4712.08,25327.34,36,20.62,761,987.7,1,1,6939.8,7160.82,5311.52,59694.28,negocios,sim,viuvo,medio,temporario,norte,0
2140,40,8244.81,6008.03,6,5.38,547,1745.24,8,1,29016.54,7349.26,5714.56,86835.53,veiculo,nao,viuvo,pos,estudante,norte,0
2141,57,4300.79,41754.87,39,19.2,745,1527.42,2,2,32186.6,5016.02,2322.79,164333.29,veiculo,nao,solteiro,medio,estudante,norte,0
2142,67,7029.93,15454.44,52,12.02,467,1841.37,6,1,454.72,5642.17,-679.81,119244.65,negocios,sim,solteiro,superior,estudante,nordeste,0
2143,72,4870.28,46242.83,57,24.01,473,1998.75,4,2,26416.24,1300.83,-1187.25,193572.17,veiculo,nao,viuvo,fundamental,clt,sul,0
2144,52,5547.75,44885.01,49,23.14,425,1727.45,3,2,6296.0,4314.9,-583.22,153671.82,consumo,sim,divorciado,medio,clt,norte,0
2145,38,4925.93,22251.4,59,23.05,469,739.69,9,4,28951.32,7649.73,404.5,134922.16,negocios,nao,solteiro,medio,temporario,centro_oeste,0
2146,43,6326.13,12899.8,49,13.57,661,1344.92,16,4,733.12,1259.16,3534.09,114541.61,veiculo,sim,solteiro,superior,clt,sudeste,0
2147,28,3566.04,40485.8,57,23.74,456,1262.45,11,3,24193.45,8904.02,-940.09,90779.55,educacao,sim,solteiro,pos,temporario,sul,0
2148,71,3028.71,18938.51,34,19.12,664,351.8,4,4,28587.14,4630.3,-731.88,76101.4,educacao,nao,divorciado,medio,clt,norte,1
2149,66,3650.56,9941.56,45,13.09,659,2255.2,15,2,1247.36,608.74,3761.66,38478.77,negocios,sim,casado,fundamental,temporario,sudeste,0
2150,66,4979.48,27598.15,48,5.94,513,392.13,16,0,26497.21,3389.19,207.76,59424.49,educacao,nao,casado,medio,temporario,centro_oeste,1
2151,36,4402.53,24767.81,43,5.6,434,2445.35,13,4,4156.73,4755.22,-114.76,198214.64,negocios,nao,viuvo,medio,estudante,sul,0
2152,36,6078.49,41175.81,43,10.03,484,253.65,3,1,2768.0,8651.4,2744.64,182480.59,educacao,nao,casado,pos,estudante,centro_oeste,0
2153,66,7148.52,35682.3,57,11.19,477,1872.85,3,2,32223.27,6494.47,-1185.45,989.09,negocios,sim,divorciado,fundamental,autonomo,sul,0
2154,49,3043.49,42364.35,21,26.26,631,847.17,17,1,32306.06,5438.81,3107.03,49289.5,consumo,nao,divorciado,medio,clt,centro_oeste,1
2155,58,3478.89,35928.98,26,28.0,792,2278.94,16,4,25939.92,8715.39,-1650.05,177602.12,veiculo,nao,divorciado,fundamental,temporario,nordeste,0
2156,45,2214.77,31718.96,40,7.45,594,2091.75,7,1,31157.19,3007.3,17.61,128823.59,veiculo,nao,viuvo,pos,temporario,centro_oeste,0
2157,43,8454.67,25258.06,48,26.63,673,238.03,8,3,584.76,3727.47,1713.88,15681.73,consumo,sim,viuvo,pos,autonomo,sudeste,0
2158,54,5348.41,47433.67,39,20.96,541,230.93,9,3,17908.75,7029.82,3121.35,177633.93,consumo,nao,viuvo,superior,temporario,nordeste,1
2159,64,5663.64,46142.0,19,15.97,456,1579.4,15,2,30507.34,5553.11,-209.99,165743.21,outros,nao,divorciado,superior,temporario,norte,0
2160,37,2387.62,41122.81,60,26.91,507,527.05,5,2,31247.14,2361.45,5057.74,61953.3,negocios,sim,casado,medio,temporario,sul,0
2161,64,4797.89,37777.02,42,21.13,611,212.85,12,0,12845.94,6884.06,5368.4,163660.31,consumo,sim,viuvo,pos,estudante,centro_oeste,0
2162,31,5716.65,28778.96,34,18.25,763,2425.21,16,4,11361.34,2771.29,1949.65,195080.4,educacao,nao,divorciado,pos,autonomo,centro_oeste,0
2163,40,4345.04,14318.78,63,9.03,519,1648.24,5,1,24499.24,5250.47,324.81,142385.09,outros,nao,divorciado,fundamental,temporario,nordeste,1
2164,70,6736.27,42332.48,34,9.87,813,205.13,5,1,2105.91,7778.03,-938.22,163604.47,casa,sim,casado,fundamental,clt,sul,0
2165,72,8961.3,2992.13,16,25.88,675,1318.01,2,1,27318.2,2838.39,5521.82,10777.51,outros,sim,viuvo,superior,temporario,sudeste,0
2166,70,3095.29,12848.52,70,9.16,562,545.49,13,1,8738.88,6969.9,-758.13,124316.12,veiculo,nao,casado,pos,clt,centro_oeste,0
2167,36,2960.24,20869.83,31,4.78,668,2048.02,4,3,18255.04,7821.34,529.78,165794.94,casa,sim,casado,superior,temporario,nordeste,0
2168,66,3220.04,29170.15,65,10.39,699,246.54,0,2,6739.27,3195.76,765.88,101771.77,consumo,sim,divorciado,superior,clt,nordeste,0
2169,71,7691.16,28020.01,40,15.53,694,1040.53,9,4,25702.53,2171.18,293.19,89006.16,negocios,nao,solteiro,medio,clt,sudeste,0
2170,73,6676.24,10499.62,21,13.17,766,732.23,10,4,33476.43,7858.94,-1783.96,123855.1,educacao,sim,casado,superior,clt,nordeste,0
2171,19,4556.05,7268.32,30,26.46,684,2455.63,0,1,18929.18,4464.41,-184.61,148460.11,negocios,sim,casado,fundamental,temporario,nordeste,0
2172,60,4865.81,12615.97,66,14.05,430,361.22,13,4,33275.09,3146.52,4038.38,179659.2,consumo,sim,casado,medio,autonomo,nordeste,0
2173,74,3330.22,18366.25,68,25.34,570,1850.14,10,3,14072.43,588.24,-197.86,179598.29,negocios,nao,solteiro,pos,temporario,centro_oeste,0
2174,61,6402.05,3139.44,15,18.27,783,1289.02,8,4,10024.05,2149.06,4159.78,154674.0,consumo,sim,solteiro,pos,temporario,norte,0
2175,31,4116.18,34006.74,71,16.58,502,2074.26,6,0,29351.36,4858.02,1443.95,216392.72,consumo,nao,viuvo,superior,clt,norte,0
2176,61,4331.86,13771.6,62,7.84,619,677.05,11,2,1327.61,7546.28,-1168.04,118372.19,consumo,sim,divorciado,pos,temporario,sudeste,0
2177,23,5895.82,18488.9,48,10.5,620,2164.28,13,3,9841.14,4769.55,4650.44,97518.96,consumo,nao,solteiro,medio,autonomo,nordeste,1
2178,45,4461.61,17738.03,18,24.81,642,2384.85,13,1,24167.14,2849.96,3154.18,72772.5,educacao,sim,viuvo,superior,temporario,norte,0
2179,53,4377.06,25788.26,44,22.72,767,674.41,6,3,6611.91,8397.65,2974.58,27359.4,casa,sim,solteiro,medio,autonomo,sul,1
2180,44,4819.04,41620.89,34,14.74,635,743.17,9,3,31165.86,3638.54,-628.27,48945.57,outros,sim,viuvo,pos,clt,centro_oeste,1
2181,57,6231.64,9297.24,14,25.82,420,2415.71,4,0,16876.22,1884.47,3062.13,67336.72,veiculo,sim,viuvo,fundamental,clt,centro_oeste,0
2182,31,7763.69,18003.08,70,23.66,517,1187.18,3,4,8606.61,8535.44,4413.09,111437.65,casa,sim,viuvo,superior,temporario,sul,0
2183,52,5853.88,33987.31,45,6.69,672,2117.76,15,4,12993.92,3869.67,5971.71,219509.1,veiculo,sim,casado,medio,clt,norte,0
2184,54,6245.97,4512.53,12,18.54,732,2134.44,7,1,9931.16,4600.48,3432.55,170601.21,casa,sim,viuvo,superior,clt,centro_oeste,0
2185,54,4440.26,40264.03,28,23.17,678,901.18,4,0,24532.17,7553.5,1570.99,195314.79,negocios,sim,casado,superior,estudante,nordeste,0
2186,34,3525.96,46263.04,61,23.4,712,594.78,13,0,3846.67,2945.8,4587.22,39900.12,negocios,nao,casado,superior,temporario,nordeste,0
2187,35,5977.18,30147.49,35,6.19,516,1030.35,12,0,29878.56,4994.12,-1407.03,5296.81,educacao,nao,viuvo,superior,estudante,norte,0
2188,32,5108.23,46021.13,38,9.39,458,1553.21,4,0,5208.69,7863.43,1470.43,604.25,outros,sim,viuvo,fundamental,estudante,nordeste,0
2189,44,2239.27,21294.31,15,13.91,799,1333.24,3,1,9886.35,2676.95,3911.17,110578.47,consumo,sim,divorciado,pos,estudante,sul,1
2190,51,4209.47,21383.94,13,10.04,645,1889.37,11,3,21934.67,8101.48,1003.64,25857.65,negocios,nao,casado,fundamental,temporario,sudeste,1
2191,38,4650.79,7334.33,70,6.61,715,1453.24,16,3,12397.23,2127.58,-1340.45,41657.32,negocios,sim,casado,superior,temporario,nordeste,1
2192,41,3881.18,4112.84,68,19.09,802,2048.79,2,2,17851.87,7762.36,-934.67,39087.33,negocios,nao,divorciado,superior,autonomo,sudeste,0
2193,34,7467.12,13624.95,12,16.18,493,421.14,4,3,19918.65,3844.49,-495.92,157022.5,outros,sim,divorciado,fundamental,temporario,nordeste,0
2194,30,5663.71,24254.85,42,7.72,768,1198.7,16,0,9065.76,5159.3,4683.97,209709.47,negocios,sim,viuvo,medio,autonomo,nordeste,1
2195,55,7271.71,25599.55,50,18.07,566,217.27,13,4,18711.06,5186.93,3822.49,26659.14,outros,nao,solteiro,fundamental,temporario,sul,0
2196,64,5274.17,12399.68,64,5.49,670,460.27,10,0,32877.74,2241.74,4158.15,23508.16,negocios,sim,divorciado,pos,temporario,sul,0
2197,34,4946.5,30382.66,42,13.19,574,949.1,6,1,86.66,1970.46,5292.78,72530.26,outros,sim,casado,medio,autonomo,centro_oeste,0
2198,67,3114.12,10744.87,63,23.02,499,2271.51,8,3,20867.99,6547.05,560.32,140278.31,consumo,nao,divorciado,superior,estudante,nordeste,0
2199,50,4821.47,17342.61,13,25.36,771,1061.96,3,0,11207.21,7516.06,3995.99,81248.4,veiculo,nao,solteiro,medio,estudante,sudeste,0
2200,27,4823.5,11404.78,6,9.89,558,814.44,14,2,30171.94,1664.03,1043.72,61259.81,consumo,nao,divorciado,fundamental,temporario,norte,1
2201,38,2339.2,34198.19,36,24.63,429,1736.23,9,4,3380.72,6888.1,4328.35,25341.51,educacao,nao,solteiro,fundamental,autonomo,norte,0
2202,18,3828.85,26004.05,23,25.4,480,1812.05,14,1,2121.86,3278.76,3627.97,100757.4,casa,sim,viuvo,pos,clt,centro_oeste,0
2203,20,4218.09,35992.6,55,18.57,804,1296.68,15,3,14171.37,5552.65,5920.43,7757.05,negocios,sim,casado,medio,temporario,centro_oeste,0
2204,37,5544.26,5104.79,28,27.57,748,849.36,1,3,23580.98,5044.39,4105.15,138199.96,negocios,nao,solteiro,superior,estudante,nordeste,0
2205,43,5630.43,21853.97,32,9.91,685,880.2,15,0,225.82,6818.74,-1753.94,181174.15,casa,sim,divorciado,pos,temporario,sudeste,0
2206,63,3753.63,46496.62,41,5.66,731,610.47,5,0,28393.18,5106.36,3658.52,213087.45,casa,sim,casado,superior,clt,nordeste,0
2207,25,5643.97,4939.69,69,24.24,679,1021.21,5,0,11777.98,1294.04,-1007.19,70902.64,consumo,nao,viuvo,fundamental,estudante,norte,1
2208,65,4472.26,21536.23,10,15.78,784,570.35,8,0,32208.87,2873.21,2459.55,181522.07,educacao,nao,viuvo,pos,autonomo,sudeste,1
2209,31,1200.0,4338.12,42,12.31,459,1671.58,5,2,31701.8,3882.34,-572.89,111519.49,consumo,nao,divorciado,superior,clt,sul,1
2210,25,3927.54,9172.73,31,5.33,445,2255.68,6,1,26733.32,5362.18,2058.88,58887.06,casa,nao,viuvo,superior,autonomo,nordeste,0
2211,57,6742.18,23544.95,8,5.55,697,769.87,12,2,25795.2,1940.75,4382.48,21216.25,negocios,nao,solteiro,pos,temporario,centro_oeste,0
2212,62,1772.75,9666.86,59,6.18,805,741.94,5,1,21028.43,3368.17,455.06,98334.87,consumo,sim,divorciado,pos,temporario,sudeste,0
2213,52,5002.84,26103.37,66,8.41,652,2263.71,10,1,27807.07,1037.32,-609.05,190793.9,veiculo,sim,viuvo,medio,estudante,sudeste,1
2214,24,7653.47,44484.29,17,27.29,806,1497.84,6,0,6232.91,3241.78,653.06,208454.05,consumo,nao,casado,superior,estudante,sul,0
2215,24,3430.9,11618.54,56,10.75,580,1873.08,5,3,28598.79,4853.7,-445.5,101642.47,casa,sim,casado,fundamental,clt,sul,0
2216,40,4803.87,7376.99,52,23.61,689,2242.79,2,0,19782.28,8459.83,-368.22,170084.43,consumo,nao,viuvo,pos,autonomo,sudeste,0
2217,43,2452.77,40050.08,52,4.47,623,1722.74,15,4,27369.15,2010.8,3638.36,46859.95,consumo,nao,viuvo,fundamental,estudante,norte,0
2218,74,7729.02,23442.28,36,11.72,772,1902.5,2,0,17282.95,734.77,3693.73,163688.97,casa,nao,viuvo,medio,temporario,sudeste,0
2219,34,4650.0,42658.8,27,25.75,678,1077.72,9,4,22083.55,3706.15,2327.3,4733.01,consumo,nao,divorciado,medio,estudante,centro_oeste,0
2220,28,4883.93,16428.61,10,8.44,595,2356.55,4,3,11955.89,5664.5,167.33,92002.65,veiculo,sim,casado,medio,temporario,norte,0
2221,71,7237.74,31052.71,8,10.82,517,1813.05,17,4,14854.41,5664.87,2331.27,169288.47,casa,nao,solteiro,pos,autonomo,sul,0
2222,26,5990.66,44510.77,17,23.84,545,346.33,1,4,12767.06,3437.21,5598.64,80654.12,negocios,sim,divorciado,superior,temporario,norte,0
2223,19,3223.87,10312.16,40,6.91,449,1560.9,7,2,25920.69,819.67,1192.8,22710.28,consumo,sim,solteiro,pos,estudante,sul,0
2224,42,3634.9,38933.15,15,5.28,481,399.6,9,0,7019.21,8310.75,1503.81,213634.03,educacao,sim,viuvo,pos,clt,nordeste,0
2225,40,5690.88,31234.01,51,27.18,623,1391.32,17,3,32568.24,4765.15,2055.25,65760.77,casa,sim,solteiro,superior,clt,centro_oeste,1
2226,53,3676.58,39489.08,46,13.72,432,385.29,2,3,29024.96,7100.48,-408.39,9287.15,veiculo,nao,casado,fundamental,temporario,nordeste,0
2227,68,1200.0,10266.55,28,19.79,608,1635.2,14,4,30160.72,3873.67,108.77,89777.64,outros,sim,viuvo,fundamental,estudante,sul,1
2228,71,4704.17,22250.93,11,7.05,436,1238.77,1,1,31989.33,7567.16,3589.36,153335.53,outros,nao,solteiro,medio,estudante,sul,0
2229,34,2135.62,8362.09,40,9.28,484,1463.14,5,4,15260.68,7169.85,-539.72,84420.66,educacao,sim,divorciado,pos,autonomo,sudeste,0
2230,73,7709.31,46183.74,60,15.04,696,1685.57,15,4,31217.02,1309.98,2915.19,198141.55,casa,sim,viuvo,fundamental,clt,centro_oeste,0
2231,54,5118.22,5352.47,31,20.2,431,760.81,6,3,15543.67,935.76,1209.94,46878.89,consumo,sim,solteiro,pos,autonomo,sul,0
2232,21,3170.68,5479.49,59,11.04,554,921.29,10,1,3556.19,1770.77,589.01,127321.6,casa,nao,divorciado,superior,estudante,sul,0
2233,71,3542.46,43366.11,24,25.23,496,1298.4,7,1,1735.49,7494.15,2488.05,23536.42,negocios,nao,divorciado,superior,temporario,centro_oeste,0
2234,25,1399.08,16184.68,11,22.75,441,1493.84,16,0,2225.42,2790.93,-39.65,25975.03,educacao,nao,viuvo,medio,temporario,nordeste,0
2235,51,2820.97,29664.41,48,17.24,503,2322.86,1,4,6580.23,3864.17,615.41,42965.45,outros,sim,solteiro,medio,temporario,sudeste,0
2236,63,6629.38,15580.14,64,15.02,464,996.42,17,2,12593.18,5416.24,2291.39,47886.18,veiculo,sim,divorciado,fundamental,estudante,centro_oeste,0
2237,32,8817.22,32018.51,64,18.87,452,1552.81,4,1,34273.83,6040.97,3326.88,145099.99,veiculo,nao,divorciado,medio,estudante,sudeste,0
2238,33,6107.51,11257.36,69,21.56,686,2320.3,10,0,8441.99,4124.05,4723.55,186686.36,casa,nao,casado,medio,autonomo,nordeste,0
2239,45,4634.32,23378.56,13,7.24,469,1845.36,4,2,31954.71,4317.9,4632.34,190410.2,outros,sim,casado,medio,estudante,sul,0
2240,68,4022.47,26773.89,8,24.46,795,941.75,14,0,28365.17,3289.11,2082.37,138223.34,veiculo,nao,viuvo,medio,estudante,sul,0
2241,30,3078.31,17680.75,43,15.75,614,1142.12,12,4,30139.3,1299.27,-1221.1,89514.53,veiculo,nao,solteiro,superior,estudante,nordeste,0
2242,55,8507.58,13952.38,68,26.45,583,2218.78,2,1,27466.67,1760.68,-333.12,58230.67,veiculo,nao,divorciado,pos,autonomo,centro_oeste,0
2243,43,4460.25,8879.4,71,26.93,770,1195.43,4,2,34058.28,8064.14,-1796.34,64499.97,educacao,sim,divorciado,fundamental,autonomo,nordeste,1
2244,24,8608.13,34629.57,24,4.74,731,764.74,12,3,4193.49,8786.23,-352.32,99634.51,outros,sim,divorciado,medio,autonomo,nordeste,0
2245,58,7308.34,10156.86,30,13.23,588,1393.52,9,3,16764.23,7516.36,-1560.26,138377.01,consumo,sim,viuvo,medio,temporario,sul,0
2246,65,1666.57,15791.75,49,16.63,809,611.52,9,0,11999.25,3099.28,3774.93,122159.06,consumo,nao,divorciado,fundamental,autonomo,sul,0
2247,50,3601.29,17829.35,66,16.95,632,1530.34,6,0,9948.31,2015.97,2460.01,167556.74,educacao,nao,viuvo,pos,estudante,sudeste,1
2248,28,3595.72,23173.69,17,23.74,703,2480.28,12,1,15638.84,4828.12,-1521.3,28229.93,educacao,sim,viuvo,medio,temporario,nordeste,0
2249,26,4656.28,34466.88,70,7.39,807,2428.73,16,3,16832.54,1304.19,3017.64,24839.34,veiculo,nao,viuvo,superior,autonomo,centro_oeste,0
2250,42,4691.43,21971.5,59,18.94,709,1604.01,1,4,34508.12,8277.19,4550.37,217974.47,outros,sim,divorciado,superior,clt,sul,0
2251,46,10193.23,42134.76,10,26.62,656,2236.17,12,4,9263.86,7028.03,-1577.42,69514.01,consumo,sim,solteiro,fundamental,clt,sul,0
2252,49,2860.99,33430.25,61,27.92,666,2071.15,16,1,31908.84,8775.72,-809.01,213705.33,negocios,nao,solteiro,pos,autonomo,sul,1
2253,31,5212.15,40651.15,48,4.24,681,2385.55,3,3,5844.08,7775.23,1875.39,63674.89,veiculo,nao,divorciado,pos,estudante,sul,0
2254,46,5909.71,35094.11,70,27.34,811,2205.58,7,0,23276.62,3974.89,-1470.01,14218.52,educacao,sim,casado,pos,estudante,sul,1
2255,34,4797.17,9262.75,19,6.93,700,2267.61,10,0,10689.57,3170.83,-1634.04,111653.29,veiculo,sim,solteiro,medio,estudante,centro_oeste,0
2256,57,4998.33,46995.69,71,16.89,539,712.55,13,2,33613.29,7590.81,2742.85,43420.69,veiculo,sim,divorciado,medio,temporario,sul,0
2257,63,2919.34,38289.68,9,9.91,428,546.6,12,0,22211.46,5497.14,2588.1,197895.81,consumo,nao,casado,medio,clt,norte,0
2258,55,4991.68,28558.84,11,18.55,733,282.01,17,0,2247.54,7968.88,4491.88,95141.87,veiculo,nao,solteiro,superior,temporario,norte,1
2259,18,5720.52,10018.01,35,4.89,615,1709.59,10,4,32323.9,3264.19,-1192.38,97019.37,outros,nao,casado,medio,clt,sul,0
2260,74,5389.68,10356.97,49,9.72,586,2345.73,15,4,10283.61,5144.96,5198.11,85713.35,negocios,sim,viuvo,pos,clt,sul,1
2261,19,5826.36,30452.07,17,11.21,794,2485.73,9,3,32458.94,4429.86,-1654.67,24430.24,casa,nao,solteiro,fundamental,autonomo,norte,0
2262,74,7342.69,21436.97,24,25.97,482,2157.43,5,1,471.99,2057.56,550.62,137118.89,consumo,sim,viuvo,fundamental,estudante,nordeste,0
2263,19,6486.54,33251.61,31,18.01,435,2107.94,12,0,7654.18,5099.13,-1420.37,34015.8,negocios,sim,viuvo,medio,autonomo,centro_oeste,0
2264,47,4928.33,19445.46,14,21.0,715,1383.81,7,0,9743.94,1208.93,105.24,140736.64,negocios,nao,viuvo,pos,estudante,sul,0
2265,24,2690.83,25834.46,17,20.22,789,1228.54,11,2,24079.51,3687.47,4558.32,88042.13,educacao,sim,solteiro,fundamental,estudante,sul,0
2266,23,3719.99,11052.09,15,13.41,751,1665.53,11,4,27928.28,5034.15,-823.92,187662.27,consumo,nao,casado,pos,estudante,nordeste,1
2267,56,4404.66,9561.65,68,4.34,768,232.68,1,2,22053.16,1734.55,-225.34,114499.82,casa,sim,viuvo,pos,estudante,sudeste,0
2268,59,5254.22,5941.84,67,6.57,765,2022.83,9,4,2170.8,6906.02,2968.67,195444.86,veiculo,sim,casado,pos,autonomo,nordeste,0
2269,24,3939.0,39793.59,47,15.01,694,1705.36,0,4,15177.34,2121.9,-1631.03,5566.45,consumo,sim,casado,superior,estudante,centro_oeste,0
2270,73,3115.68,27770.07,51,26.59,788,574.51,7,3,17289.44,6692.62,2898.89,159594.59,veiculo,nao,viuvo,pos,clt,centro_oeste,0
2271,36,2661.24,45594.92,15,9.97,556,1654.82,11,0,12555.28,703.62,5176.13,122944.1,veiculo,nao,divorciado,medio,temporario,sul,0
2272,36,1827.88,36601.63,9,20.76,717,1570.77,11,1,14684.1,6355.49,-1257.46,37166.69,consumo,sim,casado,fundamental,temporario,sudeste,1
2273,34,4377.09,37478.72,30,23.84,456,2008.16,1,1,16891.55,3903.54,-1753.94,23264.7,educacao,sim,solteiro,fundamental,estudante,norte,0
2274,44,2154.6,25662.16,70,25.76,631,2122.95,16,2,19390.06,7215.94,1366.42,162171.35,casa,sim,divorciado,superior,temporario,sudeste,0
2275,28,2999.05,39603.15,37,11.04,536,767.93,13,3,22083.28,5276.71,4822.67,82614.72,negocios,nao,casado,fundamental,estudante,sul,0
2276,42,4090.98,45363.89,59,26.35,795,2069.59,5,4,7354.28,3730.36,5494.51,16801.72,casa,nao,casado,fundamental,estudante,nordeste,0
2277,29,2395.35,35339.18,30,18.59,594,602.46,8,4,31559.03,6142.32,4449.12,152912.75,veiculo,sim,casado,pos,temporario,sudeste,0
2278,20,5483.55,7304.3,26,16.2,503,1094.57,2,2,28975.9,3797.21,3264.79,63998.76,veiculo,sim,viuvo,medio,clt,nordeste,1
2279,39,6132.4,32121.4,59,22.68,647,1322.94,6,4,27531.47,3527.71,1527.14,66006.71,casa,nao,divorciado,fundamental,clt,sudeste,0
2280,56,3811.03,7979.71,37,9.73,450,2047.44,12,4,28204.9,4117.83,4354.0,18062.65,negocios,nao,divorciado,pos,temporario,sudeste,0
2281,61,4013.35,6013.62,54,23.5,470,2270.51,15,0,18391.02,6538.38,4102.2,92969.76,educacao,sim,solteiro,medio,temporario,nordeste,0
2282,38,5767.37,34026.97,53,19.6,592,219.94,10,3,33357.0,5727.0,-367.73,200890.02,consumo,nao,viuvo,pos,clt,nordeste,0
2283,36,3514.81,40482.74,53,23.18,672,1890.41,5,2,12808.24,8290.34,3783.07,189248.36,negocios,nao,casado,medio,clt,norte,1
2284,62,3391.08,9727.29,50,24.54,652,2215.85,16,4,14699.4,503.17,4382.11,72831.06,veiculo,nao,viuvo,medio,autonomo,nordeste,0
2285,56,6953.7,5873.76,59,18.82,442,2393.99,9,4,28569.76,1868.1,5226.83,67496.59,negocios,sim,viuvo,fundamental,estudante,sudeste,0
2286,65,6391.54,42836.79,36,4.88,691,801.5,13,0,30415.14,4699.17,3891.02,190591.64,casa,nao,solteiro,superior,estudante,nordeste,0
2287,69,5882.79,8515.52,26,11.15,443,581.27,12,3,15714.56,6192.04,3912.66,162710.51,educacao,nao,casado,pos,clt,nordeste,0
2288,64,6466.16,4096.42,39,25.07,746,1337.55,7,4,29680.41,1261.91,5232.61,44830.64,negocios,nao,divorciado,fundamental,temporario,sul,0
2289,71,1240.9,35307.97,27,19.05,435,2270.33,0,3,22163.21,3000.73,-284.66,197621.81,negocios,sim,divorciado,superior,estudante,sudeste,0
2290,41,7236.9,41071.06,8,25.36,430,912.22,11,4,13580.73,8902.86,2490.27,200636.37,negocios,sim,casado,medio,autonomo,nordeste,0
2291,40,5505.71,25908.54,29,13.23,627,1351.74,16,3,31692.38,3284.98,5169.3,74896.55,educacao,sim,casado,pos,estudante,nordeste,0
2292,36,6619.41,27066.6,39,16.11,740,2489.69,15,3,17611.36,3731.02,3126.86,196424.65,casa,nao,divorciado,fundamental,temporario,sudeste,1
2293,31,5496.89,17827.15,40,24.7,726,1237.99,15,4,29720.02,2529.68,5464.48,145996.16,veiculo,sim,divorciado,pos,estudante,centro_oeste,0
2294,60,4888.06,13350.08,28,22.29,660,1637.54,6,4,28434.62,648.23,-1406.66,192636.44,consumo,sim,casado,pos,autonomo,centro_oeste,0
2295,58,4304.44,36863.06,53,13.06,491,2489.78,16,0,3382.12,2925.86,-131.14,84788.45,casa,nao,divorciado,superior,clt,norte,0
2296,63,5460.86,41142.44,24,4.54,801,1032.04,0,3,30489.41,1868.99,-73.51,87591.83,consumo,nao,solteiro,medio,autonomo,norte,0
2297,27,4238.85,17116.64,48,25.13,428,813.2,5,1,5684.79,3738.71,-1187.46,110619.02,outros,nao,casado,medio,autonomo,nordeste,0
2298,46,6362.18,14958.77,23,22.87,559,835.96,11,2,28485.11,2475.75,3057.25,57985.18,educacao,nao,divorciado,fundamental,clt,sul,0
2299,30,1944.38,14684.52,71,14.78,721,1611.47,5,3,26444.9,3932.8,1331.33,118214.49,veiculo,nao,viuvo,fundamental,clt,centro_oeste,1
2300,68,3825.16,4802.09,48,17.11,666,557.47,0,3,25801.15,2790.36,91.25,112008.62,consumo,sim,casado,medio,temporario,nordeste,0
2301,33,8480.68,15288.91,42,8.9,736,561.69,3,0,32230.68,8282.67,3876.33,41381.15,outros,sim,divorciado,superior,temporario,sul,0
2302,26,3673.06,3667.12,34,13.89,726,783.51,16,4,21019.58,2976.78,3474.13,197019.71,educacao,sim,solteiro,medio,temporario,centro_oeste,0
2303,50,4370.37,38372.55,55,7.92,795,1434.97,7,3,11851.15,2103.19,-1494.11,23012.5,outros,nao,divorciado,fundamental,clt,norte,0
2304,68,3211.35,14144.67,34,9.05,626,2138.49,3,3,20761.74,6977.27,1628.12,194104.31,negocios,nao,divorciado,superior,clt,centro_oeste,1
2305,70,5404.52,33902.06,59,24.31,748,1407.91,11,3,24364.51,7399.84,3817.73,118336.34,veiculo,sim,divorciado,fundamental,estudante,nordeste,1
2306,23,3474.72,27215.07,16,12.7,482,1995.73,6,2,12761.69,5285.55,-993.72,106051.9,negocios,nao,solteiro,medio,clt,nordeste,0
2307,36,4465.9,40604.6,60,23.55,489,2401.53,7,1,8900.36,3431.27,4400.62,188865.71,consumo,nao,viuvo,pos,estudante,norte,0
2308,26,6327.96,46197.23,69,15.37,439,1896.8,17,2,17139.18,7590.86,3005.2,99712.02,educacao,sim,viuvo,medio,autonomo,nordeste,1
2309,35,3542.23,19211.77,22,5.7,501,1671.27,9,1,31440.74,6193.89,3801.42,66643.16,educacao,sim,viuvo,medio,autonomo,sudeste,0
2310,48,6219.5,6519.51,20,12.68,464,199.01,1,4,22066.26,3738.8,153.13,34748.47,veiculo,nao,solteiro,fundamental,temporario,sudeste,0
2311,33,6280.01,36608.88,69,7.8,749,1220.31,16,0,31403.95,3829.13,4032.06,151323.2,consumo,nao,solteiro,fundamental,temporario,nordeste,0
2312,21,6698.92,3469.26,32,20.65,617,801.87,0,0,16629.05,520.79,-445.17,183273.92,negocios,nao,casado,pos,clt,norte,1
2313,47,5052.97,12644.83,51,25.87,597,1368.82,12,3,33144.67,991.02,4910.66,112248.26,educacao,sim,viuvo,fundamental,clt,nordeste,0
2314,21,10634.27,4922.91,18,22.31,675,2386.52,1,3,27704.54,1645.94,-193.23,62150.0,consumo,sim,casado,fundamental,estudante,sudeste,0
2315,30,6698.16,43365.75,34,22.68,563,923.44,4,2,12410.41,2601.87,292.17,206982.07,negocios,sim,casado,pos,clt,sudeste,0
2316,18,5384.78,2741.02,52,24.68,648,553.01,17,2,15687.69,8371.6,3432.67,142243.44,casa,sim,viuvo,medio,temporario,centro_oeste,0
2317,22,3223.34,24919.77,65,22.64,421,2096.08,3,0,34921.91,7483.74,801.68,119868.16,veiculo,sim,solteiro,fundamental,clt,sul,0
2318,42,4625.29,21791.96,34,17.65,705,2478.15,17,4,33379.51,846.59,610.59,174267.11,veiculo,nao,divorciado,fundamental,clt,sul,1
2319,66,7367.39,32199.88,10,21.14,768,1989.76,5,4,14358.42,626.81,-1312.12,73500.88,casa,sim,divorciado,fundamental,temporario,centro_oeste,0
2320,62,7877.16,15683.36,33,13.98,435,501.07,6,1,29174.58,5481.03,4596.82,161988.74,veiculo,sim,casado,pos,estudante,sudeste,0
2321,23,7460.99,42253.14,48,5.7,452,1457.61,16,0,31840.52,3700.1,1783.03,77150.73,consumo,sim,divorciado,pos,clt,centro_oeste,0
2322,19,6213.35,35912.73,63,20.93,474,1120.04,13,2,8811.18,7315.09,1265.8,56771.1,educacao,nao,casado,superior,temporario,centro_oeste,0
2323,37,2539.81,22169.4,61,21.32,663,1649.56,5,1,18116.21,8769.49,115.18,51193.55,negocios,nao,viuvo,superior,clt,sul,1
2324,55,5676.89,18790.19,56,9.37,724,1731.18,13,0,26497.99,4701.19,2530.75,194386.58,outros,sim,divorciado,fundamental,autonomo,norte,1
2325,60,2565.48,39622.92,16,26.89,749,2052.45,8,0,2690.16,2007.97,2564.73,177204.43,veiculo,sim,solteiro,medio,estudante,norte,0
2326,64,2122.55,36946.24,40,5.26,732,737.0,1,3,28198.94,8088.57,-1781.65,45813.26,negocios,nao,viuvo,superior,estudante,norte,0
2327,37,5230.49,20654.5,44,21.66,650,2418.05,4,1,7386.62,4088.74,-1132.3,15442.86,negocios,sim,viuvo,pos,temporario,centro_oeste,1
2328,27,5741.76,18032.42,36,27.24,700,678.08,4,3,16764.08,4045.67,2980.81,34011.93,consumo,nao,casado,pos,temporario,nordeste,0
2329,19,6426.08,4269.4,66,11.42,531,467.91,8,1,13132.13,6483.31,414.98,67662.86,veiculo,nao,divorciado,pos,clt,norte,0
2330,26,5694.85,6217.68,69,25.9,718,2102.98,16,3,25905.92,3644.29,5873.71,134161.49,outros,nao,viuvo,superior,autonomo,sul,1
2331,21,5756.85,4953.29,19,23.83,493,1254.74,10,1,8160.76,2496.19,138.93,146398.1,consumo,nao,casado,fundamental,clt,norte,0
2332,67,3027.63,3610.9,69,21.86,805,1317.33,2,2,16322.53,6804.42,-614.02,25065.25,casa,nao,divorciado,superior,clt,nordeste,0
2333,33,4611.04,9455.69,61,26.89,436,919.47,10,3,9295.27,2079.64,-1451.82,100022.64,veiculo,nao,viuvo,superior,clt,centro_oeste,0
2334,64,2087.19,41499.95,52,19.7,797,287.68,9,1,1918.08,833.81,3554.85,114613.52,outros,sim,divorciado,medio,estudante,sul,0
2335,49,1200.0,38816.25,31,15.88,604,629.15,6,4,29522.92,4729.81,466.82,57024.19,negocios,nao,casado,superior,autonomo,nordeste,0
2336,48,6133.16,40973.61,56,20.22,677,1946.99,4,3,7858.2,788.46,336.95,160559.77,outros,sim,solteiro,superior,autonomo,sudeste,0
2337,43,3444.38,30882.92,44,13.88,483,700.62,12,1,8134.6,7223.02,-938.61,130945.72,negocios,sim,solteiro,pos,clt,nordeste,0
2338,64,6370.5,30894.87,65,11.8,547,2482.98,10,4,1636.56,8807.95,-1390.72,160782.17,educacao,sim,solteiro,fundamental,autonomo,centro_oeste,0
2339,20,6795.03,8138.89,52,5.97,764,2004.05,7,2,17594.39,8563.43,-3.19,153667.21,negocios,sim,casado,fundamental,autonomo,sudeste,0
2340,23,3685.23,34302.92,69,13.07,425,2148.73,3,3,9413.74,1765.74,1293.62,197317.47,outros,nao,casado,fundamental,estudante,sudeste,0
2341,42,5862.56,15241.2,33,23.28,496,2206.01,2,1,19792.55,8421.89,3364.09,148070.73,educacao,sim,casado,fundamental,clt,sul,0
2342,40,3609.92,26126.03,11,26.69,672,1847.86,3,0,25323.53,1450.6,-1010.66,176026.27,negocios,nao,divorciado,pos,clt,nordeste,0
2343,49,1477.42,45939.88,38,27.4,741,1261.54,11,2,1607.54,3512.48,1056.09,112076.01,negocios,sim,casado,medio,clt,sudeste,0
2344,60,5021.96,42113.0,71,8.96,592,2307.47,0,2,7017.14,1216.83,5940.82,52189.19,casa,sim,casado,superior,estudante,centro_oeste,1
2345,51,3952.43,13110.3,49,17.71,455,1169.54,1,3,13681.2,7492.73,3512.76,19992.31,outros,sim,viuvo,pos,estudante,nordeste,0
2346,32,4007.84,36017.6,52,17.82,478,402.3,17,3,30791.72,2401.81,5993.71,107679.74,casa,nao,casado,fundamental,autonomo,sul,0
2347,36,8355.62,7236.13,47,8.23,776,1563.75,4,3,3840.38,6151.65,-1180.62,175634.11,casa,sim,solteiro,pos,autonomo,sudeste,0
2348,60,2053.46,3716.78,45,17.96,506,424.91,2,2,26034.05,6982.85,1358.02,128333.87,educacao,sim,casado,superior,autonomo,norte,1
2349,29,5489.17,3781.93,10,12.71,651,1700.5,17,0,33375.38,3736.48,-4.21,5680.58,casa,sim,casado,pos,clt,sudeste,0
2350,46,3009.35,10246.22,33,26.62,794,2494.26,7,2,2718.34,7208.93,5544.19,52625.69,negocios,sim,viuvo,pos,temporario,nordeste,1
2351,48,6434.87,34120.15,11,10.12,570,1746.48,0,4,11655.33,3267.49,5261.24,97035.65,consumo,nao,solteiro,medio,estudante,sul,0
2352,60,5337.18,19030.42,28,24.04,446,668.48,7,4,26934.88,1759.95,2638.32,88485.6,veiculo,nao,solteiro,superior,autonomo,nordeste,0
2353,58,5482.82,3225.38,53,25.52,745,499.83,0,0,32731.36,4408.76,595.61,153408.21,negocios,nao,casado,fundamental,clt,sudeste,0
2354,44,3099.2,47455.03,59,21.66,734,1006.82,5,4,8635.51,6537.72,2449.88,38662.3,casa,nao,solteiro,superior,autonomo,sul,0
2355,35,3421.94,26768.72,20,9.15,680,518.18,17,0,22465.81,837.47,4994.75,81358.86,casa,sim,viuvo,pos,clt,centro_oeste,0
2356,38,6469.05,20421.55,49,10.25,780,1501.69,14,0,25604.73,7353.08,2676.16,117919.28,consumo,sim,solteiro,medio,clt,nordeste,0
2357,41,7987.44,26107.67,20,27.31,730,1996.79,7,0,14140.83,2672.95,4169.06,216420.08,educacao,nao,divorciado,pos,temporario,norte,0
2358,30,5664.55,26158.68,19,5.82,695,1706.88,6,2,23433.48,6290.29,3564.56,203544.94,consumo,nao,casado,superior,autonomo,nordeste,1
2359,53,3184.64,23895.76,69,6.81,553,1611.9,10,0,19219.46,1469.41,-1039.23,83974.82,negocios,nao,viuvo,pos,temporario,sul,0
2360,29,5410.09,30389.18,46,27.49,444,1190.61,11,3,32801.19,3810.37,4111.39,73491.28,veiculo,sim,divorciado,pos,estudante,sul,0
2361,54,9169.45,42796.01,19,22.65,710,580.73,13,2,18855.24,4452.91,-173.0,208932.62,consumo,nao,viuvo,fundamental,autonomo,sudeste,0
2362,60,4984.36,16227.97,15,21.91,758,1659.65,9,4,18081.49,4481.77,4990.27,189548.79,educacao,sim,divorciado,medio,clt,norte,1
2363,72,7431.31,24657.07,9,7.84,698,1152.89,1,1,23425.34,2822.51,615.27,156242.86,negocios,nao,viuvo,fundamental,clt,norte,0
2364,24,3467.41,2665.8,38,15.73,681,888.67,15,1,5330.41,4998.23,2601.21,136757.22,negocios,nao,divorciado,pos,estudante,nordeste,0
2365,61,4724.25,41621.55,12,24.18,707,1709.54,6,2,18583.54,2857.61,428.8,160351.53,negocios,nao,solteiro,superior,temporario,nordeste,0
2366,22,5915.22,16418.63,44,11.89,530,1058.2,14,0,1774.03,1915.53,-1733.48,156139.42,casa,nao,divorciado,superior,temporario,sudeste,0
2367,37,5515.19,14844.01,34,8.63,466,570.53,14,2,21945.84,1633.43,4285.05,184081.87,consumo,nao,casado,fundamental,clt,sul,0
2368,28,3420.5,47887.94,47,4.26,671,1301.75,3,2,18713.23,8105.04,3775.97,159178.51,negocios,sim,solteiro,fundamental,temporario,norte,0
2369,27,3342.87,29089.88,19,18.94,797,850.9,9,3,29379.01,1610.48,5404.45,143046.08,casa,sim,casado,pos,clt,nordeste,0
2370,27,6578.91,8098.47,15,11.05,474,1881.69,13,2,27919.61,3859.13,2665.54,206098.52,casa,sim,casado,fundamental,estudante,norte,0
2371,20,6944.79,14581.39,12,24.73,448,289.2,6,0,15139.08,2641.16,-332.45,206949.98,veiculo,nao,viuvo,superior,autonomo,sudeste,0
2372,64,7521.86,18571.81,12,10.8,703,2158.6,14,1,23064.77,5736.39,-467.47,91708.95,casa,sim,divorciado,pos,clt,norte,0
2373,21,8047.07,47365.73,10,7.64,589,1250.32,9,0,10616.02,3438.95,1236.52,219676.96,negocios,nao,viuvo,medio,estudante,sudeste,0
2374,40,5042.31,22093.29,23,27.05,781,216.99,16,4,13574.32,2933.69,779.13,86487.74,outros,sim,casado,medio,estudante,norte,0
2375,57,4239.84,12971.1,58,27.15,608,489.4,16,2,2730.86,8736.6,1382.53,54779.07,veiculo,nao,casado,fundamental,temporario,norte,0
2376,74,7231.78,28422.76,46,20.44,628,2373.42,17,1,3524.63,8972.34,-45.31,45623.4,veiculo,nao,casado,medio,estudante,nordeste,0
2377,66,6083.52,20916.56,22,26.28,444,1425.86,3,1,28656.08,1627.27,5911.44,26161.55,educacao,sim,divorciado,superior,autonomo,sul,0
2378,25,3031.58,5000.7,67,7.88,800,1963.03,13,0,34018.03,6388.68,-1131.49,80284.01,casa,nao,casado,medio,estudante,centro_oeste,1
2379,74,2939.46,41671.84,56,15.05,552,2228.04,13,2,17122.75,8063.62,3965.45,212980.42,negocios,sim,casado,fundamental,clt,nordeste,0
2380,55,5685.47,3213.78,57,8.9,595,923.11,8,0,4478.75,8752.13,2627.55,71390.96,casa,sim,casado,superior,autonomo,nordeste,0
2381,28,4480.91,43381.01,65,15.49,671,1448.85,3,3,3091.84,3033.85,2533.81,202301.88,educacao,nao,viuvo,fundamental,estudante,norte,0
2382,43,4752.43,38529.57,55,22.99,763,1688.75,5,1,1589.24,7167.68,2984.02,23581.41,veiculo,nao,solteiro,fundamental,temporario,sudeste,0
2383,70,6730.56,5949.96,69,24.28,738,2132.48,9,0,30757.3,3285.75,5251.56,32215.04,veiculo,sim,viuvo,superior,temporario,sudeste,0
2384,40,6166.27,35424.3,27,4.1,729,1154.61,15,0,15476.95,5783.57,3466.18,35879.31,veiculo,nao,viuvo,medio,temporario,nordeste,0
2385,28,7193.77,37577.85,62,13.35,462,2388.07,16,0,30812.9,4860.19,312.78,120889.68,negocios,sim,casado,pos,clt,norte,0
2386,67,1323.24,29904.97,13,27.86,455,1588.52,16,1,12698.98,6513.69,300.12,218214.53,outros,sim,solteiro,medio,clt,sudeste,1
2387,72,5256.12,28784.02,25,18.14,752,2207.38,17,0,20582.15,8257.98,4659.25,44887.43,casa,nao,casado,medio,clt,centro_oeste,1
2388,73,6050.44,4760.76,64,11.11,785,373.39,1,0,23584.35,1458.59,1928.97,73437.79,educacao,sim,viuvo,pos,clt,sul,1
2389,72,2052.15,5207.08,14,13.34,669,1254.95,17,1,1751.19,2394.12,3698.0,187736.35,outros,sim,solteiro,fundamental,clt,sul,0
2390,67,3621.19,35591.63,39,11.74,784,595.67,9,2,23855.81,5478.89,1132.14,116866.04,negocios,sim,solteiro,fundamental,estudante,sul,0
2391,43,3287.13,7303.22,28,14.74,547,2295.57,1,1,27990.06,3536.33,3957.84,75863.68,negocios,sim,solteiro,pos,temporario,nordeste,0
2392,28,4839.06,13503.91,12,14.67,560,725.17,2,2,772.79,5241.79,1507.99,92996.96,educacao,nao,casado,medio,autonomo,sudeste,0
2393,53,7730.14,25197.07,21,16.16,488,1834.11,4,2,2058.76,7153.69,2046.6,161716.62,educacao,nao,divorciado,medio,autonomo,centro_oeste,0
2394,30,8440.66,9969.45,41,15.15,737,325.86,4,2,18273.1,6445.65,5441.79,79722.58,educacao,sim,divorciado,superior,clt,sul,0
2395,44,3334.28,38437.7,47,16.39,687,645.96,1,0,33998.4,7015.99,2059.99,145711.07,outros,nao,casado,superior,temporario,centro_oeste,1
2396,55,5747.8,39235.7,50,4.67,509,922.06,6,4,34063.57,1870.09,-46.35,176202.16,negocios,nao,solteiro,pos,estudante,centro_oeste,1
2397,71,5805.84,40817.52,14,5.31,819,1993.95,9,0,3835.25,758.09,2345.13,12513.27,outros,sim,viuvo,superior,temporario,sul,0
2398,34,5497.73,4755.35,27,12.91,432,762.71,5,4,26630.81,7909.68,-1733.37,164970.75,consumo,sim,viuvo,superior,clt,sul,0
2399,32,5518.16,21968.23,12,25.24,728,2075.17,12,1,27766.16,4337.94,375.75,207744.1,casa,sim,casado,pos,autonomo,nordeste,0
2400,59,5346.74,41034.75,6,22.98,503,2009.58,12,2,30693.44,5903.24,2912.38,17684.58,casa,nao,divorciado,fundamental,estudante,nordeste,0
2401,18,7837.63,19026.48,31,6.64,733,2481.91,7,0,1523.14,1120.01,-1246.61,17977.91,educacao,nao,casado,superior,temporario,nordeste,0
2402,50,6784.44,34159.83,47,15.88,613,1750.97,1,1,34035.17,6515.64,1752.08,135398.73,veiculo,sim,viuvo,medio,estudante,sul,0
2403,60,2891.72,29310.69,30,18.51,513,1658.86,5,4,28759.8,1364.09,2871.03,148815.73,consumo,sim,divorciado,medio,autonomo,nordeste,0
2404,49,6232.3,18297.99,8,15.55,443,1575.56,11,3,21269.02,7192.4,-33.27,101700.49,casa,sim,casado,fundamental,estudante,sudeste,0
2405,39,6406.27,15076.42,20,20.74,668,434.32,7,3,2338.99,1016.1,-101.0,205825.04,consumo,sim,casado,superior,temporario,centro_oeste,0
2406,65,5366.94,32199.81,34,27.93,484,1370.68,10,1,8405.54,1207.21,3416.6,27859.8,outros,nao,solteiro,fundamental,temporario,nordeste,0
2407,39,6836.56,8579.9,29,6.32,599,2155.44,15,4,12132.1,3418.05,5798.73,26068.58,educacao,sim,viuvo,fundamental,estudante,nordeste,0
2408,58,5138.53,41635.57,60,16.37,800,228.39,14,3,30008.56,2302.18,597.29,2263.21,negocios,nao,viuvo,medio,temporario,nordeste,0
2409,44,5160.84,28728.18,45,16.3,775,473.84,11,1,26639.21,8867.81,-179.8,180852.88,outros,sim,casado,pos,clt,sudeste,0
2410,19,5018.23,7573.41,71,17.5,617,1573.27,1,3,32925.22,4336.22,5875.34,19834.27,outros,sim,solteiro,superior,clt,sul,0
2411,48,1200.0,34510.51,17,8.01,712,2145.08,13,1,14788.81,4485.16,4710.31,132745.19,veiculo,sim,solteiro,medio,clt,sudeste,1
2412,20,4655.28,22115.62,30,19.32,749,893.01,5,0,32087.94,895.06,5500.75,204514.23,veiculo,nao,casado,pos,estudante,sudeste,1
2413,71,3597.15,11785.7,11,5.06,662,2201.83,7,3,31349.79,4676.82,-1440.44,11584.71,consumo,sim,solteiro,fundamental,temporario,sudeste,1
2414,52,2664.39,46228.65,7,21.79,502,963.06,12,2,647.03,1043.59,5482.12,25822.92,casa,nao,divorciado,pos,autonomo,nordeste,1
2415,39,7381.23,35243.97,66,19.92,744,1259.86,14,0,8373.89,5838.96,4738.97,191629.29,consumo,nao,solteiro,medio,autonomo,sudeste,0
2416,45,5707.57,29481.21,38,11.93,455,2391.03,12,4,27995.9,8843.25,537.53,61062.17,negocios,nao,solteiro,medio,temporario,norte,0
2417,53,4746.3,41123.46,49,27.74,628,1148.81,5,3,23278.22,3301.42,3068.91,92913.46,educacao,nao,casado,pos,estudante,centro_oeste,0
2418,32,3783.35,27246.08,24,23.89,732,1570.8,8,2,7801.08,7368.36,-457.12,127657.87,outros,nao,divorciado,fundamental,clt,nordeste,0
2419,34,5333.11,22586.91,9,16.95,648,2350.28,6,4,27351.44,8706.77,1458.14,157639.82,educacao,sim,casado,fundamental,temporario,centro_oeste,0
2420,41,6584.58,11119.83,64,27.77,559,793.37,8,3,11079.46,8727.71,2899.07,40471.06,consumo,sim,viuvo,superior,clt,nordeste,0
2421,32,3311.46,9479.26,49,23.92,586,393.29,13,4,21075.07,6840.35,-939.52,192224.32,outros,sim,casado,fundamental,autonomo,centro_oeste,0
2422,61,4791.31,22154.6,52,7.31,603,2402.63,17,3,32713.02,7894.85,5738.62,170311.29,educacao,sim,divorciado,superior,estudante,nordeste,0
2423,23,6362.52,23246.84,41,18.19,717,1478.8,7,0,8386.64,3487.38,5447.44,19931.26,casa,nao,casado,superior,temporario,centro_oeste,0
2424,65,1315.2,35865.72,32,17.94,816,2420.75,5,2,1937.86,5462.77,4965.49,23812.3,casa,nao,casado,superior,autonomo,sul,1
2425,37,4696.37,22614.87,33,19.67,731,2190.85,15,2,23104.86,6134.53,-797.27,155585.07,casa,nao,divorciado,medio,estudante,sul,0
2426,49,4027.28,29488.74,56,26.58,546,1559.53,2,1,25494.75,2347.68,3419.44,103996.74,outros,nao,viuvo,pos,autonomo,sudeste,1
2427,26,4559.11,40379.59,20,15.81,464,1273.51,7,1,10940.26,3164.0,5145.35,99551.48,educacao,nao,solteiro,pos,autonomo,sul,0
2428,39,3897.07,47696.73,28,5.86,609,1294.18,17,2,16394.38,3572.14,-726.53,47859.34,negocios,nao,viuvo,medio,autonomo,sudeste,0
2429,61,5047.72,17174.9,26,15.5,763,565.16,15,2,17538.16,1058.5,3248.92,156713.49,educacao,sim,viuvo,fundamental,estudante,sul,0
2430,33,8262.53,43538.93,40,22.91,673,1232.26,14,0,28558.15,4380.67,-207.39,25100.05,outros,sim,divorciado,medio,estudante,sul,0
2431,25,4216.94,39175.31,69,12.61,548,2086.42,15,2,24257.77,7158.46,3580.83,82124.98,outros,sim,divorciado,fundamental,autonomo,sul,0
2432,47,5325.08,5594.3,66,4.65,455,2473.99,4,2,9554.44,6023.14,3250.67,158882.26,negocios,sim,viuvo,superior,temporario,nordeste,0
2433,27,8390.54,17704.23,41,11.28,520,2407.99,1,4,9555.43,5813.65,4998.56,215742.66,outros,sim,casado,pos,temporario,norte,1
2434,35,3809.97,12466.45,19,20.37,706,2412.25,15,0,11373.78,5650.3,1988.61,46719.65,educacao,nao,viuvo,superior,autonomo,norte,0
2435,43,8066.42,32729.48,68,6.06,687,224.11,8,2,5108.35,691.49,4119.15,139907.08,educacao,nao,casado,pos,autonomo,centro_oeste,0
2436,50,4809.58,27766.11,26,13.02,600,1376.59,4,4,4699.75,528.02,-303.76,14118.01,veiculo,nao,casado,medio,estudante,sudeste,0
2437,54,8007.41,25015.72,29,7.2,553,644.3,8,1,28609.4,1937.52,3212.49,58734.94,casa,nao,viuvo,pos,estudante,centro_oeste,0
2438,56,6150.36,37242.15,64,15.42,490,1607.46,14,3,29109.68,8263.03,5039.33,21227.11,casa,nao,casado,medio,temporario,norte,0
2439,66,5352.8,17665.55,23,7.4,808,2374.34,8,1,9102.8,7785.52,3839.34,182755.18,educacao,sim,solteiro,superior,temporario,sul,0
2440,21,4681.86,19915.23,36,6.62,592,2213.83,11,0,29763.89,5402.74,5052.99,91974.76,educacao,sim,solteiro,pos,estudante,sudeste,0
2441,38,3676.73,41886.34,66,20.75,726,2190.47,9,3,19975.72,3775.94,3112.33,196113.75,negocios,nao,casado,fundamental,clt,sudeste,0
2442,18,4936.42,46735.49,26,7.79,604,1028.47,8,3,24925.52,8690.75,2501.0,8846.25,negocios,nao,solteiro,superior,clt,centro_oeste,0
2443,18,6415.25,37824.26,47,7.72,647,1342.72,17,4,30815.55,1060.88,5337.34,153634.95,negocios,nao,viuvo,medio,estudante,norte,0
2444,30,4776.4,12376.73,8,18.22,676,834.11,16,3,10792.05,1325.52,722.55,113169.21,casa,nao,solteiro,superior,autonomo,sudeste,0
2445,52,4230.08,7625.65,71,5.05,562,1464.94,7,1,23177.91,5778.62,4037.17,152573.59,outros,sim,viuvo,pos,clt,norte,0
2446,68,4348.59,12018.83,33,4.79,794,883.86,14,3,10798.67,5153.9,3605.79,212690.83,veiculo,sim,solteiro,medio,temporario,centro_oeste,0
2447,62,6586.46,21735.64,50,14.35,602,2056.26,13,0,31602.02,8841.04,4551.21,213999.02,negocios,sim,divorciado,pos,estudante,nordeste,0
2448,54,7005.29,13269.71,39,12.76,726,1257.45,2,1,10485.5,7321.6,2081.52,182756.8,veiculo,sim,solteiro,pos,clt,nordeste,0
2449,62,3599.13,43497.37,34,17.07,786,1804.93,15,1,21886.69,8474.86,2050.11,46346.79,consumo,sim,viuvo,superior,estudante,nordeste,0
2450,27,3596.54,33017.89,32,27.84,572,2204.59,12,2,6685.93,6634.45,-1533.34,167057.87,outros,sim,solteiro,superior,temporario,centro_oeste,0
2451,65,5482.85,21461.18,7,14.43,513,875.42,15,3,12942.28,8378.23,5464.92,210609.97,educacao,nao,casado,superior,estudante,centro_oeste,0
2452,68,7549.56,14958.43,24,17.83,807,1623.25,14,2,12298.95,6337.83,1221.04,76184.39,negocios,sim,divorciado,medio,temporario,centro_oeste,0
2453,23,6862.78,19820.08,31,26.06,734,2142.29,16,0,26261.36,4968.26,2505.76,76857.64,consumo,sim,divorciado,medio,estudante,sul,0
2454,44,2546.67,24160.3,30,15.6,736,2385.7,9,1,10030.83,5430.29,-253.87,105136.6,veiculo,nao,casado,medio,clt,centro_oeste,1
2455,65,4324.66,34978.92,24,22.75,798,558.31,1,0,11459.3,8160.28,3006.44,152923.32,outros,sim,solteiro,fundamental,autonomo,sul,1
2456,45,3124.91,6565.04,48,17.17,431,1760.89,4,2,329.52,1389.65,899.69,54510.45,negocios,sim,viuvo,medio,autonomo,sul,0
2457,65,4318.48,41121.9,60,19.29,797,1189.71,2,3,11054.29,5305.74,2763.43,34786.86,negocios,sim,viuvo,pos,temporario,norte,0
2458,71,7687.94,8303.98,64,26.38,466,842.41,4,1,9525.16,3834.24,3935.63,63035.33,outros,sim,divorciado,fundamental,estudante,centro_oeste,0
2459,45,2239.32,14441.48,70,4.02,478,545.93,10,2,19061.26,6135.1,2957.92,142029.25,outros,sim,casado,pos,temporario,centro_oeste,0
2460,21,1886.04,47708.34,48,25.62,507,1538.08,17,4,14062.32,5632.21,-1561.1,9261.94,negocios,nao,viuvo,medio,temporario,sul,0
2461,37,3308.6,11154.49,33,15.94,465,955.08,13,0,34316.5,3896.75,4487.42,204059.64,veiculo,nao,solteiro,medio,estudante,nordeste,1
2462,30,5317.16,7101.97,48,18.56,453,1729.63,7,4,19114.63,6359.14,2574.77,122664.56,casa,nao,solteiro,medio,temporario,centro_oeste,0
2463,45,5917.36,31547.44,14,14.8,470,831.91,8,1,2546.2,5055.9,59.5,23359.31,casa,nao,viuvo,fundamental,clt,sudeste,0
2464,51,5587.41,20387.37,59,10.26,614,181.37,9,1,28331.98,2093.52,724.58,159088.48,veiculo,nao,casado,medio,estudante,sudeste,0
2465,44,6916.23,6678.51,41,5.58,569,1959.97,7,3,1864.27,5923.51,4526.11,63079.86,veiculo,nao,viuvo,medio,temporario,nordeste,0
2466,29,1626.45,2670.28,16,26.68,556,554.28,10,1,29303.04,726.77,5503.01,168653.42,negocios,nao,viuvo,superior,clt,norte,1
2467,35,6939.01,6101.85,34,18.97,488,765.81,16,2,14191.49,7495.38,4545.02,193646.82,consumo,sim,solteiro,pos,clt,sudeste,0
2468,56,4238.23,26284.47,25,24.96,809,726.02,1,1,2158.69,8205.13,5112.79,110817.93,educacao,sim,divorciado,medio,temporario,centro_oeste,0
2469,19,6116.69,13005.63,29,10.98,552,974.0,6,0,34207.79,1162.48,2021.04,40608.25,negocios,nao,casado,pos,estudante,sul,0
2470,30,2417.83,37878.62,9,10.67,609,1305.99,1,4,17339.89,2682.63,1450.74,103944.15,veiculo,sim,casado,fundamental,estudante,nordeste,0
2471,68,4808.92,41516.64,7,12.06,476,2064.89,15,0,29918.46,1577.95,4586.86,125659.75,educacao,nao,casado,fundamental,autonomo,norte,0
2472,23,5225.29,9089.9,29,9.54,504,1688.51,3,0,14719.53,7060.53,1277.67,79139.54,educacao,sim,viuvo,pos,estudante,nordeste,0
2473,41,6880.35,17834.4,25,15.95,513,518.72,11,4,16156.26,1103.93,3705.69,169251.95,educacao,nao,solteiro,pos,clt,sul,0
2474,29,1946.54,9169.12,71,26.47,808,606.13,1,3,12682.74,5099.44,2981.77,59721.97,veiculo,sim,divorciado,fundamental,clt,centro_oeste,1
2475,23,4855.35,15544.52,23,25.03,490,2145.19,8,1,12912.27,3799.8,-607.53,185111.1,consumo,sim,divorciado,medio,clt,nordeste,0
2476,42,2846.58,13383.8,27,15.88,625,759.66,16,4,27770.93,6882.38,607.62,96255.8,veiculo,nao,viuvo,medio,clt,centro_oeste,0
2477,47,5709.89,38302.35,66,12.37,637,687.34,17,3,1077.46,5932.62,-142.74,129034.37,outros,sim,divorciado,fundamental,clt,norte,0
2478,28,6198.99,18219.33,62,18.68,449,188.28,2,1,17145.24,5125.6,-821.28,12324.54,casa,nao,divorciado,superior,clt,nordeste,0
2479,22,7116.91,25048.2,9,18.69,560,1975.86,11,0,9294.5,4779.72,1477.39,46230.45,educacao,sim,solteiro,medio,clt,sul,0
2480,25,3836.95,33162.23,11,20.41,452,1893.21,4,3,19485.16,7087.68,-252.38,96486.42,educacao,sim,divorciado,pos,autonomo,sudeste,0
2481,55,6469.01,39912.68,12,16.85,489,986.46,13,3,7532.41,4556.33,-1242.64,162571.05,veiculo,nao,viuvo,medio,clt,sul,0
2482,67,7249.62,16205.01,36,4.64,690,196.97,9,2,12206.27,4068.36,-185.74,213689.56,consumo,sim,casado,superior,autonomo,norte,0
2483,28,1842.16,12019.54,43,5.83,647,2002.53,14,1,18664.03,715.2,3027.34,15960.39,consumo,nao,casado,pos,autonomo,centro_oeste,1
2484,36,5902.22,47019.63,29,27.37,617,410.53,16,1,25963.3,2782.74,4505.75,206123.57,outros,nao,solteiro,fundamental,temporario,nordeste,0
2485,37,6525.32,17066.71,6,21.91,505,1248.29,6,1,33108.91,3643.88,1810.78,67778.13,educacao,nao,casado,medio,clt,sudeste,1
2486,38,4334.29,33033.6,19,26.76,669,2129.14,0,4,8509.53,5419.43,2952.83,216194.74,educacao,nao,solteiro,superior,clt,sudeste,0
2487,31,2620.61,33341.77,46,12.15,781,746.73,5,1,16901.98,6222.23,3273.56,9830.37,consumo,nao,viuvo,superior,estudante,sudeste,0
2488,21,6497.32,25888.34,30,16.84,759,1060.83,3,2,12202.66,8682.92,3281.27,111967.08,negocios,nao,casado,medio,temporario,sudeste,0
2489,47,2640.88,12894.36,14,11.73,489,1713.19,2,3,21211.29,2851.9,5897.5,171057.13,casa,sim,viuvo,fundamental,autonomo,nordeste,0
2490,38,4478.97,8936.31,48,25.81,692,1741.74,12,0,12826.81,5127.53,2949.96,77101.08,veiculo,nao,viuvo,superior,estudante,nordeste,0
2491,37,4727.78,24659.23,46,10.91,517,1253.48,16,2,3393.92,6926.33,2460.65,214228.3,casa,sim,solteiro,superior,temporario,centro_oeste,0
2492,33,6087.97,25747.29,38,20.65,764,1186.31,9,3,21503.89,3139.44,4960.54,203445.24,consumo,sim,casado,medio,clt,nordeste,0
2493,70,3672.06,37688.19,68,8.2,609,1153.26,9,2,1244.71,5162.48,3043.39,72863.84,casa,nao,casado,pos,clt,sul,0
2494,52,3567.75,34797.42,61,6.53,717,1307.6,10,3,1506.49,4057.62,1773.49,891.23,educacao,sim,viuvo,fundamental,clt,sul,0
2495,41,4978.05,43997.88,8,7.74,635,984.22,16,2,30947.73,3876.62,3990.86,38576.46,educacao,sim,viuvo,superior,autonomo,sudeste,0
2496,29,6611.5,46674.16,65,16.71,689,774.88,0,3,30459.83,1032.79,-50.97,7159.35,outros,sim,viuvo,superior,clt,sul,0
2497,63,8917.41,35617.24,9,24.27,793,913.24,9,4,19695.0,706.01,3445.89,149532.11,casa,nao,casado,fundamental,temporario,nordeste,0
2498,68,2086.53,5981.26,37,27.98,473,1288.42,15,1,630.1,3010.63,4184.35,31021.58,educacao,sim,casado,fundamental,estudante,sul,0
2499,19,5367.62,20932.88,65,18.94,781,1066.57,2,1,12008.69,8254.45,3180.8,105542.33,casa,sim,solteiro,pos,temporario,sudeste,0
2500,70,2844.24,30200.51,70,16.81,613,1538.45,10,3,12119.37,2138.56,-335.66,41237.54,veiculo,sim,casado,superior,temporario,nordeste,1
2501,57,6633.86,29353.88,7,22.89,476,1644.25,0,0,25231.16,1035.51,2217.03,190728.79,veiculo,sim,solteiro,pos,estudante,sudeste,0
2502,23,3110.62,10755.69,10,5.53,593,2491.05,15,1,28416.8,5771.79,4517.55,64794.49,consumo,nao,viuvo,medio,autonomo,sudeste,1
2503,60,3585.63,29023.99,21,23.43,442,1607.19,11,0,12398.39,8647.61,1341.38,153531.05,negocios,nao,casado,superior,temporario,centro_oeste,0
2504,24,3739.31,18410.46,24,22.2,636,1884.35,17,2,14760.88,985.92,5436.61,128900.46,negocios,sim,divorciado,pos,autonomo,sudeste,0
2505,20,4662.84,17921.17,24,16.71,608,407.43,5,0,7863.09,6836.38,-1424.4,82605.49,outros,sim,solteiro,medio,estudante,nordeste,0
2506,24,5381.76,40447.32,33,4.55,576,1944.24,13,1,25477.14,1422.25,3387.49,167174.69,casa,nao,viuvo,superior,estudante,sudeste,0
2507,44,5670.66,21697.96,27,8.85,597,1360.66,13,2,12220.35,1650.33,16.32,25174.37,negocios,nao,divorciado,pos,temporario,nordeste,1
2508,53,4789.62,26496.52,44,12.87,668,2190.41,0,3,24691.81,8456.71,3260.0,156414.8,veiculo,sim,divorciado,fundamental,estudante,centro_oeste,0
2509,41,2406.2,28110.72,62,26.59,750,2432.51,13,2,24741.51,6460.28,5604.89,39479.53,consumo,sim,viuvo,superior,estudante,norte,1
2510,24,6110.02,28116.35,42,19.32,576,714.45,12,4,5467.48,5254.05,2684.85,18015.54,consumo,nao,casado,superior,autonomo,sudeste,0
2511,29,4704.67,12197.03,27,16.24,426,2334.53,11,3,30991.76,1899.53,1607.9,212945.68,casa,sim,viuvo,pos,temporario,sul,0
2512,66,6891.12,29775.13,43,15.72,643,1738.21,10,0,28858.3,5251.96,4897.5,37845.55,outros,nao,divorciado,pos,autonomo,centro_oeste,0
2513,72,3526.07,17725.37,46,22.72,797,1894.74,14,3,20405.4,1029.31,1816.11,58243.04,outros,nao,solteiro,fundamental,clt,sudeste,1
2514,60,1915.91,32303.42,65,11.77,577,1275.88,1,0,3021.37,3852.66,2601.1,2240.35,consumo,sim,solteiro,fundamental,estudante,sudeste,1
2515,23,4738.75,9129.24,68,6.27,469,1003.12,7,0,5853.92,6487.83,595.21,148934.44,veiculo,sim,viuvo,fundamental,clt,norte,0
2516,64,7132.71,47732.26,24,20.25,780,2036.08,4,3,3226.25,5330.77,2484.84,167180.78,veiculo,sim,divorciado,superior,estudante,sudeste,0
2517,57,5089.7,37627.97,66,11.9,587,230.97,15,2,16226.52,6238.9,3783.29,4541.62,consumo,nao,viuvo,fundamental,temporario,sudeste,0
2518,47,4440.59,21484.94,59,11.81,569,1434.18,3,1,9292.94,1484.65,2172.49,113760.72,outros,nao,solteiro,pos,clt,norte,0
2519,26,3233.38,16211.51,14,14.91,538,351.29,1,0,29077.88,6948.08,-155.43,186576.94,educacao,sim,divorciado,pos,estudante,norte,0
2520,74,7963.98,20144.99,42,9.83,712,770.75,16,1,15258.47,8628.4,-1646.77,173177.03,negocios,nao,divorciado,superior,temporario,sudeste,0
2521,43,2946.72,35314.98,16,26.12,478,1862.46,7,3,15823.43,8213.97,-99.68,176853.38,consumo,sim,solteiro,fundamental,clt,centro_oeste,0
2522,20,3494.29,32321.05,38,24.33,665,1930.99,14,2,32267.39,1247.44,4832.02,15000.85,consumo,sim,viuvo,medio,clt,sul,1
2523,29,5826.06,34445.21,8,27.79,559,2242.58,4,0,20222.0,1338.06,5682.09,62255.83,educacao,nao,solteiro,medio,temporario,centro_oeste,0
2524,40,1459.16,42949.46,25,27.15,574,1839.81,12,2,13557.12,4863.6,2586.91,114643.19,veiculo,sim,solteiro,superior,temporario,sudeste,0
2525,21,7094.26,23261.43,44,11.55,506,1745.41,16,1,34421.01,4954.52,4666.77,112383.85,casa,sim,viuvo,medio,autonomo,nordeste,0
2526,36,5923.55,32963.21,26,13.13,743,2372.67,13,0,16185.25,7785.57,-1433.55,166661.21,veiculo,sim,casado,medio,estudante,sul,0
2527,44,6418.62,22588.61,6,20.76,601,1426.79,5,0,20288.81,3635.46,4858.0,202330.34,consumo,sim,viuvo,superior,estudante,nordeste,1
2528,72,5804.61,31533.46,31,4.38,791,1697.01,10,3,13370.03,4873.06,440.16,157686.43,casa,sim,divorciado,medio,clt,sul,0
2529,22,4509.98,24104.48,41,27.85,751,2193.91,14,0,23422.26,2231.43,-431.45,105964.97,consumo,sim,casado,pos,autonomo,nordeste,0
2530,50,2886.33,37838.2,56,4.26,724,1951.77,15,0,27153.27,8546.05,361.25,129897.58,consumo,sim,solteiro,fundamental,autonomo,centro_oeste,0
2531,70,4547.86,2739.34,15,16.76,600,1966.23,5,4,22002.48,1527.85,2084.54,833.94,outros,nao,solteiro,superior,autonomo,sudeste,1
2532,63,3044.57,12314.85,37,20.05,799,1425.27,4,4,8694.73,8184.62,2782.93,99146.15,casa,nao,solteiro,medio,temporario,sul,0
2533,70,5675.08,15987.91,19,25.94,653,1404.6,7,2,32980.4,8070.81,-1745.71,25007.91,casa,nao,solteiro,superior,temporario,sudeste,0
2534,27,6252.2,45515.45,16,19.46,594,1685.0,4,3,17910.12,929.08,875.44,160938.94,consumo,sim,solteiro,pos,autonomo,centro_oeste,0
2535,63,7458.26,25570.6,14,18.33,558,1805.27,12,0,28910.8,7091.05,3694.84,171888.12,consumo,nao,viuvo,pos,autonomo,sudeste,0
2536,73,5469.18,19078.01,56,11.21,785,1446.96,10,0,308.87,3368.95,4052.43,219925.15,educacao,nao,casado,fundamental,clt,centro_oeste,0
2537,36,6464.24,20896.2,66,18.18,521,610.28,8,1,18121.74,2410.0,28.18,101825.42,veiculo,sim,viuvo,medio,clt,centro_oeste,0
2538,46,4265.14,23057.91,49,21.99,770,756.31,14,3,32745.28,3920.73,122.5,19148.32,negocios,nao,casado,fundamental,autonomo,sul,0
2539,48,3939.1,41986.28,30,16.37,511,1323.93,3,0,24087.35,8353.43,3501.4,30539.62,educacao,sim,divorciado,medio,temporario,norte,0
2540,46,5652.61,46286.28,68,22.71,724,653.43,15,3,3996.39,3890.69,2954.68,199682.87,veiculo,nao,casado,fundamental,autonomo,sul,1
2541,34,4104.35,40909.49,38,5.67,532,1162.49,10,0,24849.06,2562.99,2077.9,43091.87,negocios,nao,viuvo,superior,clt,norte,1
2542,73,5284.53,40795.38,40,12.05,754,521.37,17,4,525.72,4959.05,2462.98,79872.9,outros,nao,viuvo,medio,autonomo,nordeste,0
2543,72,2889.85,11555.19,47,27.04,754,519.26,10,1,12903.83,3981.79,2095.75,29354.96,outros,sim,solteiro,medio,estudante,sudeste,0
2544,39,3213.07,14724.85,49,11.76,712,2136.26,13,3,8284.61,661.61,1376.27,180163.65,negocios,nao,casado,superior,estudante,sul,1
2545,63,5943.74,29620.24,38,18.92,816,1438.02,3,3,8816.06,2083.52,4345.42,66260.82,veiculo,nao,viuvo,fundamental,temporario,centro_oeste,0
2546,40,6396.04,32354.25,37,16.48,624,1990.61,4,1,1451.83,646.47,5130.96,81905.59,negocios,nao,solteiro,pos,estudante,norte,1
2547,63,3025.82,11723.09,26,26.48,755,206.77,10,3,21599.63,4938.65,3190.78,163340.5,casa,nao,viuvo,medio,estudante,norte,0
2548,51,6007.11,36455.83,50,7.91,640,842.66,4,3,25966.63,5951.28,304.0,131429.53,veiculo,nao,casado,fundamental,temporario,sudeste,0
2549,44,3841.08,11598.34,50,11.19,435,221.02,0,2,10214.19,6605.82,5800.53,131001.54,veiculo,sim,divorciado,fundamental,estudante,sul,0
2550,25,4829.71,14466.98,34,24.7,587,187.85,8,3,20539.77,2267.17,-1111.86,11143.35,veiculo,nao,casado,pos,clt,sudeste,1
2551,55,7350.5,16459.2,52,19.99,432,254.28,4,1,17408.78,7342.62,5626.07,48016.82,consumo,sim,divorciado,pos,clt,norte,0
2552,36,6253.48,40992.61,15,17.03,685,1389.94,11,3,34760.19,3993.81,2536.77,60617.91,negocios,sim,divorciado,superior,clt,sul,1
2553,30,6232.57,35809.82,33,13.48,480,390.71,10,3,28431.62,918.04,3739.24,218886.41,consumo,nao,solteiro,medio,temporario,sudeste,0
2554,29,8235.82,26646.19,71,13.87,549,2032.23,9,2,33111.33,8385.43,1503.67,49435.2,outros,nao,divorciado,medio,temporario,norte,0
2555,73,3533.02,39798.59,54,26.44,768,1377.56,14,3,28851.54,6394.27,985.28,82121.95,veiculo,nao,solteiro,medio,autonomo,sul,0
2556,23,3025.43,39488.24,53,20.11,715,749.22,1,4,23018.51,5281.71,-58.24,42361.22,consumo,nao,solteiro,fundamental,temporario,sudeste,1
2557,63,3500.18,20237.41,62,26.3,554,2125.68,14,3,2490.81,841.81,-924.52,104279.54,negocios,sim,divorciado,pos,estudante,centro_oeste,0
2558,67,4341.9,38055.4,46,27.33,622,1362.36,8,1,30026.3,618.79,639.64,15.63,casa,sim,divorciado,fundamental,clt,centro_oeste,0
2559,19,1200.0,11884.05,49,17.13,652,993.85,12,1,26635.67,5301.1,185.22,176777.31,negocios,sim,divorciado,medio,temporario,norte,0
2560,51,4426.63,25396.91,37,18.64,561,1497.65,14,4,9875.65,7969.69,2362.87,194210.58,consumo,sim,solteiro,fundamental,estudante,centro_oeste,0
2561,50,3819.77,7880.0,60,19.75,719,1740.45,5,4,9428.44,6003.42,4886.44,107886.55,veiculo,sim,solteiro,medio,temporario,centro_oeste,0
2562,38,6210.77,21919.15,52,24.14,478,1476.42,4,1,18348.78,547.1,-1147.95,185918.32,negocios,nao,viuvo,medio,temporario,centro_oeste,0
2563,56,5434.35,26176.64,40,19.82,590,2344.06,13,3,9905.05,5923.17,4026.47,1098.34,educacao,sim,casado,medio,temporario,nordeste,0
2564,41,3718.75,6136.29,14,6.75,522,1001.22,11,0,33971.89,3463.17,286.9,96217.09,negocios,sim,casado,superior,clt,sul,0
2565,43,5861.93,23548.88,59,26.62,691,1131.08,3,3,6774.92,1537.26,3200.47,37452.34,veiculo,nao,viuvo,medio,clt,norte,0
2566,42,6101.87,32151.01,27,19.86,676,2172.54,4,1,5368.24,7398.23,3092.64,85894.96,casa,nao,viuvo,medio,estudante,norte,0
2567,63,3416.62,30441.01,29,24.88,742,1658.97,15,1,1523.34,5399.84,3952.53,92850.14,negocios,nao,casado,medio,autonomo,centro_oeste,0
2568,54,3912.56,4973.1,14,14.19,567,2421.74,10,4,19340.69,6655.95,-1681.15,149348.7,negocios,nao,casado,superior,temporario,centro_oeste,0
2569,39,1200.0,6837.96,20,15.39,512,2017.82,16,0,25911.51,1903.06,-1789.25,176479.63,casa,nao,viuvo,superior,autonomo,nordeste,0
2570,70,2836.81,18486.71,14,20.53,433,1369.99,12,3,20521.96,1487.08,-483.87,207191.11,consumo,sim,casado,pos,estudante,centro_oeste,0
2571,63,3463.55,40842.2,12,22.63,764,1652.55,3,2,7289.67,4873.33,5846.97,65928.9,educacao,sim,divorciado,pos,autonomo,sudeste,0
2572,71,4933.5,42073.9,7,5.88,551,1122.12,3,2,32319.98,4986.89,865.06,151622.67,outros,nao,solteiro,fundamental,estudante,norte,0
2573,59,3098.31,16587.39,25,13.78,721,476.14,17,2,13275.39,5447.46,3076.97,184237.7,veiculo,sim,viuvo,superior,estudante,nordeste,0
2574,40,3875.79,35209.59,55,22.48,566,1124.5,13,4,4928.05,6825.99,602.46,88002.49,negocios,nao,solteiro,pos,clt,sudeste,0
2575,62,2594.4,28771.27,63,27.81,552,833.05,10,2,6686.95,6140.58,2005.05,123352.55,consumo,sim,casado,fundamental,temporario,sudeste,0
2576,36,5108.01,47245.71,21,4.28,513,1753.15,12,1,15337.4,6248.18,1615.6,151085.28,casa,nao,divorciado,fundamental,temporario,nordeste,1
2577,33,5566.29,6806.3,33,10.36,732,1732.54,7,0,19053.16,1987.48,-333.16,17376.96,casa,sim,viuvo,fundamental,autonomo,centro_oeste,0
2578,43,5524.26,27428.57,60,15.16,534,2354.69,5,1,21050.71,4053.92,994.17,136734.14,negocios,sim,divorciado,medio,clt,nordeste,0
2579,73,4822.25,29460.46,52,9.35,538,364.34,14,0,2563.3,5599.81,-312.99,119409.52,veiculo,nao,viuvo,pos,temporario,centro_oeste,0
2580,50,2026.07,16498.92,65,4.65,701,1264.76,16,0,30362.31,4908.48,381.48,67901.59,consumo,nao,divorciado,superior,autonomo,nordeste,1
2581,39,3684.08,4636.37,33,16.95,627,1104.84,16,4,11775.06,3086.0,1454.83,218898.51,educacao,nao,casado,superior,temporario,sul,0
2582,44,4066.85,4870.76,17,19.59,718,1403.66,14,2,9078.89,8526.29,4405.24,17954.1,consumo,sim,solteiro,superior,autonomo,centro_oeste,0
2583,34,4074.07,23139.62,15,13.99,461,457.39,15,4,24064.88,1691.64,-267.9,209135.04,educacao,sim,casado,pos,estudante,sul,0
2584,55,4934.97,34007.56,52,12.88,803,1320.11,9,2,21474.63,8784.38,-273.21,140272.44,veiculo,sim,solteiro,pos,temporario,norte,1
2585,37,7365.97,34358.0,7,27.65,514,1704.27,5,1,34748.72,7147.53,129.41,13062.57,negocios,sim,casado,medio,autonomo,centro_oeste,0
2586,49,6261.77,10734.13,36,15.46,467,907.98,1,0,14362.36,5567.51,4356.85,39786.02,negocios,nao,casado,superior,estudante,centro_oeste,0
2587,39,3022.47,41537.73,29,23.15,463,1689.03,5,3,6413.68,1583.51,129.04,172027.24,educacao,sim,viuvo,fundamental,clt,sul,0
2588,36,6021.13,19660.89,66,10.89,544,796.36,7,0,34046.76,5293.21,4591.73,43121.89,educacao,nao,viuvo,fundamental,clt,sul,0
2589,73,5952.54,46378.74,71,23.92,589,1036.79,1,0,16870.59,1247.48,716.77,10284.99,educacao,nao,divorciado,medio,clt,norte,0
2590,37,3349.08,7876.26,37,23.77,450,2284.91,5,1,23153.42,8421.38,562.77,120384.62,veiculo,nao,casado,medio,autonomo,sudeste,1
2591,22,6327.96,40558.69,44,10.42,669,238.14,16,1,1481.03,2927.65,1150.56,219689.57,veiculo,nao,casado,pos,clt,sudeste,0
2592,39,4511.32,43829.39,31,19.74,665,812.95,4,1,11756.01,3895.88,1695.38,83451.74,casa,sim,viuvo,medio,estudante,sudeste,0
2593,48,2262.08,39931.74,57,20.37,730,2350.88,7,2,34552.87,5912.58,1474.28,97219.32,consumo,nao,casado,medio,temporario,sul,0
2594,23,5619.36,39302.27,25,14.62,426,521.14,11,2,33753.23,659.34,1276.09,170267.12,negocios,sim,viuvo,pos,autonomo,nordeste,0
2595,35,5190.53,18939.61,55,22.57,458,1101.99,15,2,34445.3,5106.48,5982.6,131729.88,educacao,sim,casado,superior,autonomo,sul,0
2596,27,4390.18,34957.11,65,11.37,502,1233.5,16,2,28837.58,6576.13,3606.32,59453.96,casa,sim,solteiro,pos,autonomo,sul,0
2597,46,4732.58,28860.27,17,15.62,595,1694.14,14,3,17517.8,2261.75,5076.65,120477.84,educacao,sim,casado,superior,estudante,sudeste,0
2598,59,3505.65,21813.8,20,27.76,654,1599.31,2,0,20020.68,1809.09,5170.3,101243.73,consumo,nao,viuvo,medio,temporario,norte,0
2599,73,5898.23,47686.58,30,8.29,500,1634.09,2,1,2619.85,4645.03,1530.11,3588.2,outros,nao,casado,medio,autonomo,sul,0
2600,40,4721.79,15715.69,60,7.55,563,2361.75,13,0,27764.61,5060.75,4246.61,23648.2,outros,nao,divorciado,superior,clt,centro_oeste,0
2601,67,5099.61,21298.05,48,7.41,625,1091.26,15,4,26217.49,4231.97,1871.92,133076.95,educacao,nao,viuvo,fundamental,clt,sul,0
2602,30,5442.86,43580.18,18,27.95,637,1316.37,11,3,24790.41,3012.66,2838.53,32743.06,negocios,nao,solteiro,fundamental,autonomo,norte,1
2603,62,2721.75,15649.88,30,7.84,630,2416.42,16,4,13389.81,3983.57,3929.16,169189.89,negocios,sim,viuvo,pos,autonomo,nordeste,1
2604,50,3190.29,9446.99,48,8.57,676,477.31,12,3,9304.71,3154.49,2738.1,108051.65,negocios,nao,divorciado,superior,temporario,sul,0
2605,61,1200.0,16604.99,69,20.67,722,2379.85,6,0,28347.15,2622.12,2156.51,18906.19,educacao,nao,divorciado,superior,clt,nordeste,1
2606,61,5816.54,37048.68,35,22.23,755,2380.01,15,2,34108.81,4512.97,-1707.64,209379.71,educacao,sim,casado,medio,clt,norte,1
2607,48,2618.02,41623.36,10,16.65,806,2392.06,13,4,14821.94,3862.98,5764.16,184434.44,casa,nao,divorciado,fundamental,autonomo,norte,1
2608,32,5038.63,7707.25,12,27.58,577,335.51,6,2,1943.02,4200.83,-1503.73,140570.94,educacao,sim,solteiro,superior,autonomo,sudeste,0
2609,47,5467.78,30787.93,7,4.93,551,1519.95,10,2,31525.44,501.96,-861.7,164018.29,casa,sim,viuvo,medio,clt,centro_oeste,0
2610,65,5884.24,28311.55,14,18.9,531,2124.56,10,4,24130.53,6387.98,-1468.71,146345.38,veiculo,nao,solteiro,fundamental,clt,nordeste,0
2611,73,2632.77,32930.3,33,18.56,560,907.79,1,3,23499.77,898.43,3084.38,2840.79,outros,sim,solteiro,superior,estudante,norte,0
2612,70,4682.71,33033.06,24,11.71,635,1550.1,4,3,33049.03,2256.96,560.54,136549.03,outros,nao,divorciado,superior,estudante,sudeste,0
2613,28,7806.5,46155.77,25,25.59,661,774.95,4,3,23467.37,7329.34,5171.44,53813.61,veiculo,sim,solteiro,medio,estudante,norte,0
2614,52,7885.77,18267.08,56,17.27,447,480.7,5,1,21612.83,8865.29,2823.04,208531.4,negocios,nao,casado,medio,clt,norte,0
2615,23,6577.18,16139.39,37,9.91,819,2157.23,9,4,24853.88,8927.56,4295.91,89991.78,educacao,nao,solteiro,medio,temporario,norte,0
2616,56,5407.49,28945.75,54,6.12,436,2456.43,9,4,16938.04,5533.96,-667.3,155032.54,casa,nao,viuvo,superior,estudante,centro_oeste,0
2617,74,2990.81,22038.54,41,6.57,580,341.81,15,0,10044.51,2705.02,1402.88,32749.38,outros,sim,casado,pos,clt,centro_oeste,0
2618,20,6093.52,24055.82,19,25.54,600,461.46,0,2,8812.57,7596.09,3070.68,104073.47,outros,nao,viuvo,fundamental,estudante,norte,0
2619,55,4515.56,5652.1,68,10.01,558,1545.57,14,1,25418.58,6027.77,-335.31,22962.05,casa,sim,divorciado,fundamental,temporario,sul,0
2620,71,5808.95,9245.02,37,25.77,507,380.24,4,2,8491.32,8882.65,1179.68,89433.31,consumo,nao,divorciado,pos,temporario,centro_oeste,0
2621,66,3660.88,45059.56,61,6.88,632,1644.3,6,4,32590.45,5167.37,4084.78,123285.52,educacao,nao,divorciado,medio,clt,sudeste,0
2622,40,4488.72,5607.26,12,27.61,422,1849.21,2,3,14104.96,4972.46,3521.08,139149.66,negocios,nao,divorciado,superior,estudante,sul,0
2623,23,5095.47,29351.62,62,24.0,717,1141.94,0,3,22174.91,872.26,5234.84,87005.14,veiculo,nao,casado,fundamental,estudante,sudeste,0
2624,70,5243.3,36833.16,53,6.79,691,1934.48,2,2,1497.98,2152.42,2553.92,34952.34,educacao,sim,viuvo,medio,temporario,sudeste,0
2625,70,5688.7,3039.79,22,6.07,728,443.62,4,0,15712.89,6168.83,-186.51,145121.41,consumo,sim,solteiro,superior,temporario,sul,0
2626,51,3757.45,12635.04,58,23.28,746,878.87,6,4,13984.64,8947.07,5054.14,2622.4,negocios,nao,casado,medio,clt,nordeste,0
2627,73,2382.09,19656.78,55,5.87,775,2053.72,5,0,26413.03,4542.82,5703.79,177904.88,consumo,nao,casado,medio,clt,sul,0
2628,18,7724.61,25560.19,64,10.29,479,384.97,1,0,1939.7,747.31,1987.75,148564.18,casa,sim,viuvo,medio,clt,sudeste,0
2629,53,9280.66,18042.59,19,23.23,754,841.4,6,3,14082.33,3896.05,-1141.12,170332.54,veiculo,sim,casado,superior,clt,nordeste,0
2630,20,5605.36,32029.47,64,25.78,645,1621.1,2,2,30034.68,1573.65,172.64,214205.06,educacao,sim,casado,superior,estudante,centro_oeste,0
2631,71,2416.81,12801.09,56,22.42,469,753.95,12,2,23397.46,8657.62,4066.82,71961.11,educacao,nao,solteiro,medio,autonomo,nordeste,0
2632,56,3408.25,3659.47,28,25.36,813,1295.63,12,0,27209.87,1701.15,-1798.21,117193.7,educacao,sim,viuvo,fundamental,estudante,nordeste,1
2633,70,5716.41,2571.48,29,17.44,744,2122.28,1,0,26714.36,1501.82,499.16,139173.41,casa,nao,casado,medio,autonomo,norte,1
2634,50,7214.01,18220.8,22,22.71,527,805.63,11,3,23168.11,4390.99,1078.13,128881.39,consumo,nao,solteiro,superior,estudante,sudeste,0
2635,22,2616.8,18955.66,37,12.26,776,1191.17,16,2,13695.39,5106.26,4349.5,139411.21,educacao,nao,casado,pos,temporario,sul,0
2636,19,4576.2,45661.49,65,22.85,712,222.35,17,1,13978.76,6597.04,1608.96,207236.91,consumo,nao,divorciado,pos,autonomo,norte,0
2637,37,5152.68,4537.52,61,20.31,598,1823.42,1,2,1791.37,3627.84,2299.29,106461.6,negocios,nao,solteiro,pos,clt,nordeste,0
2638,60,6356.24,26617.96,15,17.8,484,1003.74,16,2,6824.97,8124.39,3438.47,189577.23,veiculo,nao,viuvo,medio,clt,nordeste,0
2639,26,4181.52,28790.51,14,27.82,712,2175.32,7,4,19533.07,5588.12,4322.43,138872.37,casa,nao,casado,superior,autonomo,centro_oeste,0
2640,66,1985.13,34317.01,9,15.27,792,385.46,15,4,31327.78,901.83,837.13,172157.77,veiculo,nao,divorciado,fundamental,autonomo,nordeste,1
2641,31,5918.16,31562.42,46,18.86,497,1994.77,3,2,21428.0,790.41,-459.69,72145.0,negocios,nao,divorciado,pos,autonomo,sudeste,0
2642,46,6824.63,2870.35,26,16.24,420,2068.0,12,0,13546.68,4484.57,-380.57,72410.48,casa,nao,casado,pos,estudante,centro_oeste,0
2643,29,4651.34,31249.52,56,10.25,511,1980.48,14,2,29117.7,4235.14,-550.84,205755.82,negocios,nao,divorciado,medio,temporario,sul,0
2644,44,5529.43,17168.65,56,11.93,537,1883.76,4,0,15706.95,4345.17,-907.34,183259.05,educacao,nao,solteiro,superior,clt,sudeste,0
2645,43,3945.92,37665.54,19,27.49,571,731.67,13,3,9095.85,986.12,1638.98,111383.09,outros,nao,divorciado,medio,autonomo,norte,0
2646,18,3277.61,11070.63,51,13.41,810,1146.82,3,2,2802.55,952.82,-371.69,101363.49,outros,sim,divorciado,superior,temporario,sul,1
2647,50,6647.57,35087.36,56,20.31,805,1075.41,12,4,28999.27,1016.52,4303.62,55253.82,negocios,nao,solteiro,fundamental,estudante,sudeste,0
2648,62,5497.49,30960.04,71,17.61,688,739.21,17,2,21559.21,6738.39,-1799.55,45657.06,negocios,sim,solteiro,superior,estudante,sul,1
2649,71,5682.66,32179.24,53,25.36,506,1320.72,5,2,20328.72,5612.39,5637.48,49647.58,negocios,nao,solteiro,medio,autonomo,sul,0
2650,36,7503.81,10505.62,29,22.18,504,1798.28,17,0,25223.46,1659.95,-1696.88,207173.27,veiculo,sim,viuvo,fundamental,estudante,sul,0
2651,68,2901.28,32947.42,71,5.94,452,1290.65,12,4,21176.41,4163.42,737.6,58650.53,educacao,sim,viuvo,pos,clt,sudeste,0
2652,68,3806.35,36032.52,24,12.53,736,2440.76,9,1,12268.43,8514.98,4081.65,98200.06,outros,nao,divorciado,pos,autonomo,nordeste,0
2653,74,5084.28,24768.17,59,21.09,508,1824.32,5,3,21615.35,1087.68,5002.09,150030.94,educacao,sim,divorciado,fundamental,autonomo,norte,0
2654,39,3784.24,17986.64,30,7.87,779,1207.06,9,1,4901.47,2107.79,-1119.66,142006.88,consumo,sim,casado,medio,autonomo,nordeste,0
2655,66,6209.65,10078.25,67,16.08,660,1117.18,17,1,10366.11,3811.72,4448.44,169612.58,educacao,sim,divorciado,superior,clt,nordeste,0
2656,50,4462.68,15693.2,57,11.63,614,1533.97,0,1,18805.97,2505.2,4061.79,83411.69,veiculo,nao,solteiro,medio,temporario,sudeste,0
2657,21,3013.44,37254.19,45,5.55,791,1181.69,15,4,2420.22,1847.52,1787.0,73133.57,veiculo,sim,casado,medio,estudante,norte,0
2658,33,4918.39,21127.73,20,27.93,482,694.9,2,3,28762.42,8773.34,3089.88,110578.74,negocios,sim,solteiro,superior,autonomo,nordeste,0
2659,56,5106.61,34473.45,18,26.3,605,1388.83,15,3,1562.37,7014.7,1063.82,139639.64,educacao,nao,divorciado,medio,autonomo,sul,1
2660,27,6482.43,36174.16,68,21.94,523,1740.7,9,1,13032.82,6697.98,632.26,218812.43,educacao,nao,viuvo,pos,autonomo,sudeste,1
2661,42,5507.65,33174.75,58,8.82,492,1011.59,16,3,15903.82,8424.6,-1542.28,129229.21,veiculo,sim,divorciado,superior,temporario,norte,0
2662,62,5630.06,33146.0,39,27.72,797,837.31,3,2,23824.74,2089.88,-1746.68,168903.43,casa,sim,divorciado,pos,clt,sudeste,0
2663,26,5376.53,30291.77,63,19.14,662,684.35,0,3,5420.43,8062.69,2304.04,203393.78,veiculo,sim,solteiro,pos,clt,centro_oeste,0
2664,46,4461.2,26088.2,57,27.19,484,1021.75,8,1,28747.88,8852.73,-1709.61,734.7,negocios,sim,divorciado,superior,autonomo,centro_oeste,0
2665,30,3510.81,11500.66,31,5.02,462,746.93,14,2,14913.89,5483.69,-841.83,55881.84,casa,nao,viuvo,superior,temporario,sul,0
2666,48,5319.91,40847.55,60,8.16,544,1950.39,14,4,8790.25,8177.51,-1047.13,714.7,outros,sim,viuvo,medio,clt,sudeste,0
2667,31,4200.38,46374.02,58,20.25,753,1661.82,13,0,3441.75,7437.03,3138.07,198754.16,outros,sim,viuvo,medio,estudante,sul,0
2668,73,7841.68,23725.02,37,25.77,478,845.68,14,3,32385.96,3202.02,3417.81,85235.77,veiculo,nao,solteiro,medio,clt,sul,0
2669,22,7215.93,44962.36,7,8.22,716,2481.05,13,3,14118.44,3324.92,4083.65,127608.55,negocios,sim,solteiro,fundamental,estudante,norte,0
2670,72,5939.11,47908.75,54,11.61,462,1677.96,15,2,13346.7,6244.43,5790.89,106337.11,consumo,sim,solteiro,pos,estudante,sudeste,0
2671,63,5481.24,24621.91,28,18.12,554,510.54,3,4,6308.53,5193.16,5843.11,165730.55,consumo,nao,viuvo,pos,estudante,sul,0
2672,66,4641.67,35458.17,30,27.99,628,2104.06,4,3,17721.84,3772.0,-180.89,81002.25,outros,sim,casado,pos,temporario,sul,0
2673,66,2529.98,31792.46,53,23.19,471,1928.59,0,2,11195.93,899.95,943.42,2685.31,veiculo,nao,divorciado,medio,estudante,sul,0
2674,28,4410.89,13295.55,59,26.17,578,1340.07,7,1,5807.31,695.06,2579.72,78957.72,outros,sim,casado,pos,estudante,sul,0
2675,71,4982.52,4642.57,11,20.2,527,721.64,4,3,26350.46,1332.9,-1455.29,103477.22,consumo,sim,divorciado,superior,autonomo,norte,0
2676,51,5213.02,23127.67,60,25.06,438,2061.23,11,0,31439.3,3935.21,-299.07,89197.99,educacao,nao,solteiro,pos,temporario,nordeste,0
2677,72,5645.17,38317.83,25,16.17,420,468.88,9,1,12330.3,732.98,4857.91,60063.01,casa,sim,casado,pos,clt,norte,0
2678,68,6458.39,17293.63,43,6.98,478,1149.84,10,2,10027.33,1759.46,1383.59,21236.52,educacao,sim,casado,medio,temporario,norte,1
2679,51,3554.12,38191.96,63,21.03,719,2076.19,11,1,13068.48,8728.62,1980.04,6178.76,veiculo,sim,solteiro,superior,temporario,centro_oeste,1
2680,39,3570.46,32293.48,20,18.44,435,2039.34,17,2,32369.22,4329.92,3944.94,200426.22,veiculo,nao,divorciado,superior,autonomo,sul,0
2681,24,7411.54,34147.13,20,15.65,622,1641.35,1,4,20426.21,8432.63,4508.14,14507.44,consumo,sim,divorciado,medio,clt,norte,1
2682,23,6187.77,15501.21,70,10.6,429,197.96,4,1,5806.91,2114.66,4946.27,87344.68,educacao,sim,solteiro,superior,temporario,nordeste,0
2683,40,4096.61,23887.16,30,22.82,506,952.84,7,2,22136.98,3547.49,5180.02,17229.59,educacao,sim,viuvo,superior,clt,sudeste,0
2684,64,4607.02,10767.52,68,23.69,491,2159.42,1,2,14044.0,6205.29,497.36,24445.18,outros,sim,divorciado,medio,clt,sul,0
2685,46,4615.11,13719.41,29,12.74,555,1853.57,14,3,609.31,8913.91,3262.58,142441.89,casa,sim,solteiro,fundamental,temporario,sul,0
2686,45,4856.83,6588.18,46,26.27,717,2060.58,6,3,33947.55,6448.65,-932.42,203255.55,educacao,nao,casado,superior,temporario,centro_oeste,0
2687,31,5650.83,8268.19,39,12.87,588,326.12,3,1,4021.36,8168.76,5757.36,76606.31,negocios,sim,divorciado,pos,autonomo,sudeste,0
2688,50,9362.99,12078.36,70,6.58,425,2362.59,9,4,14472.38,917.52,287.58,164038.9,outros,nao,divorciado,pos,temporario,nordeste,0
2689,54,5141.56,28900.66,42,8.0,477,711.4,3,3,23017.35,3082.5,1244.94,171710.94,veiculo,sim,solteiro,pos,temporario,nordeste,1
2690,73,5992.68,22575.11,39,15.87,541,950.92,6,4,20510.82,8003.74,5459.32,140882.8,veiculo,sim,divorciado,pos,autonomo,nordeste,0
2691,59,1764.34,14645.75,36,5.92,531,2130.15,11,4,147.64,4947.33,3115.17,191119.8,consumo,sim,casado,medio,temporario,norte,0
2692,52,3927.18,41680.62,30,21.24,645,1122.43,5,2,21275.99,1943.85,448.7,41071.35,educacao,sim,casado,superior,temporario,sudeste,0
2693,69,7011.87,26394.22,35,23.08,560,1671.94,14,3,25454.5,1943.32,-1127.11,16529.06,outros,nao,solteiro,medio,temporario,nordeste,0
2694,42,5524.17,44501.48,36,17.19,717,1461.48,4,3,29726.28,6948.57,2011.89,100332.62,casa,sim,divorciado,fundamental,estudante,nordeste,0
2695,71,1200.0,31390.91,56,25.44,520,2189.3,2,3,6438.0,1842.65,2807.61,117483.15,veiculo,nao,casado,fundamental,temporario,centro_oeste,1
2696,39,6013.24,3218.34,9,26.9,691,542.21,7,2,1286.45,4730.2,3413.48,81844.93,negocios,nao,divorciado,pos,autonomo,nordeste,0
2697,25,8252.7,44063.14,39,14.74,460,406.88,3,1,33053.3,2040.97,-515.56,202817.77,casa,sim,casado,medio,clt,sul,0
2698,41,1207.37,41514.58,42,6.14,815,1647.06,12,1,23815.02,2270.42,3706.18,27152.0,educacao,nao,solteiro,pos,autonomo,centro_oeste,0
2699,25,7534.9,31404.84,55,9.55,814,2139.57,9,3,15923.71,3876.92,1028.18,205251.6,casa,nao,solteiro,medio,autonomo,sul,0
2700,24,1200.0,26832.2,49,19.78,530,2321.6,2,3,25376.78,1503.71,5563.29,92950.42,outros,nao,solteiro,superior,autonomo,sul,1
2701,68,6488.4,23108.14,34,13.74,513,1107.83,6,2,5497.81,6104.31,3296.91,183324.74,casa,sim,solteiro,medio,clt,nordeste,0
2702,63,4784.43,24438.96,13,20.44,420,1884.87,15,0,33543.93,1912.04,5360.96,83125.22,veiculo,sim,solteiro,medio,estudante,sudeste,0
2703,30,1200.0,37499.54,30,20.0,810,1086.62,14,0,22898.55,6892.12,-1564.98,111761.27,veiculo,nao,solteiro,superior,temporario,sudeste,0
2704,65,5603.05,25847.94,22,18.53,435,919.79,11,4,30693.33,4931.12,5246.29,151390.8,outros,nao,viuvo,fundamental,estudante,sudeste,0
2705,21,6871.51,10509.12,19,7.79,420,236.17,16,0,19484.79,3445.2,5047.38,104239.56,negocios,sim,viuvo,medio,estudante,sul,0
2706,34,5455.0,5147.08,53,10.86,459,760.26,1,1,28028.17,5721.05,2184.16,192289.54,educacao,nao,casado,medio,estudante,sul,0
2707,58,5852.69,8241.48,37,13.07,537,574.8,13,0,11468.62,3964.79,5815.99,118150.37,veiculo,sim,solteiro,pos,estudante,sudeste,0
2708,35,4058.98,13940.57,58,23.79,810,803.18,0,1,4657.66,1201.23,4043.92,3988.21,negocios,nao,divorciado,fundamental,temporario,sul,0
2709,59,1449.5,19231.9,15,20.37,486,849.85,10,4,12383.72,3127.4,5961.48,175690.36,veiculo,nao,divorciado,pos,estudante,sudeste,1
2710,67,6045.36,43104.93,71,19.48,648,2172.67,0,1,31392.36,4959.71,4099.43,108717.43,casa,sim,divorciado,medio,estudante,norte,0
2711,21,7949.56,13378.47,37,20.13,680,651.83,6,4,24433.2,1386.1,5338.46,148147.5,outros,nao,casado,pos,temporario,centro_oeste,0
2712,19,6833.25,17041.73,22,16.08,739,2080.77,1,4,15968.46,6724.98,-262.25,71172.63,negocios,sim,casado,fundamental,estudante,sul,0
2713,71,1221.82,12647.16,29,4.95,699,2173.67,4,3,8232.41,3529.87,-263.49,153761.49,negocios,nao,solteiro,medio,temporario,centro_oeste,1
2714,47,2073.19,27331.25,61,8.83,814,1255.96,11,1,20931.56,2240.7,2160.35,158913.86,consumo,sim,casado,superior,autonomo,sudeste,0
2715,46,3277.26,30577.44,52,7.37,684,1860.88,14,4,20751.61,568.44,3888.32,219680.65,veiculo,sim,solteiro,medio,clt,nordeste,1
2716,44,1932.64,26711.8,17,5.54,757,919.17,16,3,18582.21,1221.9,266.99,80255.78,veiculo,nao,casado,fundamental,autonomo,centro_oeste,1
2717,42,4879.54,45809.48,71,11.67,547,221.23,17,3,25823.13,2516.88,1452.17,48320.67,negocios,sim,solteiro,fundamental,estudante,centro_oeste,0
2718,57,5508.15,47789.7,14,22.91,583,1826.39,2,1,8498.46,3619.24,-455.16,106009.86,educacao,nao,casado,pos,estudante,nordeste,0
2719,51,2225.54,40601.52,24,6.76,714,1586.88,16,3,17884.62,1803.13,5419.11,152195.9,consumo,nao,solteiro,superior,estudante,sul,1
2720,27,6198.83,39140.97,54,6.67,770,1250.36,5,3,10794.22,5132.36,4006.43,105975.84,casa,sim,solteiro,fundamental,estudante,sul,0
2721,53,5881.99,19155.4,40,6.98,422,2264.96,15,2,7196.02,2152.35,-1500.65,189569.59,educacao,sim,solteiro,pos,clt,nordeste,0
2722,56,3813.31,28880.15,35,10.48,593,1867.24,15,2,11647.35,8614.64,-1624.51,211899.14,consumo,nao,divorciado,medio,autonomo,nordeste,1
2723,24,4489.46,18492.0,67,8.85,740,1167.35,16,3,28103.17,5300.79,5951.61,215583.33,educacao,sim,casado,pos,temporario,sudeste,1
2724,39,1290.36,38188.19,58,4.34,465,303.84,9,4,3986.07,7271.29,1289.46,27699.88,outros,sim,divorciado,fundamental,autonomo,norte,0
2725,63,4201.93,10318.32,69,10.64,561,2212.52,13,4,9641.84,4085.49,2897.82,53577.24,veiculo,sim,divorciado,medio,clt,sudeste,0
2726,53,4813.29,12358.56,24,27.91,639,2464.37,7,1,18655.88,2241.49,5593.22,64804.56,veiculo,sim,solteiro,superior,estudante,sul,0
2727,25,5103.75,4260.58,62,12.08,453,1652.09,1,4,14033.89,4321.22,5655.31,204306.21,negocios,nao,solteiro,superior,estudante,sudeste,1
2728,20,5481.98,30206.76,20,9.07,786,1962.23,8,1,28968.64,4004.72,-1051.71,171871.72,veiculo,nao,solteiro,medio,temporario,sul,0
2729,51,5239.64,33828.49,59,15.9,567,1353.98,3,1,27273.46,5801.1,3156.45,26701.69,casa,sim,viuvo,medio,clt,nordeste,0
2730,44,4324.18,2652.98,42,9.5,733,729.01,1,0,23727.16,8240.27,5944.06,96442.07,casa,sim,viuvo,fundamental,estudante,norte,0
2731,72,5315.15,25740.75,45,17.43,590,2296.0,2,3,9887.42,2516.41,-398.7,204428.86,consumo,nao,divorciado,pos,temporario,sudeste,0
2732,47,6603.66,19647.79,13,13.62,580,1776.97,3,2,742.66,1320.66,3370.03,45374.55,negocios,nao,solteiro,superior,clt,centro_oeste,0
2733,71,4628.1,38553.33,64,25.52,806,1452.67,14,4,10986.68,6580.03,4237.22,121772.99,negocios,sim,divorciado,pos,temporario,norte,0
2734,30,5371.67,4269.53,24,26.27,761,1762.44,17,4,21033.48,503.34,-1210.6,151630.81,educacao,sim,divorciado,superior,temporario,sudeste,1
2735,43,4464.89,4709.74,45,21.11,626,1367.52,15,2,3550.66,7254.12,1218.78,14256.64,casa,sim,viuvo,pos,temporario,centro_oeste,0
2736,25,3635.83,30719.51,16,9.18,605,315.45,11,1,28825.38,6687.05,-198.73,95005.34,consumo,sim,casado,fundamental,autonomo,sul,0
2737,50,5741.18,29419.57,67,15.37,732,1712.22,15,0,34530.88,7519.34,-1357.13,201988.7,outros,sim,solteiro,medio,temporario,nordeste,0
2738,28,3800.59,40314.6,27,11.33,693,192.1,5,4,25814.62,1270.31,-1025.47,2595.44,consumo,nao,divorciado,pos,autonomo,nordeste,0
2739,46,5495.06,29448.14,56,23.16,811,691.2,16,1,14511.44,2231.53,865.86,139346.16,negocios,nao,casado,fundamental,autonomo,sudeste,0
2740,37,4850.86,45696.37,56,4.7,553,541.87,17,0,27902.64,5189.04,2717.52,192302.49,consumo,nao,viuvo,pos,autonomo,sudeste,1
2741,28,4252.92,16804.5,42,19.9,465,969.08,2,1,9540.88,3282.04,5638.24,94592.11,consumo,nao,viuvo,pos,clt,norte,1
2742,23,4209.34,20605.42,13,11.76,497,2287.29,7,4,33393.85,7689.56,5498.24,56973.69,consumo,nao,viuvo,superior,estudante,centro_oeste,1
2743,47,3885.38,46984.2,24,15.54,631,364.91,5,0,12831.32,4395.87,5004.67,159864.93,educacao,nao,divorciado,superior,autonomo,nordeste,0
2744,71,1837.56,7392.35,46,11.75,545,1009.18,2,3,24146.28,4150.62,4217.21,80730.87,casa,nao,casado,pos,clt,nordeste,1
2745,29,5489.21,38713.67,41,12.75,743,1942.18,3,2,662.07,2070.39,-1482.59,73573.31,outros,sim,divorciado,fundamental,autonomo,norte,0
2746,41,5216.78,3026.38,44,20.18,770,2182.37,17,4,22075.16,5277.22,1363.93,57301.42,outros,sim,solteiro,superior,temporario,centro_oeste,0
2747,30,6329.41,24636.35,22,18.29,494,1887.82,3,2,10360.99,3440.56,4278.96,211373.5,veiculo,sim,divorciado,pos,temporario,nordeste,0
2748,64,3843.38,9479.81,41,9.86,815,2419.29,11,2,3574.39,4329.51,5746.43,163979.99,casa,nao,divorciado,medio,temporario,nordeste,0
2749,41,8211.69,29748.21,11,5.05,672,1794.53,15,2,15173.98,2806.0,1805.51,30497.03,negocios,nao,viuvo,fundamental,clt,norte,0
2750,73,4116.48,38816.73,37,24.54,525,1907.94,13,3,3704.9,5675.23,3669.95,65439.47,outros,nao,casado,pos,autonomo,nordeste,0
2751,31,3224.8,4003.42,12,15.82,500,1159.2,8,0,6477.19,7623.53,5963.61,197254.17,consumo,nao,viuvo,superior,temporario,sul,0
2752,22,3011.37,9951.66,49,18.85,486,880.76,0,0,31329.77,674.72,3059.48,182524.21,consumo,sim,casado,superior,estudante,sudeste,0
2753,51,1678.94,18088.77,43,15.72,608,1251.55,7,2,2220.78,2462.79,4274.53,77476.54,outros,sim,divorciado,pos,temporario,sudeste,0
2754,55,7558.73,14138.85,62,18.85,448,1961.57,5,1,21874.85,6257.46,5737.25,156015.62,consumo,nao,viuvo,fundamental,estudante,norte,0
2755,74,7267.92,19936.5,36,19.05,472,1688.61,15,0,2110.07,6506.43,3738.66,22178.97,negocios,nao,casado,pos,estudante,norte,0
2756,67,5881.34,45810.01,16,4.36,721,1970.81,17,3,25131.74,3001.34,-771.17,32770.92,negocios,nao,casado,fundamental,temporario,sudeste,0
2757,68,3187.04,7104.88,21,16.8,615,1636.0,4,3,34226.17,2932.55,5837.06,198188.02,veiculo,sim,casado,fundamental,temporario,nordeste,1
2758,54,8060.28,21759.34,59,16.05,631,1880.8,2,0,15033.55,6847.9,4470.96,119542.02,outros,nao,divorciado,fundamental,autonomo,sudeste,1
2759,38,4166.91,23297.66,69,6.3,549,541.15,14,0,33885.29,5246.05,263.79,29962.96,casa,sim,solteiro,pos,autonomo,sudeste,1
2760,42,4315.75,15255.56,10,21.9,642,930.89,15,3,22452.07,3806.06,5901.11,107923.0,educacao,sim,solteiro,medio,estudante,sul,0
2761,25,7387.07,15172.05,50,9.66,557,1481.96,17,2,20841.39,971.11,-1178.78,102072.91,veiculo,sim,divorciado,pos,clt,centro_oeste,0
2762,42,5986.04,35021.22,37,5.31,438,218.39,13,1,5990.87,6050.66,5530.84,219310.35,consumo,nao,viuvo,fundamental,estudante,sul,0
2763,38,8761.99,30611.89,23,23.28,647,2296.53,8,2,33332.56,2990.02,4760.7,3218.2,outros,nao,solteiro,fundamental,temporario,sul,0
2764,20,5247.7,39483.86,39,24.76,452,735.62,6,1,30154.22,5405.29,344.66,162720.19,veiculo,nao,casado,superior,temporario,sul,0
2765,29,4085.34,20930.83,67,9.78,695,385.33,1,0,4611.48,6640.25,4911.23,166396.93,negocios,sim,viuvo,medio,temporario,sul,0
2766,48,3698.75,30105.35,19,20.5,785,1721.06,15,3,1002.33,4437.82,-1328.81,170510.64,educacao,sim,casado,medio,autonomo,sudeste,0
2767,39,1475.41,43158.26,61,4.12,686,629.47,17,3,12566.85,2652.84,5627.31,171069.93,consumo,sim,viuvo,fundamental,estudante,sul,1
2768,74,4298.53,41235.45,11,21.31,650,1483.69,16,0,5580.03,2320.29,2917.67,156121.97,outros,sim,casado,medio,estudante,nordeste,0
2769,45,6860.27,44361.06,53,15.16,805,757.63,10,1,11765.35,6491.82,2264.52,93237.52,consumo,nao,divorciado,fundamental,autonomo,sudeste,0
2770,72,5877.9,14738.36,10,23.02,507,564.98,15,3,33546.18,8078.11,5930.12,10871.88,outros,sim,solteiro,medio,clt,sul,0
2771,55,4836.55,47336.66,10,13.43,729,1885.19,0,3,30166.6,8829.79,-1594.38,212869.44,outros,nao,viuvo,fundamental,autonomo,centro_oeste,0
2772,20,3009.12,39645.74,8,12.43,502,1081.02,7,4,15404.23,7327.79,2196.97,53281.51,negocios,sim,divorciado,medio,estudante,norte,0
2773,29,5208.37,38663.76,59,24.18,420,1512.7,1,3,9654.08,5622.99,3934.71,67150.38,educacao,nao,casado,superior,clt,sul,0
2774,58,6623.06,32874.83,43,4.93,516,681.41,10,0,20223.26,7846.77,-924.33,33603.99,casa,sim,solteiro,pos,autonomo,sul,0
2775,49,5575.29,47238.69,51,8.49,620,1461.6,0,1,32812.4,3812.11,-1683.27,72987.97,educacao,nao,viuvo,superior,estudante,sul,1
2776,35,5100.12,22591.13,16,13.89,445,1157.25,5,1,27672.83,7998.59,2998.67,72120.21,negocios,nao,casado,medio,autonomo,sul,0
2777,47,3365.48,36240.04,66,18.31,531,298.84,7,4,30371.36,4157.03,836.6,79133.17,educacao,sim,viuvo,fundamental,temporario,centro_oeste,0
2778,69,6360.93,34295.91,59,4.12,439,1865.93,2,0,26638.9,5560.37,1958.08,88786.36,outros,sim,solteiro,pos,clt,nordeste,1
2779,40,1200.0,35810.05,38,17.8,517,1461.49,1,1,17627.89,1944.35,3053.95,146934.57,consumo,sim,viuvo,pos,estudante,nordeste,0
2780,20,5489.12,36691.65,65,13.08,707,2331.43,16,2,4952.77,4726.19,1212.18,213592.92,outros,nao,casado,pos,autonomo,sul,0
2781,35,9426.58,11179.39,15,19.12,480,2054.44,4,1,28651.35,3402.69,-126.5,114930.93,negocios,nao,solteiro,superior,temporario,sudeste,0
2782,71,2084.93,18381.84,25,25.77,525,1505.0,17,3,22783.94,3615.3,60.94,218700.89,outros,sim,casado,medio,clt,sudeste,0
2783,61,4365.53,20347.56,9,14.58,474,279.9,6,0,27043.7,5584.56,-338.49,12121.81,educacao,nao,casado,fundamental,clt,nordeste,0
2784,65,4785.76,36533.99,16,17.31,573,1924.45,1,4,25690.34,7996.0,3784.74,82654.2,consumo,sim,viuvo,fundamental,autonomo,sul,0
2785,69,3967.35,35089.28,61,15.11,724,1453.78,1,2,8613.94,7520.57,-752.52,6636.53,outros,nao,viuvo,pos,clt,sudeste,0
2786,24,6665.47,40418.16,33,6.84,634,2117.27,12,1,9998.4,3466.19,5783.01,131408.37,veiculo,nao,divorciado,pos,temporario,sudeste,0
2787,34,5650.41,38377.62,48,23.03,500,1520.37,0,4,29973.2,6737.66,-1762.72,215409.13,casa,nao,divorciado,superior,autonomo,norte,0
2788,21,5074.14,29619.54,64,25.24,548,184.7,17,0,14254.62,5154.8,568.16,46693.92,educacao,nao,solteiro,fundamental,estudante,norte,0
2789,18,6235.09,8867.66,56,23.48,688,2070.6,4,2,6220.35,3460.55,4461.0,157875.02,consumo,sim,solteiro,fundamental,autonomo,centro_oeste,1
2790,65,4830.15,31413.21,32,26.74,611,2034.32,10,0,22494.85,8218.49,-1097.25,167889.52,educacao,sim,divorciado,fundamental,clt,sudeste,0
2791,71,10523.76,42861.2,28,15.23,603,410.61,7,2,10441.1,1870.7,2786.23,22783.37,educacao,nao,divorciado,pos,autonomo,sudeste,0
2792,26,5072.42,31764.43,13,19.66,766,1766.47,0,1,22493.74,7343.77,466.97,95191.66,casa,nao,casado,pos,autonomo,norte,1
2793,59,5151.51,43251.0,60,8.04,747,1400.55,12,3,20652.22,2303.96,5730.31,30744.42,negocios,sim,viuvo,superior,estudante,centro_oeste,0
2794,48,1721.16,47956.91,70,27.44,517,1548.61,0,2,23209.81,8085.85,-91.94,77480.59,educacao,nao,casado,superior,clt,nordeste,0
2795,21,3821.79,18843.7,39,17.93,701,2243.3,14,3,34770.18,6631.37,-1246.44,177503.3,outros,sim,viuvo,pos,estudante,sul,0
2796,70,6865.28,35409.68,38,10.28,736,759.0,9,4,9705.83,4452.01,2987.18,63937.75,negocios,sim,solteiro,fundamental,temporario,centro_oeste,0
2797,67,2396.18,27068.12,61,23.33,779,210.53,5,4,34147.28,1157.22,1133.11,205331.06,outros,nao,viuvo,pos,estudante,nordeste,1
2798,50,1200.0,23201.22,28,18.08,525,663.86,16,1,26721.19,2031.42,5250.4,170773.55,negocios,sim,divorciado,medio,autonomo,sudeste,0
2799,58,4858.17,13413.95,32,26.79,711,2303.09,3,2,29938.98,1902.15,5336.83,57901.6,negocios,nao,viuvo,fundamental,autonomo,norte,0
2800,40,7267.34,13689.11,64,22.48,494,670.5,5,3,28087.39,6973.22,4401.41,93762.06,negocios,sim,solteiro,superior,clt,norte,0
2801,63,4876.29,10916.24,31,25.05,597,1744.86,11,0,803.68,5787.12,-796.55,135903.06,negocios,sim,solteiro,pos,autonomo,sul,0
2802,43,4194.98,31232.5,67,17.12,449,2012.07,6,2,17629.12,2349.75,3332.91,133481.67,educacao,sim,casado,fundamental,temporario,sul,0
2803,74,1454.72,8963.42,16,16.42,661,2066.65,8,2,3701.79,3625.22,-1080.9,123866.75,consumo,nao,divorciado,medio,temporario,nordeste,0
2804,21,5614.06,22128.08,38,22.18,693,204.21,14,4,23571.76,3129.32,-1603.12,82766.76,veiculo,sim,viuvo,superior,clt,norte,1
2805,27,5990.3,26311.66,38,6.52,598,201.81,16,0,2087.54,6046.17,-261.95,207687.86,veiculo,nao,viuvo,superior,temporario,sul,0
2806,73,1592.88,22439.67,26,5.3,584,2474.5,14,4,1161.95,3308.3,2056.72,19339.19,outros,nao,solteiro,medio,temporario,norte,1
2807,34,6842.16,41399.29,69,27.61,516,1403.63,1,1,31735.57,7033.12,1718.55,139276.91,outros,nao,casado,superior,temporario,sudeste,0
2808,35,6178.25,22664.21,37,25.99,728,327.79,16,4,32097.02,6407.22,4252.83,7827.62,outros,sim,viuvo,pos,clt,nordeste,0
2809,63,6838.17,6268.86,64,26.94,784,242.2,7,3,21831.97,2562.14,2282.57,122258.8,educacao,nao,viuvo,medio,autonomo,centro_oeste,0
2810,28,5850.35,47645.08,20,5.5,473,2060.99,15,2,16097.44,3252.54,260.96,40547.66,outros,nao,casado,superior,temporario,nordeste,0
2811,47,5976.63,40946.75,29,10.46,530,2279.5,5,0,28997.29,5170.42,-710.23,18546.27,educacao,nao,casado,medio,autonomo,norte,0
2812,34,5737.3,32531.98,37,25.64,661,1396.82,10,1,33747.73,8216.81,2643.75,11616.65,outros,nao,casado,pos,clt,nordeste,1
2813,29,6363.25,36912.72,43,6.15,566,1042.38,17,3,1900.2,1447.6,3463.77,210233.4,educacao,sim,casado,fundamental,autonomo,norte,0
2814,72,1526.24,8332.68,21,14.83,425,1809.47,16,1,3623.45,3548.02,-139.21,28257.01,educacao,sim,divorciado,pos,temporario,norte,0
2815,29,2098.09,37349.12,26,12.19,428,231.94,11,3,31678.08,5593.0,3128.29,79075.35,educacao,nao,casado,medio,clt,sul,1
2816,23,3475.19,11952.58,47,25.12,513,2265.48,11,1,3478.88,3258.64,4909.65,103470.18,negocios,nao,casado,medio,clt,norte,0
2817,56,4566.32,24748.41,24,16.43,807,774.13,0,0,24995.93,2961.2,89.15,5364.78,negocios,sim,solteiro,fundamental,temporario,centro_oeste,1
2818,67,5498.65,10598.22,56,10.97,663,622.91,10,3,19372.86,4171.55,4591.6,203419.29,veiculo,nao,viuvo,medio,temporario,sul,0
2819,25,5384.43,36797.22,37,16.58,522,901.04,7,4,18257.27,2137.21,5612.91,3370.45,negocios,nao,viuvo,pos,temporario,sul,0
2820,58,6810.79,13689.99,69,6.7,442,327.85,0,4,3417.47,5629.22,5504.66,200535.17,veiculo,sim,solteiro,pos,clt,sudeste,0
2821,48,6867.29,14020.98,21,21.55,722,1083.78,17,2,25504.77,7965.71,-698.7,6994.49,outros,sim,divorciado,medio,autonomo,norte,0
2822,65,3229.71,7469.62,61,18.84,570,1838.22,8,3,21070.37,8241.43,-1418.26,90263.93,casa,sim,divorciado,fundamental,autonomo,sul,0
2823,25,5229.44,35287.59,38,18.42,577,1335.84,13,3,32509.47,4507.02,3867.31,172247.38,consumo,sim,divorciado,fundamental,autonomo,nordeste,0
2824,73,3273.9,15960.93,11,14.51,644,1729.71,0,2,16834.75,2994.28,1179.96,5451.26,negocios,nao,viuvo,medio,temporario,centro_oeste,0
2825,53,4461.16,26081.74,52,11.06,511,675.95,4,0,31934.57,3750.37,-413.68,178159.01,casa,sim,divorciado,pos,estudante,centro_oeste,0
2826,66,5379.22,17617.08,19,5.57,711,1103.11,16,1,6436.27,2441.02,1687.18,103486.95,casa,nao,solteiro,superior,temporario,norte,0
2827,38,1200.0,37748.91,15,26.73,545,1385.2,16,1,7136.18,5587.65,2432.95,103677.5,consumo,nao,casado,fundamental,clt,sudeste,1
2828,71,9140.24,12805.01,41,14.0,702,1508.34,0,3,33214.25,1645.1,-538.2,40955.64,veiculo,nao,viuvo,medio,autonomo,sudeste,0
2829,53,5819.54,45307.97,57,15.9,626,612.44,16,1,3478.34,3204.49,-1504.74,51379.33,casa,sim,viuvo,medio,clt,centro_oeste,1
2830,25,3727.73,17120.97,23,13.02,479,2053.79,5,1,8278.88,1950.03,4298.08,175692.55,outros,nao,casado,fundamental,autonomo,centro_oeste,0
2831,70,8269.27,7225.25,47,27.71,669,389.3,3,4,4947.36,2244.81,1757.56,2287.02,consumo,nao,casado,pos,clt,sul,0
2832,63,4174.62,13433.89,6,23.11,450,408.03,17,0,24840.57,6207.37,106.13,70131.2,veiculo,nao,viuvo,fundamental,autonomo,centro_oeste,0
2833,35,5038.53,5864.31,18,6.3,706,759.31,9,3,27308.42,8938.29,5650.52,70476.12,outros,nao,solteiro,fundamental,autonomo,sul,1
2834,49,3923.19,23827.61,55,18.6,570,1697.92,14,0,31551.64,6241.06,4120.64,59585.73,negocios,nao,casado,medio,clt,sul,1
2835,40,7773.59,13886.43,6,15.63,688,358.84,2,1,5138.21,2574.92,1340.69,68368.32,outros,sim,viuvo,superior,temporario,sudeste,0
2836,48,4611.03,42815.1,29,23.04,516,197.92,13,4,11260.84,3965.09,328.24,26958.58,negocios,sim,casado,pos,temporario,nordeste,0
2837,73,5069.07,26029.35,39,27.94,582,1275.46,6,4,11101.84,5837.53,3887.81,36676.1,educacao,nao,divorciado,fundamental,autonomo,centro_oeste,0
2838,69,6966.81,13118.26,10,21.86,542,984.24,12,1,34071.53,7872.82,3849.93,122574.67,educacao,nao,viuvo,superior,estudante,centro_oeste,0
2839,30,5853.25,23032.8,70,24.76,520,543.65,11,0,20401.78,6571.14,5095.15,123571.24,educacao,nao,viuvo,superior,autonomo,centro_oeste,0
2840,73,4702.17,11417.74,39,16.06,556,1701.74,0,4,11812.43,1735.68,-1697.58,204528.35,casa,sim,divorciado,medio,temporario,sul,0
2841,42,6798.7,10632.19,28,12.97,441,1668.12,15,4,10455.77,5633.35,3111.0,117090.76,casa,nao,solteiro,fundamental,temporario,centro_oeste,0
2842,58,9369.27,16179.87,70,19.44,578,462.79,5,2,11165.52,2176.0,397.63,96325.7,educacao,sim,viuvo,fundamental,autonomo,sudeste,0
2843,61,5371.34,7427.72,42,21.99,469,713.14,6,0,24926.34,3681.78,5802.03,20932.09,educacao,nao,viuvo,medio,estudante,nordeste,0
2844,45,5010.17,11083.46,50,9.46,627,1026.75,14,3,19224.9,8700.98,-1606.4,161934.32,negocios,nao,casado,superior,autonomo,centro_oeste,0
2845,44,5107.13,45181.13,11,16.08,456,2476.89,15,3,21826.37,8082.69,2002.06,98133.92,negocios,nao,viuvo,medio,estudante,sudeste,1
2846,44,7158.77,32839.52,16,6.73,423,1963.13,16,4,16467.68,2682.57,3744.3,167011.99,negocios,sim,casado,fundamental,temporario,centro_oeste,0
2847,67,3721.44,44410.17,8,9.19,595,962.22,8,3,918.96,6692.6,4059.86,42571.36,consumo,nao,viuvo,medio,estudante,norte,0
2848,40,4299.03,14186.54,39,25.16,539,2419.82,6,4,24048.78,3300.91,3137.98,135349.79,veiculo,sim,viuvo,fundamental,clt,centro_oeste,0
2849,33,2032.6,41494.11,61,7.47,770,1235.44,14,2,25344.44,566.79,1882.55,159331.34,consumo,sim,divorciado,medio,temporario,centro_oeste,1
2850,38,2669.04,18983.41,65,23.47,525,1062.37,4,0,6308.71,7725.99,5293.55,79583.96,negocios,sim,divorciado,fundamental,autonomo,nordeste,0
2851,29,3867.96,9060.87,43,12.94,579,2370.74,11,3,22728.06,7491.19,2698.73,105577.41,negocios,sim,divorciado,pos,autonomo,sudeste,0
2852,40,4699.31,39114.17,9,19.92,514,1887.93,4,1,30714.15,3000.36,2265.41,14157.53,casa,sim,divorciado,superior,clt,nordeste,0
2853,24,7984.35,5214.08,47,25.85,775,1451.0,3,3,21096.9,7062.79,4885.51,59464.65,veiculo,nao,solteiro,superior,estudante,nordeste,1
2854,23,5764.79,20920.8,48,22.74,735,1573.62,9,0,23398.93,767.64,1656.95,36186.78,consumo,sim,viuvo,pos,temporario,sul,1
2855,59,3158.26,39778.82,45,23.82,488,2436.92,15,0,24524.93,5088.16,2941.5,82424.24,outros,nao,divorciado,superior,autonomo,sudeste,0
2856,22,3489.64,30581.91,53,10.27,520,534.73,5,2,11351.73,8843.46,766.32,19620.18,negocios,nao,divorciado,superior,estudante,centro_oeste,0
2857,50,7274.55,26071.99,42,12.68,494,985.33,13,2,5400.33,7202.07,-145.05,182292.32,negocios,nao,solteiro,superior,autonomo,nordeste,0
2858,62,6827.9,18590.34,52,21.59,480,1156.76,0,0,16542.8,5392.28,1790.64,161393.47,outros,sim,divorciado,medio,clt,nordeste,0
2859,59,4850.67,5915.04,38,22.65,516,2464.5,12,3,8112.86,3609.48,821.03,190425.53,negocios,nao,solteiro,medio,temporario,sul,0
2860,43,4003.45,47589.23,15,22.96,760,375.33,7,3,24044.77,6750.41,-1505.68,208505.92,casa,nao,solteiro,fundamental,autonomo,sudeste,1
2861,29,6824.88,10452.2,11,21.76,603,439.03,1,4,25022.34,8790.97,1996.23,124118.67,negocios,nao,viuvo,medio,autonomo,sudeste,0
2862,71,3012.01,14116.54,65,9.56,573,1190.06,9,1,286.38,2133.03,3318.64,163935.8,negocios,sim,solteiro,medio,autonomo,centro_oeste,0
2863,65,5505.65,13234.17,35,10.94,496,572.65,4,3,33397.04,921.03,-1394.37,107829.65,casa,nao,casado,fundamental,temporario,nordeste,0
2864,52,8890.79,43811.33,27,26.61,493,1768.81,11,4,32375.06,3706.77,2625.08,172879.27,veiculo,sim,viuvo,medio,autonomo,sul,0
2865,22,5169.64,37247.82,25,17.29,642,1016.77,0,0,4617.86,4893.42,618.28,118079.05,casa,sim,casado,fundamental,estudante,norte,0
2866,20,3403.9,23308.51,9,22.11,720,2143.2,6,4,16722.81,2584.36,-1481.89,161989.26,casa,nao,viuvo,superior,autonomo,centro_oeste,1
2867,35,5538.66,45971.75,68,18.38,643,1916.78,4,3,7315.8,5740.77,-1044.28,60507.66,negocios,sim,divorciado,fundamental,clt,norte,0
2868,26,3953.98,4901.64,11,26.19,682,1272.27,5,3,33737.13,3099.88,3787.3,151122.21,educacao,sim,casado,pos,estudante,nordeste,0
2869,67,2290.59,43162.0,20,24.85,524,2140.35,0,3,19811.14,8846.31,2405.26,127279.22,negocios,nao,divorciado,superior,temporario,nordeste,0
2870,29,6061.86,5249.44,36,10.27,798,413.9,5,3,24505.58,2755.45,5656.0,54964.26,casa,sim,viuvo,fundamental,temporario,norte,0
2871,34,6812.1,20296.45,29,25.23,749,1528.15,1,3,34225.99,7325.33,3516.36,150846.84,educacao,nao,divorciado,pos,clt,sul,0
2872,73,4240.37,4957.22,8,11.2,771,1583.91,11,0,23555.04,8699.41,5708.06,81461.38,casa,nao,solteiro,medio,temporario,sul,1
2873,64,4120.98,47953.09,27,14.58,687,750.77,8,0,30477.13,4746.13,423.96,138381.69,negocios,nao,solteiro,superior,estudante,norte,0
2874,30,3069.18,44104.72,57,24.43,697,295.12,5,0,8419.32,2193.65,2743.37,144816.76,outros,sim,solteiro,superior,clt,nordeste,0
2875,39,4530.12,29108.35,22,11.78,448,1421.66,11,4,8028.7,8068.23,2557.36,147667.29,negocios,nao,divorciado,pos,temporario,sul,0
2876,47,3787.74,12411.93,63,10.98,484,1371.73,16,2,15441.88,3919.89,2284.18,150391.64,veiculo,sim,solteiro,medio,clt,nordeste,0
2877,55,2980.14,15093.39,29,20.05,472,1696.38,9,4,30851.69,5125.06,5199.82,91819.64,consumo,sim,viuvo,pos,clt,nordeste,0
2878,71,8205.9,22954.22,6,27.99,613,673.99,5,4,1369.21,916.84,2316.12,137429.85,outros,sim,solteiro,fundamental,estudante,sul,0
2879,67,5639.69,17186.5,13,7.15,655,596.77,7,1,15448.43,3458.89,256.38,199484.31,casa,sim,divorciado,fundamental,temporario,sudeste,0
2880,73,5830.31,3469.78,59,20.83,467,2448.76,14,0,28871.78,5225.62,3675.32,14985.5,veiculo,sim,solteiro,fundamental,estudante,sul,0
2881,20,6390.12,32359.65,32,16.65,720,443.76,1,4,6210.84,6390.38,265.82,172302.03,consumo,sim,viuvo,pos,autonomo,norte,0
2882,31,6187.87,30410.97,70,13.85,639,2498.63,5,2,21550.39,8584.74,-1149.81,28329.32,consumo,nao,solteiro,superior,clt,norte,1
2883,50,4056.4,43646.14,58,22.0,658,1850.35,8,1,2448.67,5459.72,2791.39,102428.71,veiculo,sim,divorciado,medio,clt,norte,0
2884,20,5290.59,24196.86,8,17.32,786,1640.03,11,3,363.01,2806.89,-727.68,36097.03,veiculo,sim,divorciado,superior,estudante,centro_oeste,0
2885,38,4315.75,18184.26,26,23.15,653,968.3,10,2,11161.58,5235.93,3770.89,172132.46,outros,nao,divorciado,medio,estudante,sul,0
2886,26,5589.23,25774.03,53,21.85,421,2193.3,12,1,28197.52,1102.83,1617.94,8176.09,outros,sim,casado,superior,estudante,sul,0
2887,71,5415.04,11358.62,10,27.64,727,2291.34,16,1,1446.76,1758.83,4956.35,154250.59,outros,sim,viuvo,superior,temporario,sudeste,0
2888,21,4111.21,30962.09,71,23.46,770,1854.77,3,4,12767.97,3490.64,1356.93,88332.25,casa,nao,divorciado,pos,temporario,sudeste,1
2889,26,2407.26,37536.5,16,5.6,453,1826.94,8,1,25502.07,689.18,1290.32,58311.27,outros,sim,solteiro,superior,clt,centro_oeste,0
2890,29,5063.23,9482.51,58,22.71,635,1324.12,6,4,12919.68,1140.26,1545.1,211301.44,veiculo,sim,casado,fundamental,autonomo,norte,0
2891,26,4432.31,16986.44,61,19.59,607,360.58,1,2,16758.23,562.42,3767.06,64253.59,veiculo,nao,divorciado,medio,autonomo,centro_oeste,0
2892,50,1397.33,41984.94,39,6.15,480,2497.75,2,0,17512.23,2045.21,-589.59,46574.76,veiculo,nao,casado,medio,clt,sul,0
2893,38,5713.79,25501.69,59,18.53,530,216.09,11,0,31778.79,7517.09,862.18,94922.18,negocios,nao,casado,pos,clt,nordeste,1
2894,70,6537.62,26698.57,64,22.02,762,1329.32,9,3,30656.21,3486.93,289.47,66493.88,negocios,sim,solteiro,medio,estudante,centro_oeste,0
2895,32,9351.04,35369.57,54,8.73,576,1031.75,5,0,2226.88,8170.84,1226.08,160117.95,consumo,nao,solteiro,medio,autonomo,norte,0
2896,48,4095.84,28794.12,52,14.44,634,1980.63,16,0,24227.36,8021.97,5311.0,6635.03,outros,sim,divorciado,fundamental,autonomo,sudeste,0
2897,55,3830.32,5665.88,31,17.02,730,1887.01,5,2,19002.18,7839.38,3124.32,152252.83,veiculo,sim,viuvo,fundamental,temporario,sudeste,1
2898,53,2803.04,39080.26,25,13.92,599,1637.08,10,2,12408.2,2300.88,2125.52,92864.23,negocios,nao,solteiro,superior,clt,nordeste,1
2899,63,5175.56,44489.04,63,25.02,776,353.39,17,4,17239.18,3410.34,-793.73,172465.86,outros,nao,solteiro,pos,clt,nordeste,0
2900,29,5164.17,4924.11,20,8.05,619,729.49,12,4,30793.19,4480.8,2694.87,73457.36,consumo,sim,viuvo,medio,temporario,centro_oeste,0
2901,46,3339.67,8016.86,33,22.52,814,398.45,13,4,27057.03,4168.54,4430.13,3989.53,consumo,nao,casado,fundamental,estudante,sudeste,1
2902,63,4485.13,34439.87,39,22.67,478,2451.23,5,0,19882.54,1179.15,1015.37,167921.09,outros,nao,casado,superior,estudante,centro_oeste,0
2903,67,1238.4,30003.56,31,14.75,775,476.46,16,4,6146.13,2530.56,5242.43,29158.45,educacao,nao,divorciado,pos,clt,centro_oeste,0
2904,53,6467.48,19904.52,30,16.95,465,2423.89,8,4,21652.98,5771.85,941.45,105110.75,consumo,nao,casado,medio,estudante,centro_oeste,1
2905,55,3412.78,27035.81,45,7.69,745,441.49,5,3,17430.84,6250.59,-548.44,183259.02,consumo,nao,viuvo,pos,autonomo,sul,0
2906,67,4737.62,34501.9,27,8.68,684,2180.37,13,4,15640.89,3599.56,4656.26,203498.9,veiculo,sim,solteiro,fundamental,estudante,centro_oeste,0
2907,53,2231.95,25453.68,71,16.76,643,1513.14,9,4,33034.04,3024.46,2611.6,54121.89,educacao,sim,divorciado,pos,autonomo,norte,1
2908,72,3751.76,8878.57,17,9.39,772,2109.6,2,3,34742.06,5481.56,2231.01,184396.42,veiculo,sim,solteiro,fundamental,autonomo,nordeste,0
2909,25,4296.74,6569.34,31,23.36,676,1650.96,0,2,33297.58,6139.47,5420.38,170743.81,negocios,sim,viuvo,fundamental,autonomo,norte,0
2910,37,4779.68,22468.07,61,18.79,697,1963.7,2,1,25860.64,6543.37,4633.31,203184.52,consumo,sim,casado,medio,estudante,centro_oeste,0
2911,24,5663.52,44491.26,37,5.36,721,1875.48,2,1,20960.36,7393.17,5943.34,179333.58,negocios,nao,viuvo,fundamental,autonomo,sudeste,0
2912,23,7390.34,27878.95,52,12.59,756,783.63,4,1,11180.17,5462.94,3594.95,19688.94,negocios,sim,viuvo,fundamental,estudante,nordeste,0
2913,44,6118.88,18799.01,48,24.6,512,2349.31,6,2,33151.33,3720.43,2720.94,207764.47,negocios,nao,divorciado,medio,estudante,nordeste,0
2914,30,6531.9,43846.13,27,10.66,757,1673.26,4,2,15946.71,3457.06,2402.94,5435.15,negocios,sim,solteiro,superior,estudante,centro_oeste,0
2915,41,7402.99,20182.76,55,21.27,655,648.84,16,1,7057.05,791.9,976.73,75582.34,educacao,sim,casado,superior,clt,norte,0
2916,42,5825.47,25666.16,21,6.25,432,890.02,17,0,3875.91,4039.05,-388.74,85631.74,educacao,sim,casado,superior,temporario,centro_oeste,0
2917,53,4733.93,7800.72,55,26.33,787,1416.68,17,2,29252.46,7884.63,4636.0,106758.27,educacao,sim,solteiro,medio,autonomo,sul,0
2918,71,6616.4,36051.74,14,14.78,728,2225.84,2,0,11485.76,5835.13,-1748.26,51750.42,casa,nao,casado,pos,temporario,sudeste,0
2919,66,6731.42,34363.78,51,15.8,776,2028.47,9,1,26817.77,5541.05,5125.28,27235.43,educacao,nao,divorciado,pos,clt,norte,0
2920,39,5967.42,38638.1,13,17.68,728,880.75,1,0,21958.71,2402.41,247.32,184150.45,educacao,nao,viuvo,fundamental,estudante,norte,0
2921,36,2181.67,17296.2,63,12.72,558,1777.29,12,1,9923.29,5566.66,67.32,141200.3,consumo,nao,solteiro,fundamental,autonomo,sudeste,0
2922,61,3285.37,22340.42,47,21.41,559,183.84,2,3,29773.43,2033.5,-1744.92,104476.48,outros,sim,divorciado,pos,temporario,centro_oeste,0
2923,25,4305.26,10159.55,8,4.35,530,951.73,5,3,29570.62,3398.7,1007.98,170412.75,veiculo,nao,divorciado,fundamental,autonomo,sul,1
2924,48,6203.32,46384.97,13,7.89,583,2127.86,3,0,6013.81,5468.16,-1107.3,201334.56,educacao,sim,solteiro,superior,clt,sudeste,0
2925,42,4761.58,6416.52,18,8.53,433,530.79,8,3,4261.12,885.75,-360.57,49263.85,educacao,nao,casado,superior,clt,sul,0
2926,28,6846.36,32030.11,69,19.25,718,999.88,6,1,21017.86,3147.01,3568.81,71040.29,outros,sim,solteiro,superior,autonomo,centro_oeste,0
2927,53,7167.43,34589.21,44,25.37,720,182.42,9,2,8169.29,1252.45,1439.59,205550.86,outros,nao,viuvo,medio,estudante,sul,0
2928,36,6958.51,9677.01,24,5.53,814,233.67,3,3,11626.57,1893.59,-1714.65,119689.54,casa,nao,divorciado,pos,estudante,sudeste,0
2929,28,6969.97,19122.21,24,24.46,640,518.76,9,0,32785.06,3493.24,671.68,61872.64,casa,nao,divorciado,fundamental,autonomo,sul,0
2930,55,2933.41,4462.26,7,23.67,815,416.32,1,0,6144.41,6388.98,-1752.19,34808.85,consumo,sim,divorciado,superior,clt,nordeste,0
2931,27,5668.74,27825.68,19,5.84,503,1316.17,0,0,16467.25,2773.12,5338.43,217516.26,casa,sim,viuvo,superior,clt,sudeste,1
2932,56,3706.45,47769.69,62,7.44,609,2268.01,2,1,10321.64,670.68,4911.7,117705.26,negocios,nao,divorciado,pos,autonomo,centro_oeste,0
2933,27,1831.68,22059.77,45,12.4,732,376.37,4,0,12177.57,3891.93,955.58,189696.66,consumo,sim,casado,fundamental,temporario,norte,1
2934,42,4282.55,47545.37,30,6.75,735,2198.02,14,0,12953.22,2378.66,75.5,139919.26,outros,sim,divorciado,medio,estudante,norte,1
2935,64,7184.53,8243.26,7,22.2,729,1730.13,5,2,9099.89,7115.4,-966.04,97606.09,casa,nao,viuvo,pos,autonomo,sul,0
2936,31,5629.34,20356.67,28,16.1,606,571.84,9,0,26722.2,7486.72,3700.47,188825.59,negocios,nao,viuvo,pos,temporario,sul,0
2937,61,8432.06,43539.41,31,13.86,449,852.19,12,2,28415.49,6203.26,-860.59,78431.81,veiculo,nao,divorciado,fundamental,autonomo,sudeste,0
2938,59,5119.01,42389.64,13,21.4,766,630.51,13,1,18883.1,5710.44,3422.42,169063.86,consumo,sim,casado,pos,autonomo,centro_oeste,0
2939,69,9206.04,17223.42,46,11.03,572,2011.17,10,4,31475.62,6710.31,215.16,99751.53,negocios,nao,casado,superior,estudante,centro_oeste,0
2940,27,5119.54,33376.78,49,24.92,679,1862.23,3,0,4782.78,3695.91,3888.51,197425.77,veiculo,sim,casado,fundamental,temporario,sudeste,0
2941,58,4840.46,42820.29,71,19.7,473,886.23,11,2,17730.87,6034.75,1267.27,110707.95,consumo,nao,solteiro,fundamental,temporario,sudeste,0
2942,71,2497.1,37392.92,29,12.32,794,306.06,5,2,28995.04,4067.68,-732.65,71679.73,veiculo,sim,viuvo,medio,temporario,nordeste,0
2943,61,6799.01,31095.67,24,16.96,522,571.48,10,3,21731.97,4153.54,363.57,159663.74,outros,sim,viuvo,superior,estudante,sudeste,0
2944,28,3896.17,9442.19,60,10.23,818,1641.31,17,0,34475.11,7204.22,3582.46,189229.45,negocios,nao,casado,pos,temporario,sudeste,1
2945,64,3635.31,5821.62,29,27.64,706,389.66,1,4,20851.04,7224.16,3543.71,187224.02,casa,sim,divorciado,medio,estudante,centro_oeste,0
2946,24,7106.22,30465.31,47,14.45,552,1424.6,1,1,33601.0,3903.81,2858.6,105249.13,casa,sim,viuvo,medio,clt,sudeste,0
2947,51,6884.8,25262.54,54,25.52,567,1602.0,4,0,3454.72,8465.78,721.33,96837.62,negocios,nao,casado,superior,temporario,nordeste,0
2948,46,6837.69,13330.67,64,27.47,811,1775.59,7,3,1491.87,5103.1,3155.01,32844.52,negocios,sim,divorciado,superior,estudante,sul,0
2949,48,4148.06,15821.03,27,16.86,657,470.83,8,2,12477.99,4640.97,-1470.77,8633.53,outros,sim,viuvo,superior,clt,sudeste,1
2950,47,4708.24,20339.97,47,21.52,697,1246.52,5,3,29446.67,4763.15,2913.32,204934.52,negocios,sim,divorciado,fundamental,clt,centro_oeste,0
2951,19,4692.26,25046.2,14,17.73,665,1255.08,16,4,1767.83,7124.6,4294.01,159550.57,casa,nao,divorciado,medio,clt,norte,0
2952,46,6208.53,20256.78,57,6.2,515,2117.86,0,1,8830.35,8724.11,-721.96,126891.97,veiculo,nao,viuvo,medio,temporario,nordeste,0
2953,71,7596.42,20121.77,8,26.86,472,1267.42,9,4,34475.65,6365.48,4568.57,128349.57,negocios,nao,casado,pos,clt,norte,0
2954,42,5462.66,7765.84,51,14.96,421,1123.77,9,4,22433.78,3400.96,5259.05,5136.3,educacao,sim,viuvo,superior,temporario,centro_oeste,0
2955,33,8354.8,41884.36,19,25.46,581,466.43,13,2,13758.83,4892.82,5680.37,99825.33,educacao,nao,solteiro,superior,temporario,norte,0
2956,74,6414.95,30216.51,36,19.73,693,1791.16,9,3,2725.16,3111.23,-1565.7,202691.43,casa,sim,solteiro,medio,clt,centro_oeste,0
2957,23,4377.36,9147.65,11,6.52,540,1617.91,2,0,26433.47,6056.25,5185.89,101648.19,outros,sim,viuvo,pos,autonomo,centro_oeste,0
2958,45,6291.68,21786.29,51,14.01,508,1843.32,5,3,32385.71,8993.36,-1305.13,127778.82,veiculo,sim,casado,superior,clt,norte,1
2959,47,7870.69,21460.57,37,8.7,575,1702.58,3,0,25954.03,7851.97,1159.51,82962.26,negocios,sim,divorciado,superior,autonomo,centro_oeste,0
2960,45,8396.92,29828.25,49,8.08,512,2210.66,8,2,4074.4,4518.34,2477.36,23107.58,educacao,sim,casado,superior,autonomo,centro_oeste,0
2961,70,6936.4,30203.57,28,21.16,593,2215.44,16,3,18615.18,3408.57,-70.63,71185.13,consumo,nao,casado,medio,estudante,sul,0
2962,42,4846.21,31857.61,6,4.72,640,893.83,7,0,14096.99,4348.25,887.7,18719.61,casa,nao,casado,pos,clt,norte,0
2963,73,4409.95,34254.59,44,27.19,528,603.2,6,2,31641.54,3188.04,5282.95,127287.5,educacao,nao,divorciado,medio,temporario,norte,1
2964,21,5836.93,7202.61,52,14.8,432,2329.43,8,2,26680.7,8928.91,-434.38,215985.91,casa,sim,casado,fundamental,estudante,centro_oeste,0
2965,59,7813.15,16373.96,49,15.75,460,1834.25,2,1,28069.0,2216.22,2402.59,79793.71,outros,sim,solteiro,fundamental,autonomo,centro_oeste,1
2966,51,5580.78,3289.33,23,11.19,586,2432.67,15,2,14480.85,7382.96,4650.48,188856.66,veiculo,sim,solteiro,superior,estudante,sudeste,0
2967,31,5618.16,23186.19,53,6.05,490,1332.94,11,4,870.61,4021.94,80.61,9411.79,outros,nao,divorciado,pos,estudante,centro_oeste,0
2968,30,4892.52,22039.07,41,18.12,739,2412.4,12,4,26578.95,6039.28,5493.57,111104.07,veiculo,nao,divorciado,medio,estudante,sul,1
2969,59,4209.8,35911.88,19,12.27,485,464.71,6,4,22166.19,8344.05,5844.86,143983.0,veiculo,nao,viuvo,superior,autonomo,norte,1
2970,54,4508.16,10103.82,13,18.98,430,1549.65,5,4,4951.89,5532.74,275.46,70229.94,educacao,nao,divorciado,pos,estudante,nordeste,0
2971,52,5043.77,31233.0,27,17.34,667,1332.43,8,1,26487.11,5743.06,1889.42,21636.38,educacao,sim,casado,fundamental,estudante,sul,0
2972,20,7892.58,16454.59,7,9.21,669,186.14,4,0,5225.52,806.07,-1712.46,47938.09,outros,nao,solteiro,pos,clt,centro_oeste,0
2973,52,4368.52,19877.2,53,15.08,688,627.53,0,0,25888.96,1595.02,5693.93,15402.14,casa,nao,solteiro,superior,estudante,centro_oeste,0
2974,73,4894.7,35227.55,6,11.39,483,536.06,13,4,24976.49,5094.38,-729.09,195408.33,negocios,sim,casado,medio,estudante,centro_oeste,1
2975,18,3242.32,5755.44,9,9.75,692,321.08,15,1,263.11,3650.47,1536.89,1008.05,educacao,sim,viuvo,fundamental,clt,sudeste,0
2976,44,6089.94,18096.62,16,22.47,765,2379.71,4,3,27117.17,5677.67,3446.85,15261.86,veiculo,nao,divorciado,pos,autonomo,sul,0
2977,46,7260.02,20305.21,27,4.29,661,2419.65,11,2,14268.08,3766.09,3274.28,175051.75,consumo,sim,casado,superior,estudante,sul,1
2978,69,7724.1,35066.59,7,10.45,576,2248.86,16,3,17730.41,1987.17,3289.95,65940.61,consumo,nao,divorciado,superior,clt,nordeste,0
2979,34,5166.06,11564.71,47,16.75,612,2474.2,13,3,33764.22,7272.44,-1666.48,80247.17,negocios,sim,solteiro,superior,estudante,centro_oeste,0
2980,45,5833.84,45607.29,14,15.43,744,2107.14,14,4,32194.72,7683.7,3926.63,67471.14,consumo,sim,solteiro,medio,temporario,sul,0
2981,58,4523.61,47898.17,59,26.56,477,2342.66,16,0,13393.38,8728.27,4018.85,195955.49,casa,sim,casado,fundamental,autonomo,norte,0
2982,21,5750.43,39760.41,42,24.25,709,638.5,4,1,24835.07,2206.16,2453.85,204322.56,consumo,sim,solteiro,fundamental,clt,norte,0
2983,63,5365.14,16136.92,11,22.04,527,775.97,1,0,17958.0,3147.47,3904.66,204339.02,outros,nao,viuvo,superior,temporario,sudeste,0
2984,64,4904.88,32705.93,32,16.34,771,2179.99,14,1,28776.98,2886.76,-1795.35,67615.53,consumo,sim,casado,fundamental,estudante,norte,0
2985,59,5047.96,6283.24,15,14.29,475,1292.36,14,1,11188.0,8405.94,-503.53,44083.37,outros,sim,divorciado,fundamental,autonomo,centro_oeste,0
2986,54,5613.46,42143.21,70,4.88,626,1843.38,3,4,16482.81,5577.96,-1220.9,182159.17,outros,nao,viuvo,superior,estudante,nordeste,0
2987,60,4270.53,25977.68,45,23.72,580,1483.63,16,3,3934.34,8340.68,640.46,186772.27,outros,nao,divorciado,medio,autonomo,nordeste,0
2988,62,4363.51,10527.98,59,14.34,614,889.08,0,0,32433.82,8067.83,-211.88,77940.61,outros,nao,solteiro,medio,estudante,norte,0
2989,69,7873.25,17397.45,30,11.7,572,840.82,6,2,31525.16,2584.91,-348.59,127161.23,consumo,nao,casado,fundamental,estudante,sul,0
2990,42,9678.98,38933.79,15,18.56,434,1915.78,17,3,9662.18,4136.51,1472.66,85960.09,educacao,nao,viuvo,fundamental,clt,nordeste,0
2991,43,2632.14,42095.32,21,22.1,763,1414.46,6,3,20404.07,4015.79,3064.29,3295.48,consumo,sim,casado,superior,autonomo,centro_oeste,1
2992,54,2532.95,26146.96,33,16.55,633,1013.77,13,4,13242.68,4638.67,2438.65,90348.71,consumo,nao,viuvo,pos,clt,centro_oeste,0
2993,29,3077.12,24354.17,56,7.59,660,1611.53,0,1,5452.83,8980.45,4727.92,196886.88,outros,nao,divorciado,fundamental,estudante,sudeste,0
2994,66,4614.08,36658.43,34,26.12,628,1154.26,8,4,1575.81,1977.08,1271.66,188745.73,casa,sim,divorciado,superior,autonomo,nordeste,0
2995,61,6412.4,40091.63,67,6.71,631,1282.17,14,4,28799.13,7065.71,1380.48,22832.09,negocios,nao,divorciado,fundamental,estudante,norte,1
2996,53,5864.26,37300.53,29,27.27,662,1752.75,15,1,10119.84,2434.8,-1716.44,67530.78,educacao,sim,viuvo,pos,estudante,sul,0
2997,35,5109.66,19991.48,21,14.62,587,1242.48,7,3,18040.47,6784.81,4129.64,16248.74,veiculo,nao,divorciado,superior,clt,nordeste,0
2998,37,5752.08,31707.62,38,26.72,472,2383.86,1,3,31593.9,2223.05,2897.54,65567.8,outros,sim,casado,medio,temporario,centro_oeste,0
2999,42,3554.24,41509.88,13,25.95,431,1305.65,9,4,696.0,4980.21,-818.73,65489.92,educacao,sim,casado,fundamental,autonomo,norte,0
3000,55,4360.58,9405.11,50,13.75,635,2411.43,13,0,19158.84,6176.08,-305.12,11699.9,outros,nao,divorciado,fundamental,temporario,nordeste,0
3001,62,4763.83,20160.22,12,23.2,494,2146.64,8,1,33442.26,4170.97,-465.01,196953.95,consumo,sim,solteiro,pos,temporario,nordeste,0
3002,56,1948.41,5076.16,48,6.15,601,2246.95,17,4,28324.96,8712.39,1378.73,184772.96,negocios,nao,divorciado,pos,clt,nordeste,0
3003,71,2709.64,21103.92,31,5.99,662,1950.8,5,0,7675.89,6497.17,-1503.55,204261.97,outros,nao,casado,superior,temporario,nordeste,0
3004,72,2781.18,37638.83,29,12.54,658,1582.5,14,2,7030.66,1837.29,4273.58,163758.94,veiculo,sim,solteiro,pos,autonomo,centro_oeste,0
3005,58,6175.39,11464.79,46,18.63,487,1415.79,13,1,26687.03,3663.2,681.54,167210.9,casa,sim,casado,fundamental,autonomo,sul,0
3006,39,5241.64,27155.87,52,4.22,684,1459.84,7,3,2790.57,3168.87,5365.83,173193.25,educacao,nao,viuvo,fundamental,autonomo,norte,0
3007,52,5899.91,4164.65,67,16.36,796,647.37,1,2,20977.68,3011.76,318.61,148554.24,consumo,nao,viuvo,fundamental,estudante,centro_oeste,0
3008,42,1488.62,43343.07,25,27.42,564,677.4,6,4,8193.59,2299.89,1057.56,38711.81,veiculo,nao,viuvo,medio,estudante,norte,1
3009,53,2129.58,39810.21,59,24.6,467,259.26,13,0,29374.0,2078.61,5383.63,39101.91,negocios,nao,viuvo,superior,autonomo,nordeste,0
3010,64,5993.79,26360.62,61,9.58,621,1909.7,16,2,13279.56,7896.36,-485.99,110079.12,consumo,sim,divorciado,medio,estudante,sul,0
3011,39,1200.0,34613.31,71,16.67,666,469.68,8,2,14524.04,8909.34,4796.24,151932.29,casa,sim,divorciado,fundamental,estudante,sudeste,0
3012,46,7004.33,7228.19,69,8.11,578,1530.59,5,2,27804.54,1860.25,-618.67,6537.95,veiculo,sim,solteiro,superior,clt,sul,1
3013,20,1518.03,40957.03,58,10.32,659,499.98,13,0,3083.07,7225.68,2064.49,120208.7,casa,nao,viuvo,fundamental,temporario,sudeste,0
3014,59,6318.02,35044.4,25,26.15,726,334.39,16,2,21033.65,2434.16,5017.13,195169.37,negocios,nao,solteiro,fundamental,autonomo,norte,0
3015,45,3200.55,7958.52,51,27.95,651,1417.94,2,4,33691.69,4934.19,-553.9,27724.13,educacao,nao,viuvo,fundamental,autonomo,sudeste,1
3016,44,6688.03,47121.36,57,9.82,738,2205.58,5,3,22763.15,2175.66,-1507.93,68847.82,outros,nao,solteiro,fundamental,estudante,sudeste,1
3017,48,10574.69,3525.14,25,9.09,478,1005.95,14,0,2862.72,2804.44,67.15,217085.0,casa,sim,viuvo,fundamental,estudante,sul,0
3018,30,1200.0,31097.24,59,13.21,537,2312.61,2,3,31798.65,3990.9,244.59,72351.93,veiculo,sim,solteiro,pos,estudante,norte,1
3019,52,6051.68,10314.85,52,14.7,642,203.91,17,4,4513.15,6492.88,1375.32,6324.51,veiculo,nao,divorciado,fundamental,clt,sul,1
3020,60,1545.31,35226.22,38,6.14,523,1260.51,4,4,12909.64,4529.27,4001.53,150400.83,outros,nao,viuvo,fundamental,autonomo,nordeste,1
3021,37,5568.18,5703.48,62,7.55,817,520.49,8,0,6358.75,7385.46,-1426.1,216180.15,consumo,sim,divorciado,pos,estudante,norte,0
3022,25,4427.81,6190.09,11,14.2,691,912.61,9,0,25264.85,1321.04,2660.65,50745.15,casa,sim,solteiro,superior,estudante,norte,0
3023,40,5033.61,23716.27,51,9.65,584,235.06,6,0,9271.21,5360.72,3857.07,47534.84,consumo,sim,viuvo,pos,estudante,nordeste,0
3024,29,3158.96,47727.43,57,24.28,729,262.01,2,1,9138.82,1407.0,4496.05,95014.17,casa,sim,viuvo,medio,autonomo,sul,1
3025,39,6204.97,15081.49,8,22.04,813,1833.73,0,4,14474.58,1501.32,5739.29,117899.62,veiculo,sim,divorciado,pos,estudante,norte,0
3026,53,2192.96,30370.03,32,16.87,424,1698.53,6,2,10013.31,3125.68,4637.83,179232.0,veiculo,nao,viuvo,medio,clt,sudeste,0
3027,24,7034.95,26096.26,40,14.38,642,663.34,4,4,27459.51,1392.3,-995.05,218567.08,educacao,sim,casado,superior,autonomo,centro_oeste,0
3028,60,4063.35,40816.44,19,23.94,590,2270.67,16,0,18433.91,7091.4,-428.95,178865.27,educacao,nao,divorciado,fundamental,estudante,norte,0
3029,30,2275.16,15630.83,64,7.98,722,1776.11,11,3,19457.23,4812.83,3820.47,63999.71,consumo,nao,viuvo,fundamental,temporario,nordeste,1
3030,68,7670.89,27749.97,47,25.3,543,959.92,1,3,5656.92,5978.72,-148.42,172957.38,negocios,nao,divorciado,fundamental,estudante,centro_oeste,1
3031,59,4678.78,45753.37,24,5.18,550,1125.76,13,4,31972.13,978.23,126.69,138791.62,casa,nao,casado,superior,clt,sudeste,0
3032,33,8233.74,17632.65,34,26.16,726,858.73,11,2,12211.0,2410.85,4823.54,108009.31,negocios,sim,solteiro,superior,autonomo,norte,0
3033,50,6998.44,22492.95,13,7.33,776,2106.99,2,3,13208.3,4947.98,1800.55,139626.55,casa,nao,divorciado,superior,autonomo,centro_oeste,1
3034,24,3363.34,42941.01,11,23.49,477,1325.99,7,0,8483.62,1197.09,1295.47,96748.21,negocios,sim,divorciado,medio,temporario,norte,0
3035,23,4647.02,17628.7,55,4.43,665,493.91,13,4,33606.57,1864.97,1860.71,139086.22,negocios,nao,viuvo,medio,autonomo,nordeste,1
3036,72,5017.87,19820.66,70,23.56,731,647.98,11,3,21246.85,685.99,202.13,162101.57,veiculo,nao,casado,medio,autonomo,sul,1
3037,63,7547.35,16337.41,24,18.02,485,868.06,10,3,2133.47,8247.65,-1117.27,3018.75,consumo,sim,divorciado,medio,temporario,centro_oeste,0
3038,26,5587.53,39333.68,22,4.46,684,1115.32,8,1,6741.42,4165.53,5822.13,135572.08,negocios,sim,solteiro,fundamental,autonomo,centro_oeste,0
3039,34,5117.33,44832.61,51,22.58,811,1554.92,12,0,16815.62,882.67,477.18,33670.65,consumo,nao,viuvo,medio,temporario,sudeste,0
3040,29,4440.22,31215.0,39,6.44,757,2416.86,15,3,6574.83,4414.18,2194.01,74061.42,consumo,nao,viuvo,pos,estudante,sudeste,0
3041,40,4709.0,30875.17,15,16.96,497,787.67,3,3,21176.25,8044.15,-1342.48,97600.34,veiculo,sim,casado,pos,temporario,norte,1
3042,34,7148.27,20245.16,50,11.97,816,941.9,7,0,10776.4,2114.57,-636.23,213893.05,casa,sim,casado,superior,estudante,sul,0
3043,36,4806.67,3068.01,19,22.22,562,235.57,15,4,12236.5,2521.85,-1003.26,71624.28,educacao,nao,viuvo,medio,autonomo,centro_oeste,1
3044,48,4089.0,10414.16,13,24.48,610,1044.32,9,0,27532.99,8848.98,-1401.17,180249.41,veiculo,sim,divorciado,medio,clt,sudeste,1
3045,28,3783.89,9208.45,36,15.14,536,1746.18,3,3,18353.05,7758.23,3277.65,74153.08,consumo,sim,divorciado,superior,temporario,sul,0
3046,68,3803.22,7772.63,54,22.19,699,2414.3,2,0,3955.99,5162.48,-1668.03,50451.49,consumo,sim,solteiro,pos,temporario,centro_oeste,1
3047,59,2276.23,32259.15,40,26.0,470,1897.24,13,3,13016.31,2081.11,1763.58,95481.79,casa,nao,viuvo,medio,clt,nordeste,0
3048,61,3449.32,8703.88,48,20.54,703,453.75,8,2,31371.97,2365.96,3386.84,19770.14,outros,sim,solteiro,fundamental,clt,sudeste,0
3049,27,7497.16,6396.34,21,11.73,442,2244.89,14,1,29615.56,7822.39,1032.2,180246.93,casa,nao,casado,superior,clt,norte,0
3050,58,4428.12,19907.46,38,15.12,757,2125.74,2,3,26594.48,6242.05,-628.54,109629.79,negocios,sim,casado,medio,temporario,sul,1
3051,65,6067.94,13830.53,53,9.52,550,618.53,10,4,29523.45,3483.02,-57.6,151258.16,casa,sim,divorciado,pos,autonomo,sul,0
3052,27,1200.0,9136.65,40,15.0,627,2347.68,10,3,3202.81,720.73,-601.79,175502.44,outros,sim,solteiro,superior,estudante,sul,0
3053,60,5822.96,9148.82,21,9.9,511,1836.71,8,3,4276.09,1656.18,504.05,89960.73,outros,nao,solteiro,fundamental,estudante,sul,0
3054,38,4509.57,14157.36,69,23.37,463,1996.14,7,0,652.29,6698.45,978.82,99157.14,educacao,nao,divorciado,medio,clt,centro_oeste,1
3055,62,3933.41,26926.66,10,18.64,429,1245.2,4,4,4375.96,6014.36,1293.88,55784.56,outros,sim,casado,medio,autonomo,nordeste,0
3056,45,5125.73,36993.35,66,19.2,811,645.59,14,2,28824.16,3549.65,-59.93,157150.02,consumo,sim,solteiro,medio,autonomo,sul,1
3057,63,3907.51,41301.34,53,6.65,474,2033.92,5,0,1327.51,5531.65,26.78,183097.29,negocios,nao,viuvo,medio,clt,sudeste,0
3058,26,1200.0,36689.51,13,4.04,442,1287.67,7,2,16281.27,6918.5,3187.24,126313.53,casa,nao,divorciado,fundamental,estudante,sudeste,1
3059,40,6460.05,31083.7,22,22.94,625,2424.44,15,3,8649.07,5972.53,-1620.19,8490.64,educacao,sim,divorciado,pos,temporario,centro_oeste,1
3060,33,5237.43,43796.92,30,17.02,804,535.74,11,3,29137.46,2535.84,1643.31,156555.24,casa,sim,casado,superior,autonomo,nordeste,0
3061,32,4234.9,26148.02,69,26.36,453,1004.54,0,2,28100.29,8587.79,5447.65,146712.33,veiculo,nao,solteiro,medio,clt,nordeste,0
3062,35,3060.87,31317.74,40,16.89,522,1886.47,1,1,26809.82,700.84,4139.2,75367.44,casa,sim,casado,superior,clt,norte,0
3063,39,2154.26,21228.74,23,9.15,642,1507.69,9,1,13238.97,5228.34,796.66,90032.09,casa,nao,viuvo,pos,temporario,sudeste,1
3064,25,5203.01,17395.98,66,20.76,616,1185.2,12,3,32395.68,2398.13,2478.34,108941.82,consumo,nao,viuvo,medio,autonomo,norte,0
3065,58,7704.19,17592.89,13,20.82,478,1807.74,8,4,31355.05,6513.92,5859.09,173973.3,veiculo,nao,viuvo,medio,clt,nordeste,1
3066,49,5165.7,9248.44,59,5.57,800,1881.37,17,3,22778.52,5275.35,3787.33,149736.69,negocios,nao,casado,fundamental,autonomo,centro_oeste,0
3067,65,2311.03,38745.19,60,20.65,563,1519.33,15,3,21440.73,2163.48,2799.13,113753.7,educacao,sim,viuvo,superior,autonomo,nordeste,0
3068,58,5205.21,5019.25,31,9.1,690,920.32,8,3,11793.1,4800.05,2562.15,177211.19,consumo,sim,solteiro,fundamental,estudante,centro_oeste,0
3069,26,4703.98,33198.18,8,10.11,603,1615.52,4,2,25756.1,4917.78,5175.17,189014.61,outros,nao,divorciado,fundamental,temporario,norte,0
3070,21,6355.28,41832.94,64,4.75,654,1444.96,0,2,32847.13,4072.56,-280.65,11394.48,negocios,sim,casado,medio,autonomo,centro_oeste,0
3071,42,5892.12,25132.99,69,19.06,781,2030.56,0,2,11067.53,858.46,2713.72,15359.11,casa,nao,solteiro,superior,clt,nordeste,0
3072,45,1200.0,5694.14,30,21.56,550,1696.02,10,0,10007.54,2257.61,931.31,104647.32,casa,nao,casado,fundamental,clt,sudeste,0
3073,31,5781.44,21992.99,18,9.53,745,1332.51,6,2,9225.4,8734.94,1851.82,171955.71,consumo,sim,divorciado,fundamental,temporario,sudeste,0
3074,62,2993.74,18116.81,23,23.02,536,223.39,2,0,34410.5,2102.17,-1488.65,24148.88,casa,sim,divorciado,superior,estudante,sul,0
3075,51,2240.89,47342.04,15,22.29,546,567.3,1,4,18911.12,4399.49,4387.09,189945.54,outros,sim,viuvo,fundamental,clt,centro_oeste,0
3076,60,4460.75,33952.57,46,13.83,433,960.9,8,4,33864.91,2999.34,-362.54,30194.08,educacao,sim,divorciado,fundamental,autonomo,sudeste,1
3077,24,5539.75,35321.87,40,5.64,558,1575.2,10,2,21608.28,6933.2,2589.09,153005.22,negocios,nao,divorciado,fundamental,clt,centro_oeste,0
3078,64,1846.68,25970.12,29,10.72,654,2018.27,0,3,10271.14,5413.75,5401.91,176729.2,educacao,sim,casado,medio,clt,nordeste,0
3079,29,6068.24,34778.35,48,7.97,675,2407.09,7,0,20523.86,6580.97,208.19,10006.49,outros,sim,viuvo,medio,temporario,centro_oeste,1
3080,43,6174.01,35376.98,47,27.01,592,1571.55,7,2,5440.62,5914.3,756.31,186723.36,casa,sim,casado,pos,estudante,sudeste,0
3081,43,4884.56,5519.33,6,23.63,562,1870.92,1,4,15683.51,4781.44,1367.69,185126.36,educacao,nao,solteiro,superior,estudante,sudeste,0
3082,64,3238.28,12628.6,33,5.88,509,1621.74,15,2,15500.65,8665.29,2443.05,32108.7,outros,nao,viuvo,medio,estudante,sudeste,0
3083,33,3037.12,3090.02,62,16.32,781,1178.24,4,4,20178.86,6477.06,-5.13,45990.14,veiculo,sim,divorciado,medio,temporario,norte,0
3084,31,6646.68,25696.24,58,10.41,573,1594.45,2,0,13553.46,6355.02,3959.79,189270.16,outros,sim,solteiro,pos,estudante,sudeste,0
3085,37,2079.8,42348.89,62,4.77,542,1109.56,2,4,15929.78,6369.08,3111.69,212440.26,negocios,sim,viuvo,fundamental,autonomo,sudeste,0
3086,38,6716.05,30234.73,68,11.74,796,1232.44,8,1,30665.43,4467.74,-1072.81,106546.06,outros,sim,divorciado,medio,temporario,sul,0
3087,28,4502.64,25259.44,10,7.06,674,2293.53,12,0,6313.69,5962.83,2175.04,27640.94,consumo,sim,divorciado,superior,autonomo,nordeste,1
3088,28,4627.5,44631.45,23,9.35,759,1488.15,4,3,32292.72,5638.28,1006.46,61502.34,casa,nao,viuvo,superior,autonomo,sul,1
3089,31,1725.44,10335.94,36,11.84,575,412.95,13,3,18848.96,8050.47,934.88,74419.47,casa,nao,divorciado,pos,autonomo,norte,0
3090,44,4535.91,5894.5,39,13.81,592,1395.14,4,0,22010.56,8820.23,5868.08,138858.63,negocios,sim,viuvo,superior,estudante,sudeste,1
3091,37,5904.45,44237.41,57,15.24,711,2391.56,3,1,3649.28,4605.83,1362.72,158780.05,casa,nao,divorciado,medio,temporario,sul,0
3092,40,2394.46,43576.57,53,16.48,811,412.1,11,4,5084.03,5607.01,-1612.94,133488.74,outros,nao,casado,superior,clt,nordeste,0
3093,58,5697.54,33575.25,52,12.88,735,2433.15,13,0,25639.97,2967.25,968.46,195871.22,consumo,nao,solteiro,medio,temporario,sul,0
3094,31,4960.22,13692.05,16,15.96,604,2471.33,13,0,31523.11,7686.18,2876.68,2330.5,educacao,sim,solteiro,fundamental,temporario,sudeste,0
3095,69,3641.24,46624.26,50,14.03,659,1480.85,10,4,18159.94,6540.77,2316.69,85781.94,educacao,sim,solteiro,superior,estudante,centro_oeste,0
3096,60,6338.41,37323.26,58,27.15,559,951.26,15,3,5863.42,8353.88,-1198.74,64196.36,casa,sim,casado,fundamental,estudante,sudeste,0
3097,27,1200.0,33162.2,55,5.62,602,200.03,15,2,27892.04,5642.56,-488.16,165375.21,educacao,sim,casado,fundamental,temporario,nordeste,1
3098,35,5424.03,12642.47,44,18.06,575,215.97,5,1,32113.59,6523.53,4201.05,149792.17,casa,nao,solteiro,fundamental,estudante,centro_oeste,0
3099,28,7714.98,25845.56,11,8.65,459,1080.38,11,4,23456.22,1308.74,-1743.52,195997.55,veiculo,nao,casado,pos,estudante,norte,0
3100,33,7391.9,39927.22,15,13.01,769,1996.73,1,4,6400.22,5657.19,-1.85,68927.1,outros,nao,divorciado,pos,temporario,sul,0
3101,38,5501.65,41641.84,55,17.12,474,2366.31,1,0,14436.45,3702.68,5849.6,188218.6,outros,sim,divorciado,pos,clt,nordeste,0
3102,25,4256.97,28045.07,63,22.24,527,539.09,7,4,32894.26,4818.78,3313.99,118438.86,consumo,sim,casado,pos,estudante,centro_oeste,0
3103,18,3655.56,26287.12,60,27.47,521,1311.59,12,2,6705.31,3275.87,115.12,33737.45,negocios,nao,viuvo,pos,autonomo,norte,0
3104,43,4254.73,34244.61,34,15.85,508,1344.0,10,1,5976.37,2941.61,-286.71,182395.5,outros,sim,divorciado,medio,clt,norte,0
3105,57,5778.85,26535.32,44,10.17,619,1062.3,2,1,24562.67,7476.11,1448.86,51385.62,outros,sim,divorciado,fundamental,autonomo,nordeste,1
3106,35,3346.96,21504.49,17,23.0,804,1432.7,13,2,19008.69,5239.78,3235.43,167259.55,educacao,sim,viuvo,medio,clt,sul,0
3107,67,6163.36,6386.57,45,9.32,551,2326.05,10,2,7165.67,2652.3,-465.86,118116.41,casa,nao,viuvo,pos,autonomo,norte,0
3108,39,8639.69,8235.26,18,16.19,713,1197.39,13,4,21578.17,7017.07,4033.97,113274.62,veiculo,sim,solteiro,medio,estudante,norte,1
3109,69,4688.61,37092.53,58,24.32,713,499.65,11,0,32783.61,1135.82,-1472.93,117682.94,veiculo,sim,viuvo,superior,estudante,centro_oeste,0
3110,31,2380.09,3622.21,57,13.69,725,1723.84,15,3,29931.88,2991.78,-286.83,214604.1,consumo,sim,casado,medio,estudante,sudeste,0
3111,48,2379.46,4879.88,9,17.37,668,252.79,6,0,228.62,3358.59,2804.15,128622.21,educacao,nao,viuvo,superior,clt,sul,0
3112,61,6197.82,43661.28,67,6.87,716,2361.07,0,0,30687.3,2009.49,3708.26,9719.41,veiculo,nao,casado,superior,clt,sudeste,0
3113,21,4692.46,34531.87,58,5.34,724,2360.54,10,1,21941.57,7662.87,3443.27,210297.55,veiculo,sim,divorciado,pos,autonomo,nordeste,0
3114,71,6378.3,2691.68,30,27.67,693,393.77,17,3,9349.4,6228.14,242.15,61965.9,outros,nao,viuvo,medio,autonomo,sul,0
3115,38,3839.46,16697.97,35,8.29,643,1458.06,1,1,3269.69,6197.59,1206.88,103442.09,outros,nao,casado,pos,clt,sul,0
3116,46,6295.12,37230.99,11,12.05,456,2029.95,17,1,33992.22,5538.01,-1506.48,181085.7,negocios,nao,casado,superior,estudante,norte,0
3117,53,4515.06,21500.84,67,16.11,623,1257.82,13,4,1016.32,3715.49,-1796.33,18608.38,casa,sim,casado,medio,estudante,centro_oeste,0
3118,54,3481.49,23830.3,12,12.99,721,1290.75,0,1,6461.68,6101.6,1448.57,51166.75,consumo,sim,solteiro,fundamental,estudante,sul,0
3119,19,4078.2,23375.36,66,6.34,556,2430.86,9,3,23493.67,6758.42,2438.16,192911.78,consumo,nao,viuvo,pos,temporario,centro_oeste,0
3120,67,2645.3,11697.12,49,8.73,519,714.78,5,4,26528.21,5077.09,4604.78,25786.62,educacao,nao,viuvo,superior,autonomo,sul,1
3121,53,8380.85,35323.31,66,15.84,657,1401.04,11,3,9333.22,4501.15,5708.8,113673.11,veiculo,sim,solteiro,pos,autonomo,nordeste,0
3122,74,4626.51,7186.79,30,14.53,472,446.73,13,4,25797.47,2399.96,2873.34,40894.34,negocios,sim,solteiro,pos,estudante,sudeste,1
3123,44,5960.13,25579.93,65,23.16,707,881.66,6,4,26781.06,1213.98,4569.11,77883.48,outros,sim,viuvo,medio,clt,sul,0
3124,52,3833.64,10232.99,34,11.48,813,2154.1,8,0,28095.44,851.07,-782.28,173896.17,outros,nao,divorciado,pos,autonomo,sudeste,1
3125,43,2906.53,4617.24,29,26.57,613,1842.16,0,0,26387.27,6571.08,4569.98,210992.85,veiculo,sim,divorciado,fundamental,clt,nordeste,1
3126,68,4379.02,9017.6,28,10.79,431,1599.85,0,1,1143.19,3463.5,176.46,126259.72,negocios,sim,casado,superior,autonomo,sul,0
3127,65,6782.15,42054.74,68,11.95,528,444.22,13,3,31230.77,6521.47,1396.09,79628.04,negocios,nao,divorciado,medio,estudante,centro_oeste,1
3128,69,3862.68,10514.72,36,26.78,432,2153.62,6,1,19697.28,4817.2,-1633.67,17633.23,consumo,nao,casado,superior,temporario,nordeste,1
3129,46,3233.04,15165.8,37,24.17,603,871.61,15,3,15086.67,4298.53,1850.74,88326.08,educacao,sim,solteiro,fundamental,clt,sul,0
3130,63,5079.84,8783.31,48,11.61,543,1421.16,10,4,855.17,5845.88,3280.11,179051.05,negocios,sim,viuvo,superior,autonomo,sudeste,0
3131,38,5698.24,35967.3,42,13.49,729,721.66,7,0,20678.02,2057.71,166.04,166466.96,educacao,sim,viuvo,medio,clt,nordeste,0
3132,44,7757.13,22767.94,41,24.21,757,1388.11,15,4,5696.59,8827.15,4507.65,78403.83,consumo,nao,divorciado,fundamental,temporario,sul,0
3133,61,5436.75,45435.39,31,6.07,593,1484.16,1,2,19168.61,3306.92,5424.32,37383.31,casa,nao,solteiro,medio,autonomo,nordeste,0
3134,22,5959.19,32726.77,16,11.07,811,969.89,14,4,6622.51,7038.07,2651.3,119612.11,educacao,sim,divorciado,medio,autonomo,norte,1
3135,58,6094.7,26678.21,71,16.76,599,1353.74,1,3,24077.05,2606.87,103.65,183060.46,casa,sim,solteiro,fundamental,temporario,nordeste,0
3136,18,2724.57,32376.71,38,23.89,467,1122.04,17,0,3109.6,4477.41,3701.13,123711.02,outros,nao,divorciado,pos,temporario,norte,0
3137,51,3066.0,4339.35,70,17.55,783,1798.19,10,4,21013.37,4744.13,497.93,119174.15,negocios,sim,solteiro,pos,temporario,nordeste,1
3138,45,2848.99,45755.04,36,15.75,578,1441.83,8,0,22533.05,3106.6,-530.22,155476.1,veiculo,sim,divorciado,pos,estudante,norte,0
3139,44,2402.14,46017.55,45,27.09,774,2217.14,11,1,13833.58,3463.29,424.49,28467.38,negocios,nao,casado,fundamental,clt,nordeste,0
3140,46,6231.83,15064.36,42,6.79,713,295.17,14,2,32100.44,4199.95,1624.28,136100.0,veiculo,sim,casado,pos,estudante,norte,0
3141,46,5322.09,31087.44,69,22.72,795,241.8,5,4,18429.24,7607.64,-39.64,17172.8,casa,sim,viuvo,superior,clt,sudeste,1
3142,41,4943.09,11687.14,13,7.05,678,617.43,1,0,26268.13,4750.43,830.66,35133.26,outros,nao,solteiro,superior,clt,norte,0
3143,43,1200.0,27409.97,40,21.59,657,455.1,17,2,15558.03,1252.89,1285.85,11319.63,consumo,nao,viuvo,pos,clt,norte,1
3144,50,8499.86,37570.91,16,17.03,513,1400.08,9,0,27710.0,2341.75,4080.08,135134.99,negocios,nao,viuvo,fundamental,temporario,sul,0
3145,61,3190.31,45261.89,63,10.35,531,644.31,5,1,31409.0,8881.2,4889.63,212123.12,outros,sim,viuvo,pos,clt,centro_oeste,1
3146,49,8493.26,17934.37,40,17.04,551,217.23,16,1,14454.61,1263.91,4634.23,32634.44,consumo,nao,divorciado,pos,estudante,sudeste,0
3147,54,2191.37,34054.49,66,25.11,543,835.68,0,2,33857.64,6005.69,-292.88,103527.19,casa,nao,solteiro,medio,temporario,sul,1
3148,65,3337.68,35097.43,24,15.33,657,1361.35,15,3,5359.51,2294.84,4516.09,196661.05,veiculo,sim,viuvo,superior,temporario,sudeste,0
3149,74,1200.0,12562.27,16,4.16,768,1837.07,0,3,29615.91,4171.41,3196.17,187005.67,consumo,nao,divorciado,superior,autonomo,norte,1
3150,24,5451.82,31120.96,47,5.36,434,1197.08,11,3,18404.22,3534.67,54.82,93103.78,negocios,nao,divorciado,fundamental,clt,centro_oeste,1
3151,58,2817.74,32321.67,15,19.18,667,2413.5,0,0,4844.43,8806.01,1132.84,163834.87,outros,sim,casado,fundamental,autonomo,centro_oeste,0
3152,30,2868.6,37265.46,30,20.27,723,642.73,2,3,21886.63,5185.81,894.88,9513.91,consumo,nao,viuvo,fundamental,temporario,centro_oeste,1
3153,29,2329.47,47997.6,26,13.64,597,1372.62,5,3,4596.04,2624.27,1594.15,166438.69,veiculo,sim,solteiro,pos,clt,norte,0
3154,63,6199.24,4330.57,20,9.83,530,767.39,3,0,31061.98,5630.39,4789.78,159630.91,consumo,sim,divorciado,superior,estudante,norte,0
3155,21,6080.63,11704.88,14,21.18,592,2051.47,0,4,28559.56,1106.87,1410.54,128233.48,outros,sim,divorciado,medio,autonomo,norte,1
3156,66,8061.66,9101.07,49,11.3,751,615.6,12,3,22901.02,8376.5,-1373.62,25147.03,veiculo,sim,viuvo,superior,clt,centro_oeste,0
3157,61,3565.73,9526.75,56,5.78,785,2410.91,13,3,8154.49,3426.06,3951.19,65166.35,consumo,nao,viuvo,superior,autonomo,sudeste,0
3158,74,5193.87,23168.31,31,13.83,693,1842.53,5,2,33698.11,8008.65,4338.8,37779.98,casa,sim,viuvo,medio,estudante,sudeste,1
3159,56,2479.2,42473.41,24,16.94,614,1471.93,12,3,29860.73,7378.25,2663.79,12966.77,negocios,nao,divorciado,superior,autonomo,sudeste,0
3160,67,4196.93,22916.91,16,27.18,678,1415.05,5,1,25032.39,2087.7,1906.0,197821.26,casa,nao,casado,pos,autonomo,nordeste,0
3161,24,3866.08,32915.86,50,18.21,690,1020.93,3,3,12787.89,8679.54,4222.41,39955.25,casa,nao,divorciado,pos,temporario,centro_oeste,1
3162,68,5636.01,19630.71,59,9.0,726,228.78,15,3,16945.85,8929.26,-1627.77,45465.9,veiculo,sim,casado,fundamental,estudante,nordeste,0
3163,27,6630.64,17044.68,42,23.97,477,2303.09,9,3,11832.21,7344.97,2756.75,154169.24,outros,sim,viuvo,medio,clt,sul,0
3164,35,6583.92,40457.7,34,11.0,450,2024.25,0,3,29728.52,4337.7,5625.12,70851.67,casa,sim,casado,fundamental,autonomo,sudeste,0
3165,25,3282.94,32327.41,48,27.02,558,492.87,12,0,10810.9,6216.63,4395.5,89084.62,outros,sim,viuvo,pos,estudante,centro_oeste,0
3166,40,6597.24,18465.74,66,11.81,523,463.22,7,0,8340.89,1185.54,349.07,12444.99,outros,nao,solteiro,medio,clt,sudeste,0
3167,60,4720.65,44094.29,71,25.83,665,894.79,1,2,7502.12,8329.51,5357.94,203886.44,consumo,nao,solteiro,superior,clt,nordeste,0
3168,33,4215.73,25182.28,18,25.09,628,1950.48,4,4,14040.69,2384.94,-220.78,219215.21,veiculo,nao,solteiro,medio,temporario,nordeste,0
3169,64,3524.68,11066.5,37,24.74,787,1347.34,5,1,21803.89,6592.02,2466.1,81024.57,consumo,nao,casado,fundamental,autonomo,centro_oeste,0
3170,52,3792.12,24486.59,63,4.95,730,1697.77,0,2,29107.71,7313.02,3074.96,47436.99,veiculo,sim,solteiro,medio,temporario,centro_oeste,0
3171,53,7936.16,33198.82,47,24.4,479,194.37,13,4,32364.77,8741.39,-1534.51,155269.85,casa,sim,divorciado,fundamental,autonomo,nordeste,0
3172,71,5353.34,19203.62,59,21.31,759,2322.99,3,3,2803.06,7502.37,-807.5,166702.33,outros,nao,solteiro,superior,estudante,sudeste,0
3173,42,5114.3,40892.21,71,12.02,728,564.39,2,0,1651.61,7453.37,2445.89,33797.25,negocios,nao,viuvo,medio,autonomo,norte,0
3174,37,4327.96,26758.05,12,15.76,572,919.85,3,4,12695.73,6495.76,-388.96,107119.29,negocios,nao,casado,fundamental,autonomo,sul,0
3175,74,9202.76,23783.3,46,19.36,443,2377.39,12,4,28353.62,5401.5,1469.36,43009.85,consumo,sim,viuvo,fundamental,autonomo,sudeste,0
3176,49,7149.02,41571.37,41,26.64,737,1880.31,9,3,31759.1,856.01,3705.25,51421.11,consumo,sim,viuvo,superior,clt,nordeste,0
3177,53,3502.09,23562.76,24,22.72,497,1365.67,14,3,5895.78,8767.98,3077.84,108631.62,consumo,nao,viuvo,fundamental,clt,centro_oeste,0
3178,34,4307.49,21355.66,49,14.28,508,2181.97,7,2,10001.59,4316.25,5019.1,87919.65,negocios,nao,solteiro,superior,clt,nordeste,1
3179,30,4414.36,7219.1,12,19.49,608,322.13,12,3,31568.66,7272.7,5385.14,104502.69,veiculo,sim,divorciado,fundamental,estudante,norte,0
3180,27,5062.57,18993.38,38,8.46,452,357.0,8,1,20153.57,3706.93,5427.46,84546.25,educacao,nao,divorciado,pos,autonomo,nordeste,0
3181,30,3537.79,20565.7,33,14.17,579,539.97,10,3,14269.37,4376.51,1260.65,16083.12,veiculo,sim,solteiro,fundamental,estudante,centro_oeste,0
3182,29,5589.87,10718.32,31,22.99,518,793.8,15,2,8523.72,4429.98,-849.0,16764.08,negocios,sim,viuvo,pos,clt,sul,0
3183,60,7413.76,29245.96,46,18.56,441,1824.95,11,3,3951.33,8915.07,3403.83,57631.09,outros,nao,viuvo,pos,estudante,sul,0
3184,21,2435.47,9044.81,68,22.8,781,1415.21,8,4,3795.73,2296.46,5368.26,115040.76,outros,sim,casado,pos,temporario,norte,0
3185,53,2769.34,12677.89,68,16.24,524,1168.42,15,3,23592.6,4765.01,4200.26,46848.11,outros,sim,viuvo,pos,autonomo,norte,0
3186,72,3930.31,28029.69,52,13.12,637,1995.61,11,4,25214.5,1814.87,3636.78,137614.39,casa,sim,casado,pos,temporario,sudeste,1
3187,61,4013.77,14738.75,27,21.82,746,915.81,16,2,12798.96,4700.04,4460.25,167584.96,veiculo,nao,viuvo,superior,estudante,centro_oeste,1
3188,40,8397.24,31604.91,69,6.25,612,378.26,11,3,21210.01,5140.7,1396.56,196292.04,outros,sim,divorciado,fundamental,clt,sul,0
3189,21,6603.08,33918.35,71,27.49,537,1100.5,12,1,5461.21,1661.53,2113.74,207614.46,casa,sim,solteiro,superior,autonomo,norte,0
3190,65,6499.78,16208.71,61,26.76,717,1958.07,9,3,733.38,6435.17,-240.93,80246.38,consumo,nao,divorciado,superior,estudante,sul,0
3191,18,4324.14,6476.14,63,25.13,696,1279.88,15,1,3493.9,7537.89,3438.03,207467.84,outros,sim,viuvo,fundamental,clt,norte,0
3192,56,4284.64,24770.06,59,25.22,424,2446.98,5,3,3705.12,7436.23,914.23,192572.23,educacao,sim,casado,pos,temporario,nordeste,1
3193,56,2186.93,6726.88,56,16.27,747,2166.22,9,0,34466.97,6698.39,286.21,69450.65,negocios,nao,divorciado,medio,temporario,norte,0
3194,28,6207.13,25943.22,53,15.95,467,2015.01,16,3,8260.48,1697.51,155.28,81388.2,educacao,sim,casado,pos,temporario,sul,0
3195,60,5683.9,35542.91,48,23.68,715,1973.78,3,1,4694.36,5782.47,2183.55,36941.51,consumo,nao,viuvo,medio,autonomo,nordeste,0
3196,28,7114.8,30725.01,48,10.8,459,1528.21,7,1,27838.54,6436.04,2411.8,191193.47,educacao,nao,viuvo,pos,temporario,centro_oeste,1
3197,30,4420.51,22896.18,31,24.4,446,2270.67,0,1,12833.1,6954.51,4644.68,116484.23,negocios,nao,divorciado,pos,estudante,norte,0
3198,64,4544.8,45536.56,64,8.82,468,1548.5,10,2,7219.13,6529.91,5347.39,45285.14,outros,nao,divorciado,fundamental,temporario,sul,0
3199,73,5106.08,7129.5,47,25.1,716,1044.28,6,0,7713.07,5844.82,611.36,178063.03,consumo,nao,solteiro,pos,estudante,sul,0
3200,33,6405.42,42540.07,46,16.99,601,634.49,10,2,4866.34,6685.81,788.23,187085.63,outros,nao,viuvo,medio,clt,norte,0
3201,70,2153.61,38905.86,54,24.24,660,2066.38,4,0,2796.69,7744.75,393.29,140727.52,negocios,nao,divorciado,fundamental,clt,sul,0
3202,70,6124.9,21598.11,10,15.84,532,1041.04,14,2,23804.76,5339.21,556.03,86765.18,educacao,sim,divorciado,fundamental,temporario,sudeste,1
3203,61,4763.11,9455.46,66,18.6,467,2014.9,17,1,15399.42,1735.02,3882.2,48407.86,casa,nao,casado,medio,estudante,nordeste,0
3204,25,2894.45,9591.94,44,26.24,734,2460.57,9,2,5195.39,7435.63,3106.97,168600.93,casa,sim,solteiro,fundamental,autonomo,sul,0
3205,35,1200.0,44442.16,68,14.04,753,1105.0,10,0,27735.59,6118.64,-1192.89,169508.08,outros,sim,solteiro,pos,temporario,sul,1
3206,56,4554.35,13133.56,12,9.29,755,970.52,8,4,669.38,6336.19,2665.78,112381.06,outros,nao,viuvo,superior,estudante,sul,1
3207,74,7405.88,42272.26,21,6.18,445,574.62,5,0,15072.33,3000.76,4812.26,163401.63,negocios,nao,casado,medio,temporario,centro_oeste,1
3208,64,7814.43,25399.93,68,18.16,789,1282.82,8,4,4455.69,1772.11,-1330.45,43954.43,consumo,sim,viuvo,pos,temporario,norte,0
3209,41,5439.68,23508.93,51,18.67,636,1697.32,8,1,971.99,7136.13,5262.69,116505.38,educacao,sim,viuvo,medio,clt,nordeste,0
3210,31,8331.61,30687.76,48,18.9,498,905.67,14,4,19273.18,920.07,203.05,71534.36,negocios,sim,solteiro,pos,temporario,sul,0
3211,72,4722.71,12284.28,32,4.89,499,1306.74,12,2,5440.16,3919.95,756.54,218156.98,casa,sim,viuvo,medio,clt,nordeste,0
3212,33,6515.95,21990.87,42,4.66,621,1426.01,5,4,2398.11,4825.32,1316.08,93353.1,veiculo,sim,solteiro,superior,temporario,nordeste,0
3213,37,3987.78,45201.04,42,25.49,661,818.55,11,2,16757.02,648.16,-690.19,45234.62,outros,sim,divorciado,superior,estudante,sul,0
3214,72,3873.72,13340.69,19,20.69,439,234.55,16,3,29527.26,5574.55,-1031.94,43148.13,educacao,nao,casado,pos,autonomo,nordeste,1
3215,50,3580.48,44432.05,43,6.72,618,680.25,7,3,16997.01,1516.82,76.88,219033.89,consumo,sim,casado,pos,estudante,norte,0
3216,33,1200.0,47736.54,40,5.79,515,2043.31,15,3,2787.9,2552.31,-1757.95,219828.92,veiculo,nao,viuvo,superior,temporario,sudeste,0
3217,18,7116.77,4861.78,26,7.88,787,825.1,8,2,10652.49,8945.33,2702.56,175929.27,negocios,sim,solteiro,fundamental,temporario,sul,0
3218,42,3645.06,26677.75,28,23.37,666,212.07,2,1,15613.24,5262.32,-751.09,105714.77,negocios,sim,viuvo,fundamental,estudante,sul,0
3219,74,3357.41,10317.78,56,21.35,568,1165.88,3,4,9840.45,8730.31,-1071.88,146476.91,veiculo,sim,viuvo,fundamental,temporario,sudeste,0
3220,42,2676.05,30788.0,50,19.33,588,1763.33,5,4,11813.78,4687.39,2593.21,154423.6,outros,nao,divorciado,superior,autonomo,nordeste,1
3221,57,4432.15,47524.19,37,19.38,754,1925.59,10,3,17505.89,7329.11,2822.47,28682.12,educacao,nao,divorciado,pos,clt,centro_oeste,0
3222,32,7974.29,43308.08,45,24.61,696,1140.24,16,1,32986.45,822.92,3347.14,31643.0,negocios,nao,viuvo,fundamental,autonomo,nordeste,0
3223,62,8568.8,44580.61,21,12.0,574,1506.71,7,2,28169.75,2975.71,2129.45,86686.91,consumo,nao,divorciado,superior,temporario,sul,0
3224,62,1810.44,12207.42,38,11.73,755,1909.58,5,3,7153.18,2907.4,5097.72,82454.46,casa,nao,solteiro,medio,estudante,sudeste,1
3225,52,4161.99,27175.54,43,14.21,668,2243.04,11,0,27484.04,1093.3,-826.09,102979.76,casa,nao,casado,pos,estudante,sudeste,0
3226,61,2938.16,13184.81,22,27.75,443,1664.57,5,0,13809.06,8592.86,4333.06,66603.8,casa,nao,divorciado,medio,estudante,nordeste,0
3227,50,6579.01,43423.82,17,17.32,672,1782.8,7,2,28550.07,4789.77,1407.37,135956.59,negocios,nao,casado,superior,temporario,nordeste,0
3228,39,5315.87,11197.51,40,17.13,795,408.93,3,2,21598.75,5540.26,5246.96,166090.11,outros,nao,viuvo,pos,clt,sudeste,1
3229,60,3654.18,9505.13,68,23.43,765,1155.44,5,4,23764.45,4923.92,29.34,191698.59,outros,nao,viuvo,medio,temporario,sudeste,0
3230,65,4930.63,3053.4,36,8.27,436,2242.38,0,1,12673.58,2612.79,5592.47,90063.88,consumo,nao,solteiro,fundamental,autonomo,nordeste,1
3231,65,3940.65,10778.63,65,13.73,772,552.87,10,1,24961.71,8356.58,4963.95,64247.77,outros,nao,viuvo,pos,autonomo,sudeste,1
3232,30,7705.64,11134.21,62,19.39,812,899.11,8,3,19799.16,6186.45,-449.27,33001.48,casa,nao,solteiro,pos,estudante,sudeste,0
3233,56,5784.53,6025.8,55,27.71,485,1752.88,3,4,21650.02,1550.61,1592.37,123248.69,casa,sim,viuvo,fundamental,clt,sul,0
3234,18,6005.68,41982.22,65,7.71,675,2272.81,13,4,19146.58,4425.21,95.99,8401.5,veiculo,sim,divorciado,medio,estudante,sul,0
3235,50,1200.0,37989.9,33,14.85,722,316.97,3,3,1952.67,512.53,-692.05,188639.49,negocios,sim,viuvo,superior,clt,nordeste,0
3236,50,4679.78,14078.91,56,25.73,437,2199.54,11,0,16598.67,6235.32,1226.54,104930.74,negocios,nao,viuvo,medio,clt,norte,0
3237,38,8549.78,38138.23,15,21.41,751,691.15,2,3,1793.95,4950.46,2374.26,134020.12,consumo,sim,solteiro,medio,autonomo,sul,0
3238,74,7187.03,21708.49,27,18.73,577,2177.19,0,0,5897.55,8185.68,1332.32,88008.32,educacao,sim,viuvo,pos,autonomo,norte,1
3239,68,1475.24,37786.17,43,10.17,539,2243.03,2,3,16645.73,8552.36,787.22,805.74,casa,sim,viuvo,pos,autonomo,sul,1
3240,20,4235.83,17196.85,8,8.49,523,1979.12,9,4,14216.1,1334.51,757.48,173544.88,casa,nao,casado,medio,clt,sudeste,0
3241,29,2637.26,28191.77,56,12.98,622,2323.25,3,3,1677.79,1260.72,-543.95,104233.76,consumo,sim,casado,superior,autonomo,norte,0
3242,29,7879.98,19863.28,67,10.12,739,2409.89,5,1,4802.87,8142.27,-62.58,89448.59,negocios,sim,casado,superior,temporario,norte,1
3243,69,5239.7,11039.25,12,23.4,748,2326.43,9,1,16285.28,4852.87,2329.47,166977.15,veiculo,sim,divorciado,medio,temporario,centro_oeste,1
3244,47,3417.97,29146.3,71,21.3,510,1370.46,11,3,33868.08,4492.26,-559.29,76442.76,negocios,sim,divorciado,pos,clt,centro_oeste,1
3245,59,4861.48,36662.8,11,24.04,750,1255.73,14,3,17023.86,5351.71,4669.99,142448.67,consumo,nao,solteiro,superior,temporario,sudeste,0
3246,64,1200.0,36766.37,14,8.11,750,424.08,7,4,27039.37,4464.41,3942.1,159650.49,educacao,sim,solteiro,fundamental,autonomo,sul,1
3247,61,2847.07,18711.17,56,11.44,444,681.33,1,0,15507.04,5721.28,5913.06,216141.23,veiculo,nao,solteiro,medio,temporario,sudeste,0
3248,23,4865.6,26101.39,51,22.45,544,1693.49,17,3,6710.37,8567.09,670.58,169045.36,casa,sim,divorciado,medio,clt,norte,0
3249,25,6322.22,37251.93,67,7.93,426,475.43,13,4,741.37,5650.85,-377.32,5189.97,consumo,nao,divorciado,pos,clt,sul,0
3250,40,1305.63,4979.64,34,7.49,815,2366.32,14,0,13142.26,3226.25,-1210.97,137499.77,casa,nao,divorciado,superior,estudante,centro_oeste,1
3251,37,4113.92,5770.92,43,13.19,608,706.75,16,2,32182.19,2313.76,929.66,135573.09,negocios,sim,solteiro,fundamental,clt,norte,0
3252,60,6617.43,19618.13,15,8.47,528,384.0,12,3,11368.86,8711.98,5383.37,27135.83,veiculo,sim,solteiro,medio,clt,centro_oeste,0
3253,26,2187.38,12667.96,51,5.89,777,725.77,17,2,12898.46,5424.9,2811.33,165052.06,casa,nao,casado,superior,autonomo,centro_oeste,0
3254,39,5212.53,19546.39,71,11.51,693,293.47,9,4,24245.18,5316.68,5676.62,82463.65,veiculo,nao,viuvo,medio,temporario,sul,0
3255,31,4918.75,6765.77,45,25.01,796,565.33,10,3,25791.95,783.31,5329.32,137225.74,veiculo,nao,casado,superior,autonomo,sudeste,1
3256,28,7885.88,29436.37,67,5.36,740,1543.43,10,1,21293.46,8306.29,1161.98,59063.01,consumo,nao,divorciado,superior,clt,nordeste,0
3257,27,4385.75,33064.19,31,17.59,802,850.86,9,3,11837.96,4491.63,1615.79,38966.06,veiculo,nao,solteiro,fundamental,temporario,norte,0
3258,29,4491.12,38528.74,70,17.51,506,2038.69,7,3,33083.96,8997.88,534.98,87118.75,casa,nao,viuvo,pos,clt,nordeste,0
3259,50,6338.93,32098.79,41,16.74,501,1118.98,5,3,12337.86,1926.86,3986.9,45408.22,consumo,nao,solteiro,superior,temporario,centro_oeste,0
3260,41,2412.57,20535.35,15,16.13,450,1836.4,14,1,10220.34,3272.74,2641.25,217088.27,consumo,nao,divorciado,medio,clt,sudeste,0
3261,42,4402.41,45039.23,29,4.41,557,1823.24,5,4,29510.59,2285.64,-1305.31,159911.72,negocios,nao,viuvo,medio,autonomo,centro_oeste,0
3262,45,3979.69,35548.11,38,5.14,640,495.01,16,4,32732.78,3720.92,5365.67,8256.94,consumo,nao,casado,medio,clt,sudeste,0
3263,60,4549.96,26509.5,10,16.27,646,311.27,13,1,33479.71,8801.39,4326.8,84588.26,outros,nao,casado,superior,autonomo,norte,1
3264,67,6327.13,11911.69,65,27.24,690,2133.43,17,1,18662.64,4025.61,5477.11,200833.14,outros,sim,casado,superior,temporario,centro_oeste,0
3265,48,5797.49,32028.36,21,13.79,713,1805.97,11,1,30432.2,7530.35,145.78,131058.34,casa,nao,casado,superior,clt,sudeste,1
3266,54,3452.37,29423.28,50,15.34,746,585.96,10,1,6429.86,6919.78,4073.34,106666.55,consumo,sim,viuvo,superior,temporario,sudeste,0
3267,60,5046.06,33591.51,66,27.57,627,1757.58,6,0,31114.97,3032.57,3144.08,118136.13,educacao,sim,divorciado,pos,autonomo,sul,0
3268,57,7482.79,38041.18,34,22.7,529,944.37,12,0,26536.71,5429.18,-839.18,66851.62,negocios,nao,casado,superior,autonomo,sudeste,1
3269,25,3303.54,44134.76,46,22.48,595,311.67,10,3,13971.55,7739.52,224.65,85444.91,consumo,nao,divorciado,pos,autonomo,sudeste,0
3270,74,5061.3,45682.07,40,16.11,768,710.73,7,4,8581.46,5696.3,-304.25,43355.67,outros,sim,divorciado,pos,estudante,nordeste,1
3271,27,4452.31,31173.44,56,25.55,746,1933.47,1,0,26587.74,2751.9,-603.64,156312.72,educacao,nao,viuvo,superior,temporario,sudeste,0
3272,41,4686.59,46451.0,8,17.95,786,1086.49,0,2,15070.47,7836.95,3265.21,52020.67,casa,sim,viuvo,fundamental,autonomo,centro_oeste,0
3273,55,1864.82,43969.72,29,19.76,636,1444.08,4,1,34251.54,5227.4,4955.23,93454.26,consumo,nao,casado,medio,clt,sul,0
3274,40,7339.37,2618.95,46,22.9,731,496.78,12,1,29911.01,8830.07,5905.38,203886.23,veiculo,sim,viuvo,pos,estudante,centro_oeste,0
3275,31,3406.17,31511.59,12,13.76,585,394.97,16,2,27665.09,6072.82,-122.78,89290.56,veiculo,nao,casado,fundamental,temporario,nordeste,0
3276,70,6646.93,10620.36,62,26.88,423,735.07,16,0,11682.73,4315.25,3458.98,74156.1,veiculo,nao,viuvo,medio,temporario,nordeste,0
3277,22,3681.52,15931.27,47,27.71,717,1276.29,9,0,24907.81,4205.2,-1189.19,92993.31,consumo,nao,solteiro,pos,estudante,nordeste,0
3278,32,3674.09,16036.26,6,18.09,454,2145.02,15,4,26457.37,7980.9,64.48,54804.24,negocios,sim,divorciado,fundamental,clt,sudeste,1
3279,74,6983.62,24482.4,6,9.33,674,1951.07,0,2,14330.68,8835.05,4809.54,161158.33,consumo,nao,divorciado,superior,estudante,norte,0
3280,59,6588.99,2994.41,16,22.6,819,551.35,15,0,3310.44,3988.0,5543.85,149312.52,veiculo,nao,casado,superior,clt,nordeste,0
3281,22,5175.6,13228.74,49,11.73,430,345.81,17,4,25734.93,1885.66,5771.14,55587.75,educacao,sim,divorciado,medio,temporario,sul,0
3282,61,6170.07,3825.0,40,17.85,713,703.18,7,3,10306.31,838.1,1822.85,92454.95,educacao,sim,solteiro,medio,clt,norte,1
3283,73,4280.6,32100.41,37,6.08,767,2157.4,0,3,4646.67,3240.16,3939.33,117014.66,negocios,nao,solteiro,medio,clt,sul,0
3284,23,4784.94,42962.58,43,23.38,670,1376.77,12,3,1493.9,3406.82,1079.2,190837.5,educacao,nao,casado,fundamental,temporario,centro_oeste,1
3285,41,3609.08,47899.38,38,27.02,695,2052.01,0,2,11454.03,4119.84,3667.82,73784.72,outros,nao,viuvo,superior,temporario,norte,0
3286,44,6427.32,22909.34,28,6.26,780,1037.43,11,3,17848.01,1732.72,-612.91,127211.03,casa,sim,solteiro,medio,temporario,norte,1
3287,25,3551.86,14336.42,6,21.56,730,1549.83,5,1,1343.87,4687.62,-847.49,206797.79,consumo,sim,casado,fundamental,clt,sul,0
3288,29,7473.28,41316.21,7,24.66,435,1559.78,9,3,19719.05,8518.6,5873.73,57430.06,educacao,nao,viuvo,medio,clt,norte,0
3289,27,4231.5,7648.71,51,6.63,729,1634.01,16,4,31338.54,2476.2,629.91,160229.71,negocios,sim,casado,fundamental,autonomo,norte,1
3290,28,4836.92,46827.87,55,9.92,722,1270.75,2,4,20927.33,6320.43,5197.91,144146.17,outros,nao,viuvo,fundamental,estudante,norte,1
3291,41,6165.71,35025.1,21,13.4,511,735.04,0,2,18360.55,822.85,-1622.71,32928.08,outros,sim,solteiro,superior,estudante,nordeste,0
3292,44,4842.96,25429.03,22,24.08,681,1174.08,10,0,8129.29,5972.38,4685.49,216639.31,educacao,sim,divorciado,medio,estudante,nordeste,0
3293,31,4263.77,6897.6,32,15.84,756,2441.44,12,0,15373.71,8468.91,5506.15,172115.38,outros,sim,casado,fundamental,temporario,sul,0
3294,34,4745.96,3327.92,48,7.29,759,811.3,5,2,21019.82,2899.93,-1678.69,94303.69,veiculo,sim,solteiro,medio,clt,sul,1
3295,28,6408.87,27276.21,45,10.15,768,1861.6,2,3,30278.52,7438.0,1236.24,123161.3,consumo,sim,viuvo,pos,estudante,nordeste,0
3296,63,3606.87,21330.2,42,15.22,731,2371.77,12,0,30864.36,1200.82,4504.51,79389.46,outros,nao,casado,superior,autonomo,sudeste,1
3297,30,4572.77,40841.23,8,4.94,468,1493.71,12,2,15817.5,3545.0,-1765.06,57589.99,consumo,nao,solteiro,superior,autonomo,sul,0
3298,69,4818.52,31724.9,34,19.14,613,1315.26,17,2,6428.25,556.97,577.95,197149.86,negocios,nao,casado,medio,estudante,sul,0
3299,48,6356.25,22151.28,55,4.61,513,460.34,15,2,24758.06,3518.43,214.16,128704.11,veiculo,nao,divorciado,pos,autonomo,sudeste,1
3300,63,4620.28,12783.32,44,22.74,448,1927.58,13,2,33269.94,3133.64,-756.97,81277.38,outros,sim,casado,fundamental,estudante,centro_oeste,1
3301,54,8054.94,24359.21,59,21.61,525,2294.66,0,1,33526.61,6388.42,-1113.83,187292.45,consumo,sim,casado,pos,estudante,sul,0
3302,33,4518.23,9916.24,51,24.77,783,2455.19,4,2,34847.84,3003.34,141.98,97309.98,outros,nao,divorciado,superior,autonomo,centro_oeste,0
3303,52,4372.17,32849.08,65,7.79,659,647.85,11,2,8828.19,7496.31,-240.42,40659.57,educacao,nao,divorciado,medio,autonomo,sul,0
3304,33,4492.14,30060.67,43,18.46,725,2314.53,8,4,29292.33,2977.38,5800.35,33559.3,casa,sim,viuvo,pos,estudante,sudeste,1
3305,24,2430.05,39358.25,43,22.74,621,1039.02,0,1,1809.64,2398.22,-1627.6,206983.95,negocios,nao,solteiro,superior,estudante,sudeste,0
3306,32,2933.89,22953.58,42,16.38,562,1616.43,10,4,526.33,4703.48,-789.78,84126.91,educacao,nao,solteiro,pos,estudante,centro_oeste,0
3307,33,3844.8,15178.51,23,7.14,613,698.87,13,4,23581.84,6079.89,4495.73,86998.36,veiculo,nao,viuvo,medio,autonomo,nordeste,0
3308,25,6844.49,40555.99,34,6.37,813,756.26,13,1,4195.86,8054.18,4147.44,118280.31,negocios,nao,viuvo,fundamental,estudante,sul,0
3309,19,4740.37,33940.37,17,18.54,534,1615.98,16,2,13592.59,7414.83,1852.37,126801.0,outros,nao,divorciado,medio,autonomo,nordeste,0
3310,71,3927.64,34655.27,34,15.94,544,1304.81,2,3,435.84,4958.28,1205.15,95075.04,casa,nao,viuvo,superior,temporario,nordeste,0
3311,47,7007.76,26527.85,15,26.31,758,2417.4,17,2,3037.7,8815.48,901.52,205878.89,educacao,sim,divorciado,fundamental,temporario,norte,0
3312,40,7592.12,42357.03,38,24.01,568,793.56,9,3,7302.97,3020.39,5793.16,72826.19,educacao,sim,viuvo,fundamental,autonomo,norte,0
3313,71,7059.69,12864.15,68,21.37,781,2217.05,5,1,19406.35,8995.44,4962.69,24870.64,negocios,nao,casado,fundamental,autonomo,sul,0
3314,30,3264.44,20776.99,35,27.58,809,1248.3,15,4,11617.93,3774.07,241.74,218987.92,negocios,sim,casado,medio,temporario,centro_oeste,0
3315,40,3908.55,38728.58,54,20.67,446,492.17,1,3,19734.99,2730.47,1796.84,48343.38,consumo,sim,divorciado,fundamental,clt,centro_oeste,0
3316,66,8064.72,8549.72,34,6.22,687,734.77,0,0,22714.06,3753.78,4018.43,207828.24,educacao,sim,casado,pos,temporario,sudeste,0
3317,54,5234.05,39268.98,65,5.86,457,1933.22,13,1,117.79,5479.45,4633.57,186056.53,casa,nao,casado,superior,clt,sul,0
3318,40,4318.27,18543.08,19,23.58,771,2097.79,13,3,29669.47,4528.45,-848.53,171062.74,veiculo,sim,casado,fundamental,autonomo,nordeste,0
3319,32,6093.03,8210.42,61,12.66,466,271.79,1,1,2021.09,926.59,5655.34,29230.14,consumo,nao,divorciado,medio,temporario,norte,0
3320,20,6613.14,6101.3,53,26.18,775,1131.27,15,2,30556.91,3526.06,4591.0,7654.06,consumo,sim,divorciado,pos,temporario,nordeste,0
3321,22,3771.39,40857.81,64,6.84,727,1326.48,15,3,34162.1,4680.47,2127.68,37584.18,outros,nao,solteiro,pos,estudante,nordeste,0
3322,27,5194.99,37927.01,14,8.77,634,1606.88,14,1,31623.21,6137.99,2104.81,88369.34,veiculo,sim,casado,medio,temporario,nordeste,1
3323,62,6467.81,15605.88,65,22.56,503,1689.43,7,4,18976.1,8600.93,2155.33,174249.1,consumo,nao,casado,medio,temporario,centro_oeste,0
3324,54,2711.48,7794.48,65,24.34,526,2106.9,16,3,26938.29,8625.18,4563.13,86398.91,educacao,sim,casado,superior,temporario,sul,0
3325,42,4822.22,13749.17,25,24.81,592,814.26,2,2,6043.87,4869.28,2462.3,6881.53,veiculo,nao,divorciado,superior,estudante,centro_oeste,0
3326,62,2794.1,12190.94,47,6.38,758,439.67,14,1,32798.24,5337.27,4537.88,15769.63,negocios,sim,viuvo,medio,estudante,nordeste,0
3327,27,3029.56,35854.03,44,13.16,779,612.65,15,1,816.52,6433.28,4935.59,101320.31,consumo,sim,divorciado,superior,autonomo,sul,0
3328,30,3786.42,12308.12,9,19.51,620,2353.48,9,0,19301.77,7600.28,3679.33,6321.02,veiculo,sim,solteiro,superior,estudante,nordeste,0
3329,40,5658.82,12332.48,40,26.05,513,1448.3,6,0,16141.61,6834.43,-1434.37,166258.27,casa,sim,divorciado,superior,autonomo,norte,0
3330,70,4220.36,3968.2,49,9.74,645,688.3,8,3,27891.34,6624.35,1693.19,53902.23,outros,nao,solteiro,superior,autonomo,norte,0
3331,53,3632.85,29657.12,19,18.41,752,2003.21,0,3,26076.16,4301.84,194.02,107194.39,veiculo,nao,divorciado,medio,clt,sul,1
3332,66,4892.8,33848.57,29,7.44,636,1541.86,0,0,11556.26,7886.07,-1460.88,174317.45,educacao,sim,solteiro,fundamental,estudante,norte,0
3333,32,2735.47,32233.82,44,21.93,776,1032.2,6,2,5723.5,6131.65,3259.02,121539.47,educacao,sim,casado,superior,temporario,centro_oeste,0
3334,66,5571.85,28371.26,67,7.06,423,222.46,0,1,27799.57,1853.19,2200.1,194240.8,casa,nao,divorciado,fundamental,temporario,nordeste,0
3335,22,6836.5,46456.41,9,28.0,620,1996.06,11,3,34211.71,5586.2,-1323.34,186341.48,consumo,sim,solteiro,superior,estudante,centro_oeste,0
3336,30,4657.43,24009.6,67,6.21,438,1844.46,11,2,3425.45,3139.75,3050.04,38119.37,outros,nao,divorciado,pos,autonomo,sul,0
3337,47,4435.23,41636.21,59,20.45,664,788.09,15,3,25651.05,2226.07,-317.57,4940.49,consumo,sim,casado,pos,clt,norte,1
3338,20,5472.19,31893.45,61,22.65,666,796.24,4,3,18049.05,6015.22,5510.6,190136.14,educacao,sim,solteiro,pos,temporario,nordeste,0
3339,66,1200.0,6329.37,9,10.19,544,809.85,14,0,10919.52,5959.13,3637.61,144268.93,veiculo,nao,casado,superior,clt,sudeste,1
3340,67,5766.27,39359.02,43,10.12,737,1735.37,5,3,505.65,8615.1,-1770.74,202167.29,outros,sim,casado,superior,temporario,centro_oeste,0
3341,48,10383.39,29089.68,30,18.31,800,862.49,9,4,25342.35,8797.88,4996.98,18300.84,educacao,nao,divorciado,pos,clt,sul,0
3342,35,4579.18,32235.42,66,19.13,602,900.04,14,4,4621.06,3974.7,-1292.47,217125.84,outros,nao,solteiro,pos,estudante,sul,0
3343,23,4585.57,10700.35,54,21.29,593,1053.76,6,3,29778.55,2017.41,-1709.5,216579.46,negocios,sim,viuvo,pos,clt,sul,0
3344,53,6138.49,22405.8,48,17.93,496,2454.07,2,2,9260.67,1693.89,1282.76,58990.01,educacao,sim,divorciado,fundamental,autonomo,centro_oeste,0
3345,48,7761.6,42566.5,7,8.19,431,1247.43,14,2,20732.04,8781.2,-585.53,12912.56,consumo,sim,viuvo,medio,temporario,centro_oeste,1
3346,61,6554.94,12302.12,63,26.18,582,1055.51,5,0,9948.45,3865.04,4579.5,81850.78,consumo,nao,viuvo,pos,estudante,sudeste,0
3347,52,1200.0,2505.68,38,8.0,596,1270.45,3,3,24579.09,3413.65,5568.52,95542.96,educacao,nao,viuvo,superior,estudante,sul,0
3348,25,5814.12,14216.65,16,17.57,727,1848.55,12,0,4100.27,5779.75,4310.64,59152.2,educacao,sim,solteiro,medio,clt,sudeste,0
3349,24,9429.47,24683.18,63,26.08,764,2230.16,9,1,12005.65,987.17,1072.0,11901.17,veiculo,sim,casado,superior,estudante,norte,0
3350,62,5920.39,39868.15,65,25.91,463,2478.66,0,2,17813.57,5997.44,478.64,190701.44,outros,sim,viuvo,pos,autonomo,sul,0
3351,27,2721.72,31769.74,38,8.03,481,1307.67,16,2,20491.0,7943.88,872.57,46494.52,educacao,nao,casado,pos,autonomo,sudeste,0
3352,71,5307.29,44317.39,49,9.73,644,1247.53,9,1,20285.22,6656.29,-1124.7,192102.5,outros,nao,casado,medio,temporario,centro_oeste,0
3353,24,2494.76,23228.18,46,18.44,570,946.32,4,3,2778.86,4048.35,5248.08,56903.79,consumo,sim,casado,superior,estudante,norte,0
3354,59,7019.05,20282.09,26,12.09,700,1987.49,1,4,1182.17,1487.21,103.57,186976.96,casa,nao,divorciado,pos,temporario,nordeste,0
3355,73,3079.41,13029.53,55,21.54,548,1700.96,12,4,8301.71,2550.56,151.41,62212.29,veiculo,nao,solteiro,superior,autonomo,sul,0
3356,43,4933.64,12421.84,71,16.54,586,1023.01,13,2,1319.72,2756.11,3783.84,22171.48,outros,nao,casado,pos,clt,nordeste,1
3357,21,3256.0,35993.0,67,10.39,597,1383.02,13,2,7721.12,3771.84,3018.27,180997.29,casa,nao,divorciado,medio,estudante,sudeste,1
3358,67,3816.39,6156.34,51,13.86,660,657.5,11,2,2074.06,1633.45,5679.02,61061.4,veiculo,nao,divorciado,pos,autonomo,centro_oeste,0
3359,28,7475.07,13543.47,29,20.59,447,1790.07,15,4,18457.11,5393.06,5853.93,67944.06,outros,sim,divorciado,fundamental,estudante,norte,0
3360,48,4986.22,42808.23,65,22.84,773,764.93,10,4,3659.22,3613.65,1454.8,89729.41,consumo,nao,divorciado,fundamental,autonomo,norte,0
3361,74,3793.44,28749.9,67,12.87,555,990.95,4,0,14533.49,4719.15,5383.22,133277.55,negocios,sim,solteiro,fundamental,clt,nordeste,0
3362,60,2738.59,4619.74,6,6.52,505,338.04,3,3,26934.67,2923.66,5650.05,139951.16,veiculo,sim,divorciado,pos,estudante,norte,1
3363,20,1430.94,34543.6,28,12.48,676,690.1,6,0,27033.8,4357.84,4877.75,16674.14,outros,nao,divorciado,fundamental,clt,centro_oeste,0
3364,64,2547.69,25554.05,42,19.13,474,632.13,13,3,19676.51,6557.52,5473.67,209684.0,educacao,sim,solteiro,medio,estudante,norte,0
3365,27,5001.53,41380.74,44,22.24,656,1885.91,0,1,1077.34,1249.9,2879.94,11450.5,outros,nao,casado,medio,clt,sul,0
3366,60,6564.42,33550.74,53,25.11,444,1791.17,5,2,18784.4,4835.8,-908.26,183892.7,casa,sim,casado,medio,autonomo,centro_oeste,0
3367,53,3791.37,2702.32,39,27.09,525,1428.49,7,3,8843.1,5755.79,4904.68,157396.49,educacao,nao,solteiro,fundamental,clt,sudeste,0
3368,34,7626.98,11861.13,6,16.7,710,1077.97,10,1,19894.23,6175.25,598.88,63688.28,casa,nao,viuvo,superior,estudante,centro_oeste,0
3369,42,3508.5,14237.35,16,25.12,568,2243.44,2,0,31794.39,8343.73,5416.08,131371.06,casa,nao,divorciado,superior,clt,nordeste,0
3370,24,4371.58,34451.57,56,10.29,780,2231.07,1,2,20960.39,7139.53,2250.07,120915.27,veiculo,sim,casado,medio,temporario,sudeste,0
3371,74,2856.76,25673.8,51,17.43,562,1578.58,16,4,32920.47,6781.46,2019.76,146726.05,outros,sim,viuvo,superior,estudante,centro_oeste,0
3372,31,6583.37,36508.86,48,16.95,696,1706.44,1,0,7301.43,7878.0,4684.23,162292.82,consumo,nao,viuvo,superior,autonomo,nordeste,0
3373,35,8575.52,25835.46,35,22.45,431,2027.77,1,1,9391.3,8272.6,1228.48,113267.45,educacao,nao,solteiro,fundamental,clt,nordeste,0
3374,46,1628.73,17396.0,24,22.55,810,1856.84,3,2,5205.9,7634.47,-971.48,157565.62,outros,sim,casado,pos,estudante,centro_oeste,1
3375,56,4176.91,7216.56,26,10.85,666,701.77,6,1,2741.63,5718.96,4313.16,43581.31,casa,sim,viuvo,medio,temporario,norte,0
3376,46,7076.6,11719.31,51,25.26,703,1347.8,3,4,367.53,7666.33,466.74,152364.89,negocios,sim,divorciado,pos,estudante,sul,0
3377,46,2195.5,20735.49,39,25.4,550,532.38,14,2,32477.7,3274.5,4798.09,94104.44,educacao,sim,casado,fundamental,autonomo,sudeste,0
3378,51,5820.03,27591.17,14,26.76,535,2057.76,2,2,15810.64,8591.8,5343.35,207029.62,casa,sim,divorciado,medio,autonomo,sul,1
3379,66,6998.65,45208.0,32,14.98,594,1696.3,2,0,32859.99,1974.43,1256.92,188217.03,negocios,nao,viuvo,pos,autonomo,sul,0
3380,40,4940.81,13407.27,60,27.7,522,2451.49,2,0,30240.07,2448.33,3429.22,290.9,casa,nao,solteiro,medio,clt,centro_oeste,1
3381,65,5790.47,32806.86,45,22.84,428,496.7,11,0,26036.9,1847.47,-1662.68,167322.2,educacao,nao,solteiro,pos,temporario,norte,1
3382,62,7969.62,9440.84,63,19.68,686,1363.54,15,0,32124.53,7104.61,4393.35,132548.44,outros,nao,casado,medio,estudante,norte,0
3383,72,8307.17,34975.77,39,14.37,706,1859.7,2,2,9240.35,4193.21,1783.06,157134.92,consumo,sim,solteiro,superior,temporario,sudeste,0
3384,70,4688.46,3016.01,38,24.22,690,2192.23,9,4,29973.18,6773.26,262.0,56827.74,consumo,sim,casado,superior,temporario,sudeste,0
3385,63,3841.72,32344.36,68,22.34,641,2159.88,6,3,23799.29,4835.55,5027.19,175720.43,veiculo,nao,solteiro,fundamental,temporario,centro_oeste,0
3386,32,3144.04,9926.4,39,18.05,629,648.64,11,1,20983.94,3927.84,1392.49,30944.16,casa,nao,solteiro,pos,clt,sudeste,0
3387,62,6558.54,10704.76,14,27.93,814,2458.98,11,0,21653.29,8119.2,4622.62,197745.38,outros,sim,divorciado,medio,estudante,centro_oeste,0
3388,59,2330.8,27930.3,32,9.99,630,2456.72,5,2,31715.52,4173.23,1480.4,95575.55,veiculo,sim,casado,medio,clt,sul,0
3389,34,4345.37,19581.23,48,19.4,702,2428.22,10,3,32512.1,5756.4,5606.14,23394.16,veiculo,nao,divorciado,fundamental,autonomo,centro_oeste,1
3390,56,4984.84,23944.38,28,11.71,586,1603.58,0,3,6193.72,7798.08,3429.13,154151.57,outros,nao,casado,medio,temporario,sudeste,0
3391,32,3894.6,16554.44,33,14.99,433,2110.09,8,2,2826.78,2307.07,3404.13,85094.04,casa,nao,divorciado,pos,clt,norte,0
3392,47,5303.68,45882.75,63,12.13,559,356.4,17,1,9542.48,3923.15,-834.6,55990.11,casa,sim,divorciado,superior,temporario,centro_oeste,0
3393,63,9416.12,15724.85,34,12.03,708,772.67,16,2,28356.34,1731.69,4030.61,147187.96,educacao,sim,solteiro,superior,clt,sul,0
3394,28,4581.12,27163.16,26,13.04,673,393.43,0,3,3397.16,5112.85,2257.86,73365.78,veiculo,sim,divorciado,medio,clt,nordeste,0
3395,37,4016.27,41373.18,13,5.36,697,1352.9,1,4,23161.63,7211.33,3803.18,47726.84,outros,sim,divorciado,fundamental,estudante,centro_oeste,0
3396,63,6627.6,32720.23,32,4.96,719,2418.17,14,0,13972.44,967.77,4966.21,132625.86,outros,sim,divorciado,fundamental,temporario,nordeste,0
3397,43,5231.25,17186.35,56,21.4,507,1686.08,3,3,31931.44,1012.81,3684.73,77087.17,outros,nao,divorciado,superior,estudante,sul,0
3398,72,7390.8,27635.87,25,11.46,745,1250.1,11,3,28700.68,6800.13,2093.26,11617.67,negocios,nao,solteiro,fundamental,clt,sul,1
3399,18,5096.44,6276.1,37,4.51,705,2019.38,9,1,17772.8,6531.53,4846.05,49920.62,negocios,nao,viuvo,fundamental,estudante,norte,0
3400,59,4352.84,27328.73,49,5.96,543,1456.78,7,0,13323.34,3918.65,3957.67,99187.59,outros,nao,casado,superior,autonomo,sul,0
3401,64,1589.3,22128.2,67,8.7,621,1241.74,5,1,29211.39,3565.89,4165.09,126377.06,educacao,nao,solteiro,medio,estudante,sudeste,0
3402,70,1884.48,36985.98,59,5.16,763,1640.04,13,1,8552.12,2897.28,5309.84,107037.49,veiculo,sim,viuvo,medio,autonomo,sul,0
3403,26,1495.74,41079.58,24,26.71,486,1367.38,4,0,19017.4,1024.97,-722.69,202130.08,educacao,nao,divorciado,superior,estudante,centro_oeste,0
3404,74,5482.81,11582.55,16,17.64,541,1668.38,13,1,32608.24,4865.17,2092.42,75156.27,outros,nao,viuvo,superior,estudante,sudeste,0
3405,40,2347.95,6209.88,50,13.46,496,2042.12,4,0,21129.46,5736.64,-833.46,190804.05,consumo,sim,casado,medio,temporario,sudeste,0
3406,38,7060.04,20270.34,22,16.79,541,1252.81,15,4,32553.02,7855.59,4047.09,105307.75,outros,nao,viuvo,pos,autonomo,norte,0
3407,38,4854.44,26803.84,31,6.71,501,1142.85,12,0,15470.33,5105.82,1569.55,149892.84,consumo,sim,viuvo,pos,estudante,centro_oeste,0
3408,54,4360.46,19644.49,12,20.84,742,1476.1,9,2,22025.4,1791.63,3818.62,118838.9,consumo,sim,divorciado,medio,autonomo,centro_oeste,0
3409,55,3281.06,31099.53,57,27.27,816,2279.03,1,1,32913.85,3119.51,-850.3,23939.1,negocios,sim,casado,pos,clt,nordeste,0
3410,45,5920.07,25507.13,16,7.14,807,1161.32,3,4,25804.71,7172.7,3037.54,92945.75,outros,sim,divorciado,superior,estudante,centro_oeste,0
3411,22,3351.9,45116.48,31,7.66,563,2146.78,11,2,31695.89,5754.62,-919.92,148544.5,outros,sim,divorciado,superior,clt,nordeste,0
3412,74,3026.32,21127.3,32,19.09,792,1611.82,10,2,29121.46,7054.45,954.61,60722.21,casa,sim,divorciado,medio,clt,centro_oeste,0
3413,30,6939.03,6253.48,8,7.65,452,208.76,1,1,2723.09,4014.63,2378.34,72652.37,consumo,nao,casado,superior,clt,sudeste,0
3414,23,5438.32,16238.04,57,7.03,464,1284.79,1,4,9046.36,1073.9,3594.52,154250.56,consumo,nao,divorciado,pos,temporario,sul,0
3415,52,4377.13,30068.17,46,20.09,550,668.44,10,3,25951.89,8083.08,2108.44,161406.93,veiculo,nao,divorciado,fundamental,clt,sudeste,0
3416,41,5954.58,14149.14,41,18.85,535,528.85,6,2,31151.42,3468.34,3899.77,117978.75,consumo,nao,solteiro,pos,clt,nordeste,0
3417,53,4816.08,14738.97,17,9.23,787,723.9,8,1,28080.83,1208.76,-443.83,161993.61,casa,nao,divorciado,fundamental,estudante,centro_oeste,0
3418,67,5489.42,17950.55,9,23.76,723,1832.81,10,2,10960.56,5488.55,3207.2,185230.94,negocios,sim,solteiro,superior,clt,centro_oeste,0
3419,23,3329.67,36449.45,9,6.53,721,1635.53,15,1,21736.56,6823.68,1208.99,111947.03,outros,sim,viuvo,superior,temporario,norte,0
3420,34,8526.72,45276.06,47,11.98,742,1425.5,4,3,23148.66,4563.03,-597.07,153018.13,negocios,sim,casado,medio,autonomo,sudeste,0
3421,47,3756.68,18442.14,55,21.73,710,1329.02,12,1,15305.96,5717.83,4856.49,2697.34,veiculo,sim,divorciado,superior,autonomo,nordeste,1
3422,62,7600.83,11394.71,58,18.73,621,1082.89,15,1,20569.44,4046.69,5811.98,6438.14,outros,sim,divorciado,pos,estudante,sudeste,0
3423,52,4460.04,21638.98,58,18.4,443,2236.84,16,2,34509.87,7416.29,68.83,132595.67,veiculo,nao,viuvo,pos,autonomo,norte,0
3424,39,6252.77,18508.71,31,20.47,426,2343.29,17,4,19063.99,7161.59,-571.2,139858.68,casa,sim,casado,medio,clt,norte,0
3425,52,6121.6,47546.13,6,19.52,810,1953.5,0,2,6802.58,6619.75,4162.87,64631.89,consumo,sim,viuvo,medio,autonomo,nordeste,0
3426,73,6864.33,23606.01,22,24.98,620,848.68,1,4,17643.68,668.97,5926.88,135887.35,consumo,sim,solteiro,superior,autonomo,centro_oeste,0
3427,45,3286.88,33407.39,57,17.65,801,2300.16,15,2,6151.29,4889.02,1464.9,22380.24,negocios,nao,solteiro,fundamental,estudante,nordeste,0
3428,68,6736.14,44077.36,56,13.63,432,2080.39,3,0,24087.28,7175.44,4369.15,169259.82,casa,sim,solteiro,pos,temporario,nordeste,0
3429,62,8123.59,31122.3,39,22.39,674,467.74,5,2,31566.58,2581.42,-652.22,77674.64,consumo,nao,solteiro,fundamental,clt,sudeste,0
3430,35,4334.35,13846.72,7,10.22,532,972.69,8,4,23655.35,2703.21,-21.13,125712.2,negocios,sim,viuvo,superior,estudante,centro_oeste,0
3431,32,4862.47,30137.16,57,22.23,565,940.05,11,4,30717.12,8186.11,-700.88,215430.78,consumo,nao,solteiro,medio,estudante,sul,0
3432,61,3857.8,20785.37,59,10.72,682,1873.71,0,0,25469.15,7654.58,3395.81,113641.25,negocios,sim,divorciado,medio,autonomo,sul,0
3433,29,4176.41,21716.92,20,15.53,618,1395.44,11,1,15310.99,8899.14,2782.51,115866.98,outros,nao,divorciado,fundamental,autonomo,nordeste,0
3434,37,7880.56,47059.27,59,21.74,473,799.17,1,3,18836.86,4728.08,3362.77,22693.41,outros,nao,casado,fundamental,autonomo,nordeste,0
3435,31,2992.38,15175.89,48,19.06,819,715.44,6,2,18639.6,1556.01,-482.63,9757.12,consumo,nao,solteiro,superior,temporario,centro_oeste,1
3436,52,3104.19,23836.55,64,6.06,704,1241.41,16,4,13737.28,570.15,-1166.36,202981.27,outros,sim,solteiro,pos,autonomo,sul,1
3437,34,7699.62,9773.95,47,14.72,564,1725.02,2,2,3252.26,6502.13,2364.95,190621.38,casa,sim,casado,fundamental,autonomo,norte,0
3438,55,5924.19,10623.76,11,23.48,668,1360.24,0,1,24563.55,7441.72,2332.47,178294.37,consumo,nao,divorciado,fundamental,autonomo,norte,0
3439,71,8616.67,29958.54,48,27.92,480,785.6,8,1,1650.66,4140.43,1488.41,218729.69,educacao,nao,divorciado,fundamental,estudante,centro_oeste,0
3440,65,3989.21,36671.21,13,15.2,591,1618.37,4,0,7141.67,4119.27,3527.1,21296.15,educacao,nao,divorciado,fundamental,clt,centro_oeste,0
3441,72,5027.31,31458.92,23,6.06,589,2497.48,4,1,15885.66,7642.3,1466.4,168462.1,casa,nao,casado,medio,clt,nordeste,0
3442,19,3610.78,17482.42,63,12.79,568,589.87,7,3,34547.98,2081.41,4880.55,24604.96,consumo,nao,solteiro,fundamental,clt,norte,0
3443,43,5057.94,5212.63,69,15.76,613,1405.89,3,1,10740.27,1039.25,4266.05,139649.69,casa,nao,viuvo,medio,clt,nordeste,0
3444,30,1606.63,23897.01,37,5.76,785,1051.52,0,2,27814.67,8708.41,819.02,157947.11,consumo,nao,casado,superior,temporario,nordeste,1
3445,70,6032.92,25444.27,25,24.74,422,686.72,16,0,14681.47,5110.36,5174.88,152575.19,veiculo,nao,divorciado,medio,autonomo,nordeste,1
3446,58,5382.25,37564.65,31,16.93,641,2211.14,14,2,7754.44,7065.19,2037.94,58274.36,educacao,sim,viuvo,pos,autonomo,sudeste,0
3447,36,4696.4,31633.18,21,13.99,796,2402.03,7,4,930.37,8615.32,1822.35,194330.39,negocios,sim,viuvo,superior,estudante,norte,0
3448,50,4097.34,42142.27,43,13.53,775,992.45,14,3,3095.67,7388.57,3823.74,124529.94,veiculo,nao,viuvo,fundamental,estudante,centro_oeste,0
3449,52,3189.44,38125.72,33,4.68,779,985.71,17,3,14585.71,4474.67,5659.05,200968.61,veiculo,nao,viuvo,medio,estudante,sudeste,0
3450,46,6109.88,19147.44,9,16.45,584,392.89,7,1,14006.46,6009.01,-1540.25,97822.31,outros,nao,casado,superior,temporario,sudeste,0
3451,45,2692.04,31266.07,46,15.41,646,1613.19,2,1,21922.48,5874.09,-433.17,75452.32,educacao,sim,divorciado,medio,estudante,centro_oeste,1
3452,21,5721.41,36501.54,48,12.3,657,241.59,3,0,2177.66,8367.0,4481.24,197692.69,casa,nao,casado,superior,clt,nordeste,0
3453,43,8534.01,46038.06,50,19.81,755,1331.21,17,4,9937.66,1699.17,1645.79,179459.05,consumo,nao,casado,superior,autonomo,sul,0
3454,37,7473.94,21717.02,68,13.86,801,534.53,16,4,819.84,6413.56,4897.69,18939.51,outros,sim,viuvo,superior,temporario,nordeste,0
3455,64,2090.77,31996.83,52,17.72,521,1739.78,12,1,30516.92,7833.99,941.42,96510.54,casa,nao,viuvo,fundamental,estudante,sudeste,0
3456,67,3833.87,20366.2,50,25.24,469,2335.07,12,3,13914.05,3552.2,5809.08,16660.97,veiculo,nao,divorciado,superior,temporario,sul,0
3457,60,5558.61,36071.18,19,12.73,525,385.98,5,1,20450.0,6520.53,-115.51,191441.53,veiculo,sim,solteiro,fundamental,temporario,sudeste,0
3458,19,4673.49,43995.69,36,13.55,525,1984.36,9,3,24869.51,2623.69,5601.5,105237.35,outros,sim,casado,superior,clt,centro_oeste,1
3459,65,2281.07,44324.78,34,24.78,540,2106.92,6,0,9378.92,1248.28,4359.9,57535.86,veiculo,sim,solteiro,superior,estudante,centro_oeste,0
3460,40,5493.57,9647.48,69,12.59,786,588.8,7,1,4723.21,715.95,5798.01,15455.63,negocios,sim,viuvo,pos,estudante,norte,0
3461,41,4781.97,11786.4,37,14.54,506,2320.53,13,1,20309.49,5004.39,-538.21,64469.52,outros,nao,viuvo,pos,autonomo,norte,0
3462,71,8245.79,36849.29,51,23.22,588,1620.53,9,4,31617.53,939.18,955.52,80242.77,negocios,sim,divorciado,fundamental,estudante,norte,0
3463,67,4344.19,31210.95,41,18.2,563,1421.05,7,2,31240.29,5535.63,-258.71,213489.1,consumo,nao,solteiro,pos,clt,norte,0
3464,20,6902.41,43682.38,9,26.41,528,1737.68,4,1,10788.39,3691.96,4672.12,217825.25,consumo,sim,divorciado,fundamental,estudante,nordeste,0
3465,38,2519.24,16777.93,67,15.3,498,848.41,11,0,9315.61,558.38,292.85,101831.75,casa,nao,viuvo,fundamental,temporario,nordeste,0
3466,60,2949.58,41084.95,50,15.5,818,238.95,8,0,12374.5,2425.05,2301.24,201036.02,consumo,nao,divorciado,pos,temporario,sudeste,1
3467,48,6098.99,33611.8,21,5.03,670,1205.56,0,1,8583.64,6776.46,-292.59,175723.35,negocios,nao,solteiro,pos,temporario,nordeste,0
3468,32,6750.72,11393.26,9,8.74,460,1904.56,12,1,33757.97,3719.77,3717.78,169286.68,negocios,nao,solteiro,fundamental,estudante,sul,0
3469,47,3076.69,8255.49,67,16.96,681,2311.27,6,0,1213.35,6667.22,3995.54,59138.72,educacao,nao,divorciado,medio,autonomo,sul,0
3470,67,4843.34,34473.92,26,8.49,664,1177.84,7,3,6696.41,7427.27,-902.02,163354.52,veiculo,nao,divorciado,pos,clt,nordeste,0
3471,30,2313.16,9710.0,7,14.89,563,791.66,17,1,990.46,7274.02,3549.89,218038.66,negocios,nao,casado,superior,temporario,sudeste,0
3472,60,4473.8,38641.97,46,10.8,735,484.61,12,1,29889.32,6200.14,-509.23,184783.72,casa,nao,casado,medio,estudante,nordeste,0
3473,59,6306.46,27847.82,7,4.5,740,2350.35,1,2,16502.75,6846.01,5642.88,119271.33,casa,sim,viuvo,pos,estudante,sul,0
3474,68,4017.07,24197.45,20,15.4,734,715.79,13,1,7981.82,5343.26,5063.41,201.75,outros,nao,solteiro,medio,estudante,centro_oeste,1
3475,34,4351.74,15036.57,64,19.51,675,2293.69,5,3,13838.79,4450.46,-227.79,82885.01,educacao,sim,divorciado,medio,clt,nordeste,0
3476,30,2766.37,47264.97,8,12.12,596,606.31,13,2,3712.94,1024.54,852.38,143902.2,outros,sim,solteiro,medio,clt,norte,0
3477,49,3632.95,35358.6,55,22.64,502,222.07,6,4,3768.43,8788.39,2847.06,30477.45,consumo,sim,viuvo,pos,clt,nordeste,0
3478,48,7964.6,37901.9,46,7.51,437,700.19,10,3,33140.99,7642.07,4493.24,89249.14,outros,sim,viuvo,medio,temporario,centro_oeste,0
3479,41,4931.26,37476.35,26,6.19,787,1323.27,12,1,24362.67,6211.37,5557.63,156268.98,casa,nao,solteiro,superior,autonomo,centro_oeste,1
3480,62,2995.85,29072.71,24,26.44,756,989.0,3,0,22354.23,5974.81,1468.39,196098.8,negocios,sim,viuvo,pos,clt,nordeste,0
3481,63,4233.41,45256.3,37,26.12,500,2285.91,2,0,16546.5,5402.88,2012.95,154316.91,veiculo,sim,divorciado,fundamental,autonomo,norte,0
3482,32,1924.63,29063.88,41,13.76,741,1444.6,12,3,17143.67,1302.57,-578.84,134334.37,negocios,sim,solteiro,superior,temporario,centro_oeste,0
3483,63,2974.51,26162.07,64,14.08,439,453.23,1,0,27021.56,3214.93,925.76,49702.87,veiculo,nao,casado,pos,clt,nordeste,1
3484,31,7248.61,14953.83,23,24.42,514,1630.77,14,1,1833.69,3386.75,5937.31,147618.37,outros,nao,divorciado,medio,estudante,sudeste,0
3485,41,4543.53,15318.98,44,16.73,480,1082.36,7,0,23360.46,7246.48,5512.09,184463.85,consumo,sim,solteiro,fundamental,autonomo,centro_oeste,0
3486,19,8203.31,36028.22,51,6.81,556,1755.14,1,1,19267.59,5642.15,1427.61,96332.23,negocios,sim,divorciado,pos,clt,centro_oeste,0
3487,37,4628.37,17731.92,6,6.76,547,2003.93,13,4,10734.49,3884.25,-58.16,195594.16,outros,sim,casado,medio,autonomo,norte,1
3488,72,4735.24,35656.34,65,7.15,625,2466.48,16,0,7548.51,3288.75,2669.01,74531.37,educacao,nao,casado,superior,autonomo,nordeste,0
3489,43,5953.61,45848.16,71,22.74,603,1517.82,1,4,30161.44,7757.95,1501.6,139181.01,casa,sim,solteiro,medio,estudante,centro_oeste,1
3490,58,1200.0,22488.49,11,18.45,465,1030.86,16,4,32604.51,7177.9,4070.18,185067.53,consumo,sim,solteiro,superior,clt,centro_oeste,1
3491,24,5168.89,6928.32,23,11.19,479,1185.95,7,4,3353.75,7411.34,3113.28,195309.57,educacao,sim,viuvo,medio,autonomo,nordeste,0
3492,54,4711.82,32827.86,57,7.89,748,1114.08,12,3,5944.03,3860.99,3354.02,103042.43,educacao,nao,viuvo,medio,temporario,nordeste,0
3493,39,7474.87,2933.3,59,6.96,639,1225.25,4,0,23348.83,4573.55,1119.68,101344.54,consumo,sim,viuvo,fundamental,estudante,sul,1
3494,60,6536.42,38308.66,16,21.79,788,249.74,1,0,27090.47,5372.86,3013.71,207987.45,veiculo,nao,divorciado,pos,clt,sudeste,0
3495,70,2759.35,26417.22,66,25.26,472,753.8,17,4,17196.89,2130.42,3578.89,102613.62,casa,sim,viuvo,medio,clt,sul,0
3496,48,7035.85,24782.82,27,16.75,543,2471.61,11,1,32441.24,3579.38,3254.42,744.94,negocios,nao,divorciado,fundamental,estudante,sul,1
3497,23,4327.83,28409.62,25,22.55,483,2332.99,4,2,30556.11,4674.57,3624.93,106637.36,negocios,sim,divorciado,fundamental,estudante,nordeste,0
3498,45,3171.98,25996.59,29,10.8,789,292.03,6,0,4418.89,6198.19,5143.51,132930.8,outros,sim,viuvo,pos,autonomo,sudeste,0
3499,25,5154.79,17231.87,50,18.06,483,2452.63,13,0,4985.63,4320.75,291.82,163618.91,educacao,sim,viuvo,superior,autonomo,norte,0
3500,43,4435.02,15308.66,19,14.51,740,2017.33,5,2,3006.36,1814.14,-581.13,17413.43,educacao,sim,viuvo,superior,clt,nordeste,0
3501,21,7569.24,21396.03,41,6.1,496,186.37,12,2,30639.73,4113.41,-1529.69,126569.8,educacao,sim,viuvo,superior,estudante,sul,0
3502,54,5413.12,43218.37,10,15.7,711,2299.24,0,3,19517.06,5016.64,3660.49,134438.31,negocios,nao,solteiro,pos,estudante,sul,0
3503,35,5170.19,8659.36,15,24.32,602,2408.06,17,4,32948.74,6031.58,816.2,149532.18,educacao,sim,viuvo,superior,temporario,sudeste,1
3504,29,6421.16,17276.79,56,5.24,807,1638.72,13,0,25523.19,7757.35,2145.99,59911.96,casa,nao,casado,pos,temporario,norte,0
3505,18,6767.17,11249.67,31,15.45,447,2008.92,6,4,25620.01,2476.23,-1228.01,168656.71,educacao,nao,divorciado,superior,temporario,nordeste,0
3506,68,6210.49,21934.73,58,24.96,549,951.47,10,4,4380.25,5257.69,5430.06,173682.65,negocios,sim,divorciado,fundamental,autonomo,norte,0
3507,65,7355.03,8574.18,54,22.96,709,1507.79,3,2,3833.24,4047.68,2790.24,30182.76,negocios,nao,casado,medio,autonomo,nordeste,0
3508,64,5895.63,37116.2,71,15.84,786,1877.2,8,1,32583.49,6339.07,-827.42,169870.02,consumo,nao,divorciado,medio,estudante,nordeste,0
3509,21,5101.77,7207.77,15,8.11,635,1482.13,6,0,16891.04,7931.29,1369.39,135595.39,outros,nao,divorciado,pos,autonomo,sul,0
3510,37,7030.51,32769.43,67,24.36,459,886.68,6,1,34787.45,4555.29,640.41,96046.8,consumo,sim,viuvo,superior,estudante,centro_oeste,0
3511,73,4636.39,14680.82,64,7.68,671,1686.14,14,3,11306.21,7675.48,4960.1,171410.5,negocios,nao,viuvo,fundamental,autonomo,sudeste,0
3512,50,4859.84,23984.64,34,10.64,611,2125.13,7,0,21749.57,517.18,5034.41,28039.26,casa,sim,casado,fundamental,estudante,norte,0
3513,25,7898.84,11599.45,14,6.98,729,2119.54,0,4,20048.28,8253.91,4365.68,78610.42,outros,sim,solteiro,medio,autonomo,norte,0
3514,26,7719.46,35725.18,14,15.02,640,486.64,8,0,2382.73,7202.16,1227.56,196428.23,casa,nao,viuvo,superior,autonomo,sul,0
3515,32,4785.28,45646.56,39,19.1,779,1213.38,0,3,18159.94,1637.62,5556.76,31508.79,veiculo,nao,viuvo,medio,clt,norte,0
3516,73,3983.61,12589.41,6,23.85,469,269.87,8,4,32353.38,6240.07,347.24,204135.24,consumo,sim,casado,medio,autonomo,sudeste,1
3517,27,7433.71,45868.47,12,15.07,669,1648.02,12,1,15885.45,4870.96,3359.85,138425.76,veiculo,sim,casado,superior,temporario,norte,0
3518,69,6240.75,17299.96,41,27.3,714,741.82,1,2,16542.02,8750.96,2283.03,1476.03,negocios,sim,casado,pos,temporario,nordeste,0
3519,56,5368.05,27882.05,43,18.3,582,2338.42,1,2,24529.66,3086.96,1613.89,34217.21,consumo,nao,casado,pos,temporario,sudeste,0
3520,70,4220.63,34422.34,62,18.51,610,1614.35,6,3,27324.81,5676.56,-329.88,11480.02,casa,sim,casado,fundamental,temporario,nordeste,1
3521,65,5397.05,11566.72,70,8.21,698,1109.43,8,0,28978.63,4944.3,71.37,169867.19,educacao,sim,casado,pos,autonomo,norte,1
3522,36,4760.92,22736.76,23,8.56,602,1876.99,1,1,15818.85,2379.59,4609.77,55933.73,casa,sim,casado,fundamental,autonomo,centro_oeste,0
3523,65,3604.19,5586.15,27,17.84,577,661.15,5,0,15540.48,7416.2,3415.97,125336.46,consumo,sim,solteiro,fundamental,clt,nordeste,0
3524,27,5032.28,34215.95,19,21.3,652,392.12,13,1,16567.47,6815.69,5463.27,187148.01,consumo,sim,divorciado,medio,clt,sudeste,0
3525,34,5277.76,21456.03,20,8.91,741,382.73,10,3,33914.58,5125.14,3514.03,198471.26,educacao,sim,casado,medio,temporario,centro_oeste,0
3526,30,4124.29,43069.83,34,15.62,473,1532.11,9,2,32521.4,8524.42,-1325.95,185008.72,educacao,sim,solteiro,fundamental,autonomo,sudeste,0
3527,25,6426.89,14966.63,71,12.55,769,2242.18,1,2,21796.21,8376.65,-892.92,110608.49,negocios,sim,divorciado,superior,clt,sudeste,0
3528,23,7119.9,44523.86,64,14.53,500,696.8,14,2,9951.53,7452.92,3843.37,31373.2,veiculo,sim,casado,pos,estudante,centro_oeste,0
3529,28,6545.82,8917.31,66,9.33,459,1943.31,10,0,31514.56,1795.24,157.21,76453.18,outros,sim,solteiro,superior,autonomo,centro_oeste,0
3530,24,4302.75,30116.97,35,7.38,492,267.29,7,0,5982.54,8100.31,139.61,73674.55,veiculo,sim,divorciado,fundamental,autonomo,sul,1
3531,39,6160.48,16505.27,49,11.69,450,999.75,11,1,3736.27,3099.39,1369.33,217939.2,casa,sim,divorciado,pos,autonomo,nordeste,0
3532,22,4940.33,10771.06,53,24.85,800,1696.62,2,0,14509.79,5345.66,4012.92,177508.1,outros,sim,solteiro,superior,autonomo,sul,0
3533,21,2575.66,6774.14,22,23.33,536,2096.9,12,4,23985.62,8785.34,3182.75,70964.9,educacao,nao,viuvo,medio,autonomo,norte,0
3534,74,6010.91,32331.74,36,6.44,729,2368.2,5,4,1840.63,2463.16,-284.73,90774.26,outros,sim,divorciado,medio,autonomo,sul,0
3535,22,5063.04,13109.14,42,6.11,492,1647.56,0,2,10951.13,2197.9,5190.93,59767.04,educacao,sim,solteiro,pos,clt,norte,0
3536,22,9468.39,28563.06,30,15.83,631,1253.4,4,3,27445.17,7741.43,5783.54,88753.59,veiculo,sim,casado,pos,temporario,sul,0
3537,19,7423.09,47063.55,37,10.66,590,320.68,6,0,23072.68,611.0,4377.3,17656.83,veiculo,sim,viuvo,fundamental,temporario,sul,0
3538,25,6080.07,16876.26,35,23.76,683,819.5,7,0,2956.35,1980.97,-294.09,183704.11,negocios,sim,solteiro,pos,estudante,sudeste,0
3539,48,5248.51,4089.96,10,15.67,815,2321.62,4,3,7063.4,3282.28,4390.92,117132.17,consumo,sim,casado,medio,clt,centro_oeste,0
3540,65,5094.7,8998.43,56,24.46,679,1532.32,14,3,25380.96,6775.41,2268.56,133114.17,casa,sim,solteiro,pos,clt,sul,0
3541,59,2993.36,7929.15,65,6.6,700,975.01,4,4,4082.57,4583.95,-1577.26,43295.38,consumo,nao,solteiro,fundamental,autonomo,sul,0
3542,51,1669.82,23579.4,55,27.28,524,757.26,2,1,339.65,3843.29,3406.73,99402.7,consumo,sim,divorciado,medio,estudante,centro_oeste,0
3543,22,3229.39,36381.6,67,22.41,468,443.68,4,2,34743.83,8309.33,5820.18,101708.27,negocios,nao,divorciado,superior,temporario,sul,1
3544,62,4714.11,15988.22,34,21.57,454,1923.72,7,3,21487.68,6925.24,1566.4,21248.79,casa,sim,divorciado,medio,temporario,centro_oeste,0
3545,20,1200.0,9135.85,9,26.57,540,1136.71,0,0,15013.36,5879.06,-1306.21,6714.47,outros,sim,divorciado,fundamental,temporario,nordeste,0
3546,53,3820.22,31654.89,23,15.29,641,2352.79,1,4,20897.73,3390.28,-1.27,135949.56,casa,nao,divorciado,fundamental,estudante,centro_oeste,0
3547,41,4354.3,16203.7,62,7.57,444,1234.19,2,1,23456.42,7800.51,2556.04,125767.53,outros,nao,casado,pos,autonomo,centro_oeste,0
3548,68,4412.23,28670.25,15,15.93,525,2078.63,7,0,17342.55,2651.26,4370.54,142103.32,negocios,sim,divorciado,pos,clt,nordeste,0
3549,35,3608.9,44987.29,42,23.57,672,482.15,17,3,23032.38,8540.31,-352.96,197126.67,casa,nao,viuvo,superior,autonomo,nordeste,1
3550,54,4185.28,15756.29,6,24.63,769,530.11,10,4,24799.95,2713.98,-88.84,219636.86,veiculo,sim,casado,pos,estudante,nordeste,0
3551,43,7903.01,25818.37,27,15.73,815,813.85,1,2,6280.99,7470.73,5394.24,184629.01,consumo,nao,solteiro,pos,temporario,centro_oeste,0
3552,47,5991.86,39209.94,13,21.58,514,623.66,1,0,14829.82,8270.8,5077.28,5094.05,educacao,nao,casado,fundamental,estudante,norte,0
3553,71,3791.46,33973.17,13,9.93,460,2446.04,1,0,10661.33,2425.35,5342.26,67533.94,casa,nao,divorciado,superior,temporario,norte,0
3554,58,4676.97,36692.26,16,9.53,649,2054.89,1,1,27907.21,2450.16,-428.92,171071.39,consumo,sim,casado,medio,estudante,sudeste,0
3555,41,4749.04,37651.91,41,18.07,795,988.32,9,2,26946.73,1168.09,5475.03,198261.4,casa,sim,casado,pos,temporario,sul,0
3556,43,3417.68,27066.18,51,14.12,588,1385.99,13,3,28371.2,3401.32,851.52,200618.83,educacao,sim,solteiro,superior,estudante,nordeste,0
3557,58,3415.57,26890.83,25,7.87,781,1417.14,7,3,15311.77,4752.19,2231.5,147623.83,consumo,nao,viuvo,fundamental,temporario,sul,0
3558,37,6618.94,35209.48,59,22.27,717,1588.73,7,3,20136.55,1230.65,1759.97,186329.6,outros,nao,solteiro,superior,autonomo,centro_oeste,0
3559,27,4044.39,34243.0,31,16.77,779,420.39,10,1,24696.32,1743.81,5827.19,35215.59,casa,nao,viuvo,superior,clt,norte,0
3560,44,2829.55,32987.62,54,16.49,800,989.63,6,0,11273.92,4088.33,248.82,86362.39,casa,sim,divorciado,medio,autonomo,norte,0
3561,21,4722.35,19887.13,40,8.54,462,379.36,14,4,34219.01,2031.17,5670.69,18378.21,negocios,sim,divorciado,medio,estudante,nordeste,1
3562,27,5012.42,40198.69,53,9.79,584,2312.23,12,0,13251.83,7074.69,5681.39,63827.92,educacao,nao,divorciado,superior,clt,sudeste,0
3563,41,1249.13,13247.23,70,20.62,439,1116.01,17,2,18795.53,3240.84,5356.09,170779.94,outros,nao,solteiro,medio,clt,centro_oeste,0
3564,63,4726.66,9585.8,71,24.45,437,1866.68,1,1,28937.76,893.89,986.33,40984.27,casa,nao,solteiro,pos,clt,sudeste,0
3565,62,6362.36,18204.88,44,8.25,610,2316.32,7,3,26148.05,1813.45,1125.26,163330.74,negocios,sim,casado,medio,autonomo,centro_oeste,0
3566,32,5612.21,14049.32,69,23.5,684,897.89,15,1,17555.2,3111.54,-208.28,169038.2,veiculo,nao,casado,medio,estudante,norte,0
3567,42,8813.63,32674.8,52,22.91,774,383.81,12,0,14291.43,1739.23,1908.88,193560.88,veiculo,sim,viuvo,fundamental,autonomo,sudeste,0
3568,26,7052.0,13011.31,23,23.56,471,960.02,13,1,22297.64,2332.19,139.32,212791.7,negocios,nao,viuvo,fundamental,estudante,centro_oeste,0
3569,61,7408.08,32370.29,67,17.96,433,1736.69,8,0,15249.94,2256.06,3091.57,164367.32,veiculo,nao,solteiro,medio,temporario,norte,0
3570,32,9840.15,25851.64,15,12.44,461,1339.53,7,0,20720.29,4058.82,4967.99,148605.51,negocios,sim,solteiro,medio,clt,centro_oeste,0
3571,63,6164.68,9436.48,36,22.5,790,353.89,13,2,27999.3,4954.67,5607.4,172413.76,negocios,sim,viuvo,superior,autonomo,centro_oeste,1
3572,65,5093.53,14257.03,16,15.52,684,342.86,8,4,4262.37,5791.87,1613.35,41630.71,negocios,nao,viuvo,fundamental,autonomo,norte,0
3573,57,6552.73,26238.57,57,9.32,612,1802.98,7,1,24407.22,8229.76,1566.0,162539.67,negocios,sim,casado,fundamental,autonomo,sudeste,1
3574,36,3793.37,35856.29,65,13.66,461,1888.79,7,3,1884.17,6348.6,2213.71,200069.13,casa,sim,divorciado,superior,autonomo,sul,0
3575,72,4993.84,20620.45,60,14.99,568,434.06,2,2,25690.36,2187.99,5310.88,99710.25,outros,sim,solteiro,fundamental,temporario,norte,0
3576,57,3634.09,13093.89,12,16.13,471,2023.75,14,4,7320.4,4318.12,-1186.06,4848.54,outros,sim,viuvo,superior,autonomo,sudeste,0
3577,54,5516.37,15926.06,23,25.54,432,981.7,15,2,17268.12,6700.84,588.9,74087.41,casa,sim,viuvo,superior,estudante,sul,0
3578,66,3626.56,6827.83,28,13.87,595,338.25,0,0,9344.73,5218.61,-262.47,21248.56,educacao,sim,casado,fundamental,estudante,sul,0
3579,68,3563.53,3644.3,13,10.84,621,954.56,7,2,11266.81,1939.51,4246.53,137802.13,educacao,sim,solteiro,fundamental,clt,centro_oeste,0
3580,22,5544.25,46777.38,41,27.1,600,1874.7,12,0,22005.35,7193.78,1150.48,183652.65,casa,sim,viuvo,medio,estudante,nordeste,1
3581,68,4552.12,6886.65,8,9.81,768,1701.41,2,1,15091.1,2171.5,5721.61,20103.47,educacao,sim,casado,fundamental,temporario,sul,0
3582,61,1330.46,8182.37,46,4.27,785,1297.01,5,2,17064.94,3426.65,5837.76,94036.47,outros,sim,casado,pos,autonomo,centro_oeste,1
3583,29,2180.0,42128.87,43,24.4,468,828.79,17,4,34962.93,6736.12,5070.67,147979.09,casa,sim,solteiro,superior,temporario,centro_oeste,1
3584,35,2734.92,32689.49,45,26.91,530,1149.6,14,3,4256.47,8739.52,2169.93,199639.28,casa,nao,divorciado,pos,estudante,sudeste,0
3585,60,3210.65,22341.3,66,20.37,620,1065.34,15,1,13449.46,8068.19,5461.27,48489.57,consumo,sim,viuvo,medio,clt,nordeste,0
3586,30,5545.96,32030.56,57,13.78,580,1084.85,17,3,18557.34,8743.42,1139.97,116167.13,outros,sim,divorciado,superior,clt,centro_oeste,0
3587,43,5194.09,45041.81,23,17.05,594,1316.09,12,1,28479.72,3872.34,1263.96,3786.39,consumo,nao,viuvo,medio,clt,sul,0
3588,57,6717.5,7021.67,43,23.97,703,1236.26,5,0,9883.73,4204.71,1888.84,85838.76,negocios,nao,divorciado,fundamental,estudante,norte,0
3589,55,6155.04,13588.85,58,25.25,491,417.73,17,3,13784.64,1884.4,3637.78,75920.82,consumo,nao,divorciado,medio,estudante,norte,0
3590,69,6729.43,41643.67,62,6.46,750,853.19,8,4,28744.16,4517.27,-1304.86,38989.24,casa,nao,divorciado,pos,clt,sul,0
3591,24,5895.11,38019.09,48,24.83,525,479.53,9,3,18562.99,7133.67,2379.77,31517.89,educacao,sim,viuvo,fundamental,estudante,norte,0
3592,34,5177.42,47738.68,11,18.82,559,1576.86,9,2,29962.3,1085.86,5733.59,81220.47,negocios,sim,divorciado,fundamental,autonomo,nordeste,0
3593,74,6778.83,16782.85,34,4.77,508,1160.93,9,2,2252.18,3211.61,-1274.93,13453.26,casa,nao,divorciado,fundamental,clt,centro_oeste,0
3594,50,6454.94,45492.33,62,6.6,672,1738.87,9,1,10047.79,8367.33,-1126.86,199402.23,outros,sim,divorciado,pos,temporario,sudeste,0
3595,32,5476.97,18137.84,10,5.09,698,383.24,13,4,19521.36,2051.75,5561.63,209823.53,educacao,nao,viuvo,medio,temporario,centro_oeste,0
3596,34,7087.93,35036.74,44,26.77,669,980.19,2,2,4269.52,3025.56,4683.39,189863.66,outros,sim,divorciado,superior,clt,nordeste,0
3597,37,1200.0,42664.8,41,14.24,617,598.42,7,4,16862.55,8448.0,-1795.01,811.95,negocios,nao,casado,superior,autonomo,centro_oeste,0
3598,49,4277.17,10270.59,20,21.17,541,393.64,10,0,617.26,3430.77,1720.57,75868.83,veiculo,sim,divorciado,medio,clt,sudeste,0
3599,34,4249.58,11856.56,28,4.04,695,1974.4,10,1,17663.17,7562.76,614.22,96046.52,consumo,sim,viuvo,superior,clt,sul,0
3600,53,6874.83,28933.62,70,23.04,467,483.77,13,1,32211.05,2940.34,-493.02,72406.63,negocios,sim,divorciado,fundamental,autonomo,centro_oeste,0
3601,43,7628.51,40894.03,45,15.57,544,585.8,6,0,33191.13,2684.6,-1392.3,176008.0,negocios,nao,divorciado,fundamental,estudante,nordeste,0
3602,52,2189.68,6092.2,68,26.17,693,1030.92,16,4,11168.93,2090.27,149.29,148563.7,veiculo,sim,viuvo,superior,autonomo,sul,1
3603,26,7340.1,41215.08,37,16.5,696,859.21,0,0,120.97,1032.67,3291.33,42931.99,negocios,sim,casado,pos,temporario,sudeste,0
3604,53,2691.4,18111.98,61,22.93,527,2313.98,13,2,31925.21,4030.56,570.41,19060.11,educacao,nao,viuvo,fundamental,clt,norte,0
3605,70,2745.81,20983.31,46,19.11,556,2473.66,3,1,19851.65,6564.04,599.53,131979.42,educacao,sim,divorciado,medio,temporario,sul,0
3606,25,4378.29,17963.68,66,16.49,547,1159.97,10,0,20321.76,4795.42,247.58,185561.81,casa,nao,solteiro,medio,autonomo,nordeste,0
3607,36,4227.23,43972.34,27,26.76,774,646.63,0,4,28527.38,3962.32,-1042.53,139499.07,educacao,sim,solteiro,superior,autonomo,sul,1
3608,57,1994.85,8451.14,31,15.89,648,1335.62,4,1,13767.31,2237.71,2825.43,53949.1,consumo,sim,viuvo,fundamental,clt,sudeste,1
3609,53,5969.78,28629.49,8,25.42,467,1329.95,7,1,14704.09,6309.81,3904.6,122626.63,veiculo,sim,casado,superior,temporario,centro_oeste,0
3610,56,6022.92,9238.92,21,4.87,484,1261.21,1,0,29802.04,2649.28,5844.16,116782.49,veiculo,nao,viuvo,pos,clt,nordeste,0
3611,49,6697.27,44751.06,15,19.78,447,227.18,5,3,17203.86,772.68,-32.53,173133.11,consumo,nao,divorciado,pos,autonomo,sul,0
3612,56,4019.78,38805.87,18,25.88,516,477.83,11,4,25753.29,8698.59,-529.15,93677.29,outros,nao,divorciado,pos,autonomo,sul,0
3613,52,4728.75,13138.78,26,25.58,508,507.14,2,1,31676.22,8511.17,3716.73,158640.37,educacao,sim,divorciado,superior,autonomo,sudeste,0
3614,22,4745.23,16048.91,63,15.64,598,996.09,11,4,13775.72,2322.9,720.81,57134.3,veiculo,nao,divorciado,fundamental,clt,nordeste,0
3615,60,7838.39,19858.95,30,15.33,718,1527.43,8,2,31112.64,2528.0,2166.81,5248.47,casa,nao,viuvo,superior,clt,centro_oeste,0
3616,43,1200.0,20946.5,60,23.45,771,2216.6,15,2,11458.96,5430.88,3726.49,169350.02,educacao,sim,casado,superior,temporario,norte,1
3617,20,3077.5,39689.1,59,12.04,643,698.19,11,4,32535.19,4133.04,1472.57,217006.93,veiculo,nao,divorciado,fundamental,estudante,sul,0
3618,41,4809.97,28186.27,70,26.49,728,1969.18,8,4,10687.96,8046.21,1096.65,217011.24,casa,sim,casado,medio,clt,norte,0
3619,42,2845.97,21971.69,39,10.02,681,704.8,14,3,8197.88,4128.73,1628.98,165238.91,casa,sim,divorciado,superior,clt,nordeste,1
3620,22,4335.02,35234.73,61,5.79,547,255.67,3,1,25228.75,1654.55,1764.21,146924.84,consumo,nao,casado,fundamental,clt,norte,0
3621,74,4573.06,23332.85,33,22.53,664,1687.67,10,2,32269.95,5146.57,-1794.11,82361.78,outros,nao,solteiro,fundamental,autonomo,norte,0
3622,30,3616.17,8334.92,47,13.71,540,677.95,4,4,26885.17,1462.64,-328.86,203414.13,veiculo,sim,viuvo,medio,autonomo,nordeste,0
3623,36,4916.04,7390.76,59,12.54,543,2313.6,8,1,25904.27,4301.29,2952.77,105744.87,veiculo,sim,viuvo,pos,autonomo,nordeste,0
3624,43,5930.67,17331.03,15,11.7,814,2345.53,8,2,34055.89,5406.87,-1663.93,159978.78,outros,sim,divorciado,medio,clt,nordeste,1
3625,65,4374.72,29930.6,9,27.53,784,423.67,10,3,19510.51,8535.4,356.24,124731.15,casa,nao,divorciado,pos,estudante,norte,1
3626,60,3984.25,8635.28,16,17.72,681,631.75,5,4,31066.67,2993.53,1635.34,197324.02,educacao,sim,solteiro,fundamental,clt,sudeste,0
3627,61,4501.62,27531.1,53,27.81,657,668.16,11,2,1298.31,6020.11,1646.26,151674.53,outros,nao,divorciado,fundamental,autonomo,nordeste,0
3628,31,4786.61,14767.24,37,12.25,694,2294.54,3,4,4625.49,501.52,-1427.2,67495.62,consumo,sim,viuvo,pos,estudante,norte,0
3629,66,1667.42,34141.31,24,13.94,721,361.02,3,4,9502.21,7907.28,5027.79,201496.53,outros,nao,solteiro,medio,temporario,nordeste,1
3630,65,5630.8,3785.95,56,9.08,442,1922.71,1,2,33114.37,3195.32,-1094.27,38926.22,outros,nao,divorciado,fundamental,clt,norte,0
3631,44,3988.2,23840.57,6,14.33,563,847.47,8,1,6892.54,2546.99,5030.69,46810.49,consumo,nao,solteiro,superior,clt,centro_oeste,0
3632,49,7070.76,4878.02,17,5.49,461,1531.25,7,0,13407.9,1371.25,5928.34,79008.45,negocios,nao,divorciado,superior,temporario,sul,0
3633,20,5863.9,17538.1,37,4.01,631,591.29,14,0,1243.49,7174.62,-406.63,80896.44,educacao,sim,viuvo,fundamental,clt,centro_oeste,0
3634,61,6906.12,3208.67,66,14.87,537,2051.15,6,0,2736.6,980.85,-1249.51,181143.07,consumo,sim,casado,pos,autonomo,sul,0
3635,72,2980.19,23843.99,55,21.9,552,1736.19,10,0,20392.69,5751.93,-855.35,96214.14,educacao,sim,viuvo,fundamental,estudante,centro_oeste,1
3636,44,4131.5,37399.22,51,14.49,756,229.06,17,1,3420.82,3182.02,4849.79,192080.05,educacao,nao,divorciado,fundamental,autonomo,sudeste,1
3637,48,2563.57,7060.01,52,16.43,501,730.15,11,4,31472.12,6544.7,5784.39,72997.55,negocios,sim,viuvo,pos,autonomo,norte,1
3638,46,3530.66,35952.63,26,14.69,784,1261.93,15,1,31003.02,8709.34,2813.43,85133.4,educacao,sim,viuvo,fundamental,clt,nordeste,0
3639,22,7053.79,29080.88,35,16.64,588,1412.33,9,1,21777.52,2836.36,5588.63,167827.61,educacao,nao,divorciado,medio,autonomo,nordeste,0
3640,53,7477.48,25459.54,64,22.61,496,2099.27,3,1,13870.05,5767.57,4203.55,54366.11,casa,sim,solteiro,superior,clt,centro_oeste,0
3641,59,2733.36,29776.49,54,23.29,477,1077.76,8,2,31073.77,3649.56,2635.89,27201.91,casa,nao,viuvo,superior,clt,sul,0
3642,70,3975.1,17783.32,45,24.11,705,2330.28,13,2,17073.61,4830.18,5331.53,30505.16,outros,nao,divorciado,superior,temporario,centro_oeste,0
3643,70,4662.85,34820.45,11,9.1,781,629.81,2,2,6671.51,1207.98,1852.37,51158.34,negocios,nao,casado,fundamental,clt,sul,1
3644,46,5854.09,37974.8,54,14.99,769,2169.89,8,0,12098.05,2237.08,1410.81,132121.75,educacao,sim,solteiro,pos,temporario,sul,0
3645,72,1632.34,37909.19,30,23.94,488,2277.97,9,1,12710.01,7251.0,3815.27,8928.77,educacao,nao,divorciado,superior,clt,sul,0
3646,48,1914.6,14760.42,31,26.61,771,1633.91,16,4,20293.32,3431.97,4039.6,145979.14,outros,nao,divorciado,medio,autonomo,norte,0
3647,54,5681.33,32252.77,50,17.03,510,2424.66,17,4,14042.22,508.58,965.17,168307.04,negocios,nao,solteiro,superior,clt,sudeste,0
3648,52,1291.73,9238.36,31,15.83,603,1132.56,10,0,28639.78,3227.23,1909.7,164428.26,negocios,nao,divorciado,pos,clt,centro_oeste,1
3649,74,3995.76,25041.59,43,22.35,422,1802.34,3,3,21927.89,6192.3,-116.56,139096.77,veiculo,nao,solteiro,superior,autonomo,nordeste,0
3650,60,5091.77,2619.63,6,27.8,523,203.43,3,0,8824.36,8758.5,-865.59,96727.16,outros,sim,viuvo,fundamental,autonomo,nordeste,0
3651,24,5548.2,11308.2,18,14.22,547,817.26,10,2,14072.83,7760.0,944.14,216079.58,casa,nao,divorciado,pos,estudante,nordeste,0
3652,22,4544.91,31243.9,41,7.96,802,1493.98,3,0,25313.64,6933.36,2043.78,19891.04,educacao,sim,casado,medio,clt,sul,0
3653,41,4141.64,42283.45,69,24.02,531,2212.17,12,3,8478.62,8399.19,-573.16,166581.61,outros,nao,casado,pos,autonomo,centro_oeste,0
3654,47,6320.23,4730.79,56,21.05,530,2390.79,17,4,3207.18,6105.15,-528.5,84001.3,educacao,sim,viuvo,pos,temporario,centro_oeste,0
3655,56,5313.37,27914.15,33,7.48,529,1524.29,3,0,24890.08,4913.0,-832.99,181692.15,educacao,sim,divorciado,pos,estudante,nordeste,0
3656,45,3635.37,31473.26,69,11.76,521,2165.62,16,2,14233.02,5086.54,5030.91,138420.93,casa,sim,viuvo,fundamental,estudante,norte,0
3657,47,4867.9,44923.79,24,17.28,635,2034.22,0,0,4349.75,8526.0,3613.98,30564.88,negocios,sim,viuvo,pos,temporario,norte,0
3658,70,5489.7,32309.04,64,21.56,502,1974.92,8,0,16781.43,518.16,-664.89,184738.26,consumo,nao,viuvo,superior,temporario,sul,0
3659,37,7892.83,7187.99,32,22.74,536,438.58,6,3,19610.99,4883.13,3357.93,16796.06,educacao,nao,viuvo,pos,estudante,centro_oeste,0
3660,46,6215.38,9176.86,11,7.74,633,1290.44,10,0,901.51,7037.17,1989.44,178362.01,outros,sim,divorciado,medio,clt,sudeste,0
3661,49,6986.2,31427.27,6,9.2,722,1308.12,8,0,27689.2,823.93,2611.14,124778.37,consumo,nao,casado,superior,estudante,centro_oeste,1
3662,44,3700.91,12310.7,70,21.86,462,2006.9,9,1,17202.89,7497.03,4663.15,33096.23,outros,nao,solteiro,superior,autonomo,sul,0
3663,73,3856.47,44737.9,48,6.79,559,1539.77,2,1,894.23,7673.78,1912.91,130857.77,consumo,sim,casado,medio,temporario,nordeste,0
3664,72,4376.32,44391.27,15,15.96,648,2082.06,13,4,30162.52,4950.53,447.2,122063.73,veiculo,sim,divorciado,fundamental,autonomo,norte,0
3665,47,4541.57,45663.84,71,17.1,786,2398.97,16,1,20483.99,7544.64,4285.11,69637.12,educacao,nao,casado,pos,autonomo,sudeste,1
3666,43,2985.56,15829.34,8,12.14,797,1466.82,8,2,33713.83,1712.4,-556.57,178738.86,negocios,sim,divorciado,superior,estudante,norte,0
3667,51,7078.68,35121.22,28,23.11,768,2016.77,15,0,9842.64,8516.04,5412.9,27729.55,educacao,nao,divorciado,pos,estudante,norte,0
3668,28,6390.03,32667.13,55,5.33,621,1480.5,2,1,14441.32,915.18,5543.86,30745.9,outros,sim,casado,superior,clt,nordeste,0
3669,42,4249.78,4119.97,9,22.66,459,1631.63,13,1,23202.83,816.64,890.38,53266.28,negocios,nao,solteiro,fundamental,autonomo,sul,0
3670,30,5955.08,14583.21,65,19.5,806,1284.33,5,1,31989.35,4954.18,4223.58,190429.71,casa,sim,viuvo,superior,clt,centro_oeste,0
3671,26,5201.22,11907.89,50,16.17,668,2406.26,12,1,27690.8,6749.57,5391.62,36544.93,consumo,nao,divorciado,fundamental,clt,centro_oeste,0
3672,23,6095.69,19371.79,68,24.94,782,2076.78,10,0,22505.67,6450.47,5369.96,177433.13,casa,nao,solteiro,fundamental,temporario,centro_oeste,0
3673,51,2380.25,45863.94,61,8.85,788,1924.5,0,2,27843.11,5176.8,-907.87,170196.87,educacao,nao,casado,superior,clt,nordeste,1
3674,18,4537.81,40974.87,60,23.22,736,944.63,6,2,3319.48,7160.77,-491.36,134069.28,outros,sim,viuvo,medio,temporario,sudeste,1
3675,54,4695.53,15850.82,21,8.51,588,1306.16,7,2,25346.27,5665.59,2025.17,103313.32,negocios,nao,casado,pos,temporario,sul,0
3676,42,5922.56,26616.43,19,27.77,663,2181.95,14,2,20251.98,7726.71,2506.25,78387.43,outros,nao,viuvo,medio,estudante,nordeste,0
3677,38,3668.81,11248.11,21,4.79,696,2352.41,1,2,9598.84,1484.22,883.99,47493.18,consumo,nao,casado,superior,temporario,nordeste,0
3678,61,1200.0,15123.25,16,17.28,772,2494.32,17,3,8349.22,8842.11,-1202.34,152904.32,outros,nao,divorciado,superior,temporario,sul,0
3679,48,2852.94,5457.65,49,8.03,510,1883.88,0,1,10089.45,7986.17,1549.91,101575.42,educacao,nao,divorciado,fundamental,clt,sul,0
3680,59,4690.11,31738.6,9,13.79,641,1875.55,4,0,4300.55,8109.81,392.78,60233.0,consumo,sim,viuvo,pos,clt,nordeste,0
3681,58,4914.99,32389.9,34,7.55,658,397.79,2,3,9563.92,3590.67,1691.73,71404.67,outros,sim,casado,medio,estudante,nordeste,1
3682,19,7830.75,40651.82,44,8.65,502,1923.57,16,0,2493.85,8548.36,331.78,30709.81,casa,sim,solteiro,fundamental,temporario,sudeste,0
3683,30,5848.94,42155.61,41,5.46,580,984.44,10,1,23545.86,1702.77,1600.16,9798.07,casa,sim,solteiro,superior,estudante,norte,1
3684,50,4946.75,9782.7,38,4.19,790,2185.93,12,2,17930.33,1162.05,2787.21,96425.8,negocios,nao,casado,pos,clt,nordeste,0
3685,73,4741.7,36308.36,20,21.26,426,206.1,12,2,4468.84,3889.09,1010.83,214764.59,casa,sim,casado,pos,temporario,norte,0
3686,26,6787.53,8629.2,13,14.88,620,2347.77,10,3,24401.84,8431.21,-156.9,207594.31,educacao,sim,solteiro,pos,estudante,norte,0
3687,24,3737.8,19504.03,71,5.09,663,1302.6,5,2,6230.41,8726.86,1293.35,29794.81,veiculo,nao,divorciado,fundamental,autonomo,centro_oeste,0
3688,71,4547.49,25956.91,36,26.54,783,476.86,2,2,17321.0,4694.98,231.87,121318.38,outros,nao,casado,medio,autonomo,nordeste,1
3689,73,2839.34,4750.88,45,19.97,533,1574.32,7,0,32203.7,6891.33,-1299.19,76562.17,veiculo,sim,solteiro,superior,estudante,nordeste,1
3690,27,7354.03,9632.75,43,10.34,577,1785.52,7,3,26632.17,5075.02,3143.79,142952.71,veiculo,nao,solteiro,superior,estudante,sudeste,0
3691,40,5506.5,14835.78,30,14.53,452,1989.13,7,1,20444.85,1464.37,3144.11,5968.69,casa,sim,solteiro,fundamental,autonomo,nordeste,0
3692,53,3526.46,8303.18,53,15.74,554,1808.29,17,4,20472.17,6051.66,680.62,119578.62,casa,sim,solteiro,medio,clt,sudeste,1
3693,29,4593.98,45001.38,30,17.68,818,1463.83,2,3,2246.74,1748.36,5682.09,101450.68,outros,nao,viuvo,fundamental,estudante,centro_oeste,0
3694,36,5717.37,15618.52,33,24.58,726,370.11,11,4,14945.36,6077.72,4354.43,123477.81,negocios,nao,solteiro,medio,temporario,sul,0
3695,40,4348.71,25303.31,59,18.16,591,2181.92,2,4,10749.26,2543.76,5238.78,33504.1,negocios,sim,viuvo,fundamental,autonomo,sudeste,0
3696,54,3837.95,47842.31,27,27.49,673,2461.5,10,1,16612.25,2738.3,1861.47,136118.33,educacao,nao,divorciado,pos,temporario,sul,1
3697,35,3622.31,28282.24,52,21.44,805,1984.98,12,1,33299.85,6236.89,2285.49,65192.77,outros,nao,casado,superior,autonomo,sudeste,0
3698,41,5410.13,21223.06,49,27.72,595,260.6,0,4,27528.09,4451.99,3592.99,111834.53,casa,sim,casado,fundamental,clt,norte,0
3699,34,4155.5,44805.55,8,17.22,537,1933.22,8,4,21349.19,7557.02,2787.1,191177.78,educacao,sim,solteiro,pos,temporario,centro_oeste,0
3700,61,3983.24,12623.65,51,20.28,771,805.57,5,3,24664.14,6282.34,3412.17,20627.31,veiculo,sim,divorciado,pos,autonomo,sul,1
3701,26,2395.09,10667.28,58,21.71,760,2412.07,8,4,25570.99,3007.5,1573.0,87465.55,consumo,sim,solteiro,medio,estudante,sudeste,1
3702,31,4939.75,26859.08,23,22.11,626,327.34,8,3,15973.06,7105.49,-763.81,120636.18,educacao,sim,divorciado,superior,temporario,sul,0
3703,32,4473.8,21942.23,66,4.59,424,394.04,8,0,30322.51,1049.76,4533.93,90749.93,negocios,nao,casado,fundamental,estudante,norte,0
3704,69,4221.03,38762.87,7,7.06,425,600.78,11,2,21605.71,6746.04,1221.29,105516.67,veiculo,sim,divorciado,superior,temporario,nordeste,0
3705,71,5157.79,4411.46,17,9.47,467,1927.33,3,1,25831.19,3775.82,2945.32,158521.34,outros,nao,viuvo,superior,autonomo,sudeste,0
3706,46,6146.4,30606.53,68,10.52,697,1691.26,15,0,386.71,3067.95,1078.34,147384.44,educacao,sim,viuvo,medio,clt,norte,0
3707,26,6062.82,34835.9,62,25.73,490,1867.19,15,2,18827.11,4942.62,1960.99,104997.79,outros,sim,solteiro,fundamental,estudante,nordeste,0
3708,61,5794.91,46722.21,55,21.34,445,1001.01,8,2,12746.46,8210.51,3183.92,56550.02,negocios,sim,divorciado,fundamental,clt,norte,0
3709,46,4366.79,9132.23,45,7.44,692,2220.62,16,3,1939.12,2682.37,2712.38,56772.22,veiculo,nao,divorciado,fundamental,estudante,centro_oeste,0
3710,66,3779.4,13704.07,19,14.23,612,1215.31,4,3,22614.67,8994.78,-700.77,168107.01,casa,nao,divorciado,medio,clt,centro_oeste,1
3711,38,2920.95,44926.17,38,9.83,632,491.15,3,1,32506.61,5505.46,36.21,99077.28,educacao,sim,solteiro,fundamental,temporario,nordeste,1
3712,74,3732.32,31193.61,43,23.92,496,1960.54,5,4,25646.45,2642.95,-443.77,72436.34,educacao,nao,solteiro,superior,clt,sudeste,0
3713,63,4835.37,4231.23,11,26.03,505,1408.53,14,2,2796.19,6374.38,2691.96,150705.46,casa,nao,solteiro,medio,autonomo,centro_oeste,0
3714,30,3384.68,6019.15,45,7.94,516,1556.71,2,2,1984.17,6750.83,1277.68,110610.93,veiculo,sim,solteiro,medio,temporario,nordeste,0
3715,59,4972.9,38237.55,11,14.0,677,1073.48,5,0,12076.13,5017.9,122.12,97083.84,negocios,sim,solteiro,pos,temporario,norte,0
3716,34,3062.18,28320.09,14,26.87,811,1828.87,2,4,8349.17,1609.98,-1456.16,30506.56,negocios,sim,divorciado,superior,clt,norte,0
3717,37,1810.21,28226.4,17,19.77,786,262.52,7,1,965.02,7428.41,4186.77,198135.71,veiculo,sim,casado,pos,estudante,nordeste,0
3718,32,6274.93,42533.89,18,24.83,465,1319.53,5,0,1402.52,7387.06,-1378.47,182738.09,veiculo,nao,viuvo,fundamental,autonomo,nordeste,1
3719,56,3946.05,13469.96,11,12.58,691,1171.01,14,4,12080.13,7004.46,1169.91,184173.15,outros,nao,viuvo,fundamental,temporario,sul,1
3720,32,3293.34,9799.61,69,9.03,723,1911.83,13,4,4673.86,6923.51,1755.08,41234.93,casa,nao,divorciado,superior,clt,nordeste,0
3721,54,2831.08,30428.17,58,20.59,436,796.82,15,1,6813.32,3741.27,1733.8,110943.08,consumo,sim,casado,pos,estudante,sul,1
3722,51,5561.46,42650.25,39,7.3,674,722.21,7,2,30433.15,4688.19,-719.71,208489.2,consumo,sim,viuvo,superior,estudante,sudeste,0
3723,60,7274.83,14568.9,30,24.16,597,922.01,9,4,34778.73,6122.42,3733.78,204107.33,negocios,nao,divorciado,medio,clt,norte,0
3724,74,4074.47,33498.89,18,22.12,498,1294.86,15,3,28160.27,1908.41,-28.14,8544.17,outros,nao,viuvo,pos,autonomo,centro_oeste,1
3725,18,4411.99,9433.25,68,11.32,735,666.92,12,2,8146.84,5635.92,3106.71,1511.43,negocios,nao,casado,medio,autonomo,nordeste,1
3726,74,6728.94,10321.85,58,15.97,794,1767.36,17,2,6154.47,1436.69,1148.66,112474.0,educacao,nao,viuvo,medio,temporario,sul,0
3727,24,1541.2,43518.71,55,23.18,659,949.34,17,0,20246.65,7706.53,2265.11,46647.59,casa,sim,casado,pos,estudante,nordeste,0
3728,48,8340.36,7867.41,37,26.44,500,1157.94,1,4,27436.93,1518.53,1727.33,46276.66,veiculo,sim,divorciado,fundamental,estudante,sudeste,0
3729,37,9199.38,3607.72,7,12.45,591,1473.62,4,2,23010.51,7065.53,5651.03,102290.6,veiculo,nao,viuvo,pos,autonomo,sul,0
3730,54,1200.0,37759.79,48,22.96,626,1054.35,12,0,28131.31,2386.99,902.47,10364.23,veiculo,sim,viuvo,pos,temporario,norte,0
3731,59,4624.49,18994.18,38,8.67,780,1806.85,1,1,17044.9,8391.11,-606.61,147288.09,outros,sim,casado,medio,estudante,nordeste,0
3732,67,3505.9,20547.96,25,25.68,736,1702.37,1,2,34571.88,6092.68,1014.47,77189.21,outros,sim,divorciado,pos,clt,sul,0
3733,40,4323.41,38893.52,26,20.47,688,1935.86,2,4,27540.38,4164.73,2092.55,16055.93,veiculo,nao,divorciado,fundamental,clt,sul,0
3734,71,4046.91,10687.08,9,7.67,725,1393.37,1,4,1782.95,870.9,-1283.33,186845.32,consumo,sim,casado,superior,temporario,sul,0
3735,36,6261.17,32089.88,63,21.76,697,1032.42,11,1,12741.92,5660.95,5363.9,115380.15,casa,sim,divorciado,pos,autonomo,norte,0
3736,29,4597.37,16765.54,16,21.38,547,646.62,4,0,19586.73,3713.31,-249.94,201309.92,negocios,sim,solteiro,medio,estudante,nordeste,0
3737,39,3160.37,7244.21,59,21.82,473,1193.58,16,0,7846.92,7285.52,5458.74,965.86,outros,sim,solteiro,medio,estudante,centro_oeste,0
3738,48,4490.07,33781.07,70,12.28,755,2205.39,1,2,14117.28,7238.12,1352.6,128647.2,casa,sim,viuvo,superior,autonomo,nordeste,0
3739,56,5726.61,16999.22,9,21.76,641,460.78,8,2,22036.37,6339.78,2532.26,103348.91,casa,sim,solteiro,superior,estudante,sul,1
3740,65,2669.3,41930.49,47,23.84,804,679.73,11,2,19325.88,2776.49,3527.57,206232.34,casa,nao,casado,pos,estudante,centro_oeste,0
3741,30,1836.78,44316.12,10,12.33,692,1723.37,6,1,30150.75,1970.13,-1293.4,38894.16,casa,sim,viuvo,medio,autonomo,sudeste,1
3742,35,8386.94,41131.86,60,8.99,609,1513.89,12,4,9187.9,4725.0,1428.62,120064.26,outros,sim,solteiro,fundamental,temporario,sul,1
3743,71,3643.63,17167.0,39,25.31,678,2305.55,15,2,32240.01,4345.0,396.63,37896.91,educacao,nao,viuvo,pos,autonomo,sudeste,1
3744,43,4552.76,13264.51,7,18.9,680,247.36,11,4,11275.05,6220.03,-485.46,188994.12,educacao,nao,divorciado,fundamental,temporario,nordeste,1
3745,31,4083.97,43122.43,56,15.05,812,2218.16,10,1,32213.85,5028.92,3418.17,73693.56,casa,nao,casado,fundamental,temporario,nordeste,1
3746,74,5786.56,23109.09,56,25.11,565,1863.14,10,1,8690.05,4706.93,-508.17,99042.3,casa,nao,casado,pos,temporario,sudeste,0
3747,43,7991.02,34702.16,67,7.26,572,1979.2,17,2,17764.01,4586.76,2746.49,151281.09,casa,sim,solteiro,superior,temporario,sudeste,1
3748,74,5843.88,40135.97,38,23.45,561,1058.51,14,3,32628.4,4786.08,1245.39,59573.85,outros,nao,divorciado,fundamental,autonomo,sudeste,0
3749,70,2066.94,15134.74,67,15.78,463,892.99,1,1,9712.45,7913.38,5814.62,26562.04,consumo,nao,viuvo,fundamental,temporario,nordeste,0
3750,69,2308.58,7918.93,49,5.02,607,213.36,13,2,29706.33,1952.39,5271.34,98198.27,veiculo,nao,viuvo,superior,autonomo,sul,1
3751,51,4081.86,30929.65,40,27.34,598,2006.78,2,2,17543.08,659.48,-1740.98,81071.81,veiculo,nao,casado,superior,estudante,sul,1
3752,63,4317.18,29353.75,29,22.67,498,554.8,15,3,14692.83,2385.74,4524.62,78011.33,educacao,sim,divorciado,pos,estudante,nordeste,0
3753,72,1700.49,14794.1,25,9.15,746,704.62,5,3,23229.12,3137.42,-484.48,1686.92,educacao,nao,solteiro,medio,autonomo,nordeste,0
3754,33,6274.81,29104.16,46,26.17,695,821.62,12,1,6949.29,5705.55,1869.84,171445.84,veiculo,sim,solteiro,fundamental,estudante,nordeste,0
3755,20,2844.62,38461.26,54,26.45,516,2197.64,13,0,23059.05,7662.37,4533.66,162756.96,negocios,sim,solteiro,fundamental,temporario,nordeste,0
3756,36,7487.94,18425.5,8,23.21,486,847.93,6,1,6181.92,6560.97,442.25,154891.36,outros,sim,solteiro,pos,autonomo,centro_oeste,0
3757,54,8077.14,13525.46,33,7.05,667,1167.59,17,0,24880.33,8985.5,3924.03,90460.11,negocios,sim,casado,fundamental,autonomo,sul,0
3758,49,4353.14,35487.56,9,8.47,422,1913.84,9,2,21372.74,506.03,79.23,109017.44,outros,nao,divorciado,pos,temporario,nordeste,0
3759,22,5590.15,38257.18,32,22.1,480,2250.07,7,2,4895.09,2116.02,5009.14,146026.23,veiculo,sim,solteiro,superior,estudante,centro_oeste,0
3760,49,2582.5,45920.17,58,25.93,595,2015.54,8,0,3523.94,1240.3,1624.38,210191.07,consumo,nao,solteiro,superior,temporario,nordeste,1
3761,27,5922.62,9215.15,51,9.16,816,1422.16,5,4,21257.36,6140.52,-245.55,62145.82,negocios,nao,casado,superior,temporario,norte,0
3762,46,3903.25,42961.52,14,15.06,450,185.06,1,3,4252.0,4129.21,-1383.64,164457.11,outros,sim,solteiro,superior,clt,sul,1
3763,50,2842.98,37312.0,53,7.72,631,546.19,17,2,21878.29,3146.04,2930.88,135289.37,veiculo,sim,divorciado,superior,autonomo,nordeste,0
3764,54,4279.2,34436.45,6,15.47,644,768.36,14,0,34965.76,3157.58,3526.52,139652.74,veiculo,sim,casado,fundamental,temporario,norte,0
3765,41,3961.65,16743.94,6,19.42,520,1139.94,14,0,4304.16,8090.3,3508.13,20601.6,outros,sim,viuvo,pos,clt,nordeste,1
3766,41,4214.71,3509.78,66,4.45,628,1020.28,16,4,16583.38,1141.82,2080.62,168051.99,consumo,nao,solteiro,superior,autonomo,centro_oeste,0
3767,56,6509.42,25593.55,8,19.43,673,1373.42,11,1,32354.12,3163.91,1341.53,90371.04,negocios,sim,casado,fundamental,autonomo,sudeste,0
3768,60,3386.45,15502.51,23,19.35,474,1135.9,17,4,32798.58,4749.07,3028.34,72494.63,consumo,sim,viuvo,fundamental,autonomo,nordeste,0
3769,64,7923.04,15686.86,14,14.92,801,1864.47,17,3,1046.89,3998.48,-1540.03,95139.7,educacao,nao,casado,superior,estudante,nordeste,0
3770,37,2414.89,44684.81,44,25.49,518,301.18,4,3,28280.27,6343.96,67.69,191822.68,educacao,sim,casado,medio,autonomo,sudeste,0
3771,42,7707.77,9460.08,40,7.24,567,2487.77,7,4,8349.1,5663.65,193.06,143683.92,veiculo,sim,solteiro,pos,autonomo,nordeste,1
3772,36,2970.28,45007.57,61,5.23,429,2135.9,1,4,26129.89,7304.01,4271.7,2057.86,consumo,sim,casado,superior,autonomo,centro_oeste,1
3773,48,4798.18,25423.21,71,15.9,657,957.12,12,1,12425.11,7675.41,1642.4,51591.63,outros,nao,divorciado,pos,estudante,sul,1
3774,25,3917.65,40641.71,55,16.79,657,1100.58,1,4,7871.11,3899.49,-1442.68,152833.85,consumo,sim,viuvo,pos,autonomo,sul,0
3775,42,4181.29,15403.23,36,10.4,466,2415.8,13,0,16475.26,7861.61,5181.47,192630.31,consumo,sim,solteiro,superior,clt,sudeste,0
3776,28,6242.44,31343.39,9,27.08,537,2351.07,14,3,6157.15,5873.42,1205.94,118377.11,negocios,sim,casado,fundamental,autonomo,nordeste,0
3777,48,7499.69,27824.77,66,10.09,726,1092.16,7,1,14846.84,7813.2,-1199.6,130287.74,negocios,nao,solteiro,superior,estudante,nordeste,1
3778,66,6942.94,44549.56,43,10.48,705,318.31,11,3,13818.67,4455.66,1463.99,61838.54,negocios,nao,casado,fundamental,temporario,sul,0
3779,74,4071.26,10658.08,20,23.46,542,2472.08,17,4,33700.17,717.32,5606.37,30819.3,veiculo,sim,viuvo,fundamental,clt,centro_oeste,0
3780,43,5131.66,11807.93,41,26.15,671,1696.71,13,2,18974.32,6092.78,4451.41,96264.71,veiculo,sim,casado,fundamental,estudante,sudeste,1
3781,21,3392.26,45677.88,31,16.87,718,1787.76,7,0,24397.45,8711.06,2829.29,118416.28,negocios,sim,casado,pos,autonomo,sudeste,0
3782,30,3015.21,6957.39,29,4.46,569,817.06,16,4,6122.87,8407.43,4121.08,124213.33,educacao,nao,viuvo,pos,estudante,sul,0
3783,23,2736.66,31378.05,35,12.53,490,2079.39,0,0,34905.58,1792.34,2228.17,41860.26,negocios,nao,viuvo,medio,autonomo,norte,1
3784,61,4012.37,5255.67,55,9.37,428,1473.36,4,3,17418.82,4661.19,4471.07,16963.19,outros,nao,solteiro,medio,temporario,nordeste,1
3785,74,5249.29,6003.08,16,16.26,801,1270.96,5,2,2633.08,7918.86,4753.47,73844.16,consumo,nao,casado,medio,temporario,sudeste,1
3786,49,1358.73,29670.27,69,20.38,548,1899.59,6,2,21325.0,4040.52,831.6,176627.69,negocios,sim,divorciado,fundamental,temporario,sudeste,1
3787,28,4716.56,27587.24,10,13.42,742,1042.81,12,1,11135.12,4904.39,1674.06,60020.49,consumo,nao,viuvo,medio,temporario,sudeste,0
3788,19,7528.85,28572.69,15,16.9,549,1176.22,14,2,10287.63,8979.59,-33.51,150414.85,casa,nao,divorciado,pos,estudante,sul,0
3789,73,6819.44,24051.17,50,22.24,704,1693.4,0,0,11095.65,4602.47,3543.25,57128.3,veiculo,nao,viuvo,fundamental,estudante,norte,0
3790,36,3746.67,36277.35,15,9.91,553,1663.84,4,1,15764.58,2115.24,-731.12,51680.69,consumo,nao,casado,fundamental,temporario,sul,0
3791,24,2285.63,47644.58,57,8.7,662,2433.15,14,2,10049.39,828.72,1881.94,46445.17,outros,nao,solteiro,fundamental,autonomo,sudeste,1
3792,28,5627.69,15048.05,54,23.34,801,1485.82,9,3,27253.72,4421.62,5739.07,94292.64,negocios,nao,viuvo,superior,clt,centro_oeste,0
3793,32,1200.0,17216.5,34,4.89,721,924.69,5,2,6263.57,4874.14,1834.47,59115.33,casa,sim,casado,pos,autonomo,sudeste,0
3794,55,6798.28,17198.75,35,7.61,485,846.86,7,4,4967.87,8319.44,-1267.32,79740.11,educacao,sim,solteiro,superior,autonomo,sul,0
3795,68,4415.54,37228.74,71,4.3,629,1418.92,10,1,3656.53,7231.9,-1656.96,126861.39,outros,nao,divorciado,medio,estudante,sul,0
3796,33,8096.34,18334.71,58,17.33,528,457.38,10,0,14362.62,1034.36,5611.08,182998.1,educacao,nao,solteiro,pos,autonomo,sudeste,0
3797,57,1691.46,33291.54,47,18.4,507,1544.39,14,1,3950.64,7442.92,3715.85,168544.49,veiculo,nao,divorciado,medio,clt,centro_oeste,0
3798,21,6452.66,22787.88,15,16.74,752,1085.39,17,0,877.05,1091.03,3734.95,96207.51,consumo,sim,divorciado,medio,estudante,sudeste,0
3799,18,4619.08,30155.11,44,13.94,813,996.63,14,2,10304.19,619.42,1085.31,66531.67,outros,nao,casado,pos,autonomo,sul,0
3800,21,4204.11,40220.2,8,16.7,790,626.55,1,4,34301.04,5149.16,2108.88,144474.33,educacao,sim,casado,superior,temporario,sudeste,0
3801,70,2334.28,25889.67,22,8.65,755,1329.36,7,2,382.1,5003.23,2555.52,95318.71,veiculo,nao,casado,superior,clt,centro_oeste,0
3802,51,5872.35,24120.38,52,23.83,607,267.31,8,0,2235.4,3189.77,4182.85,166602.4,outros,sim,viuvo,fundamental,autonomo,nordeste,1
3803,63,6017.05,14647.34,32,27.54,630,1588.67,11,2,20409.73,4414.73,2173.24,189054.39,educacao,sim,casado,fundamental,estudante,nordeste,0
3804,19,8013.23,25973.66,71,16.97,636,842.47,17,3,17425.76,8323.16,592.45,63057.43,veiculo,nao,divorciado,superior,autonomo,centro_oeste,0
3805,19,6614.49,14439.76,67,12.98,714,2279.76,8,4,3650.91,6249.3,2354.09,84699.96,educacao,sim,divorciado,superior,autonomo,norte,0
3806,66,3730.99,40882.44,12,23.0,441,1401.16,6,2,31315.37,3410.5,3513.52,6357.83,negocios,sim,solteiro,medio,estudante,norte,0
3807,23,2993.05,20193.31,64,8.63,750,1990.96,16,2,23605.11,8438.59,-1348.3,94472.92,veiculo,nao,divorciado,medio,clt,sul,0
3808,26,2336.72,8374.4,63,11.7,743,2154.76,13,2,17313.96,1885.27,1894.27,96421.77,negocios,sim,casado,medio,estudante,nordeste,1
3809,47,7451.8,13418.52,13,26.56,818,2219.24,8,1,19030.62,1989.07,887.78,201668.25,educacao,sim,viuvo,fundamental,autonomo,sul,0
3810,52,3399.29,26823.46,31,8.47,657,2199.86,16,0,27866.03,2480.54,5189.87,89320.0,educacao,nao,divorciado,pos,clt,norte,0
3811,31,7464.41,44191.08,68,6.69,602,703.09,5,3,3432.81,2476.17,1229.33,93636.1,educacao,nao,divorciado,fundamental,clt,sudeste,0
3812,43,5745.13,16175.55,7,17.11,611,883.69,4,0,32660.84,1103.43,3105.64,72390.24,educacao,nao,viuvo,superior,autonomo,norte,1
3813,56,5393.83,14529.57,9,18.1,668,1822.42,0,3,3942.21,3132.12,1752.89,22744.01,educacao,sim,casado,superior,temporario,centro_oeste,0
3814,43,4247.64,20998.47,39,18.33,541,1427.27,1,2,16049.18,5163.55,4543.43,132765.42,veiculo,nao,casado,superior,clt,norte,0
3815,39,5989.21,46532.83,68,7.95,730,1593.65,15,2,8665.37,2393.65,5452.16,46478.48,outros,sim,solteiro,superior,clt,norte,0
3816,22,4772.15,40957.5,24,21.31,597,1752.33,1,1,23282.43,1408.14,-1147.87,114574.23,consumo,sim,solteiro,fundamental,estudante,centro_oeste,0
3817,43,4135.42,9309.89,57,9.81,532,445.07,13,4,29394.05,6028.97,-1646.59,169107.18,negocios,nao,viuvo,medio,temporario,centro_oeste,0
3818,63,6052.81,30425.77,51,26.75,714,570.47,1,3,21583.51,4069.9,3696.12,161418.96,educacao,nao,divorciado,superior,temporario,centro_oeste,0
3819,53,4540.85,38529.82,15,9.47,554,1659.78,4,0,7839.22,6053.39,3125.61,24063.58,outros,sim,divorciado,superior,estudante,sudeste,1
3820,68,3363.0,37444.47,24,4.42,452,1630.86,6,4,27278.26,2608.32,2524.6,92591.37,outros,nao,divorciado,medio,clt,sul,0
3821,25,5879.69,24742.47,47,17.63,628,2076.44,3,0,32993.16,6926.75,1559.98,175940.36,consumo,sim,divorciado,fundamental,estudante,centro_oeste,0
3822,18,4684.83,35798.33,37,8.87,622,1789.57,2,4,5634.57,8768.58,4048.31,1530.16,negocios,sim,viuvo,superior,autonomo,nordeste,0
3823,49,5680.04,29053.19,21,19.09,536,661.81,17,2,8872.87,2720.5,3688.5,32456.11,casa,sim,solteiro,fundamental,clt,norte,0
3824,28,3983.05,11665.75,19,9.5,433,342.57,7,2,18535.93,5934.62,1449.68,91866.4,veiculo,sim,divorciado,superior,temporario,norte,0
3825,51,2623.58,5050.44,42,14.27,610,1087.18,7,2,25892.04,7003.0,734.87,111370.36,outros,sim,viuvo,pos,estudante,centro_oeste,0
3826,69,7923.13,19312.24,60,8.31,728,1041.35,13,2,4444.52,5117.84,5702.65,114892.7,educacao,sim,casado,pos,temporario,nordeste,0
3827,37,7583.9,5318.22,33,14.29,740,1960.41,16,0,1772.78,2974.67,1364.94,196062.67,casa,sim,divorciado,superior,clt,norte,0
3828,49,6390.81,20473.11,67,7.28,504,1737.84,5,0,19843.56,2322.63,-169.74,164808.59,educacao,nao,casado,medio,clt,centro_oeste,0
3829,56,4101.94,40213.99,50,12.11,592,2203.51,8,3,27902.93,5996.04,5689.07,209254.48,veiculo,sim,viuvo,fundamental,autonomo,sudeste,0
3830,26,4259.43,40915.38,32,8.77,781,1349.89,8,3,10417.02,4579.09,3708.65,212439.65,negocios,sim,viuvo,pos,temporario,centro_oeste,1
3831,69,7288.19,4050.36,52,23.59,557,849.78,4,1,20404.46,7616.95,2555.29,11114.51,negocios,sim,viuvo,superior,temporario,centro_oeste,0
3832,29,4163.11,5663.86,35,21.5,610,1349.86,2,2,28120.81,1259.51,4188.3,22086.85,outros,sim,casado,medio,clt,nordeste,0
3833,64,3661.4,32978.95,55,8.0,691,679.96,16,1,1008.78,778.15,-68.73,177313.12,negocios,nao,viuvo,medio,temporario,norte,0
3834,55,8170.02,25249.94,70,5.99,602,320.43,12,4,11765.74,3652.23,2552.4,205661.62,consumo,nao,casado,superior,estudante,sudeste,0
3835,26,4714.18,9295.81,58,4.62,756,1339.26,12,0,10611.9,4532.08,333.72,150186.84,outros,sim,divorciado,fundamental,estudante,centro_oeste,0
3836,59,7983.17,39151.6,15,9.44,564,1139.56,5,3,25307.02,5936.32,4931.09,2059.91,consumo,nao,casado,medio,estudante,sul,0
3837,29,2282.89,12350.58,10,15.52,616,254.77,11,1,23317.67,1469.42,-733.55,20974.95,consumo,nao,solteiro,superior,temporario,sul,1
3838,52,5732.73,6055.79,59,13.6,626,1853.36,2,0,28938.26,5491.99,-103.46,212629.15,casa,nao,solteiro,pos,autonomo,sul,0
3839,72,8527.95,36602.57,61,27.32,717,1674.89,2,0,19202.55,7410.8,101.51,19743.04,veiculo,sim,casado,pos,estudante,nordeste,0
3840,72,4853.55,30169.73,43,23.01,555,351.22,17,2,7976.15,8231.17,1613.49,198175.57,negocios,nao,solteiro,medio,autonomo,norte,0
3841,67,4324.79,20447.14,22,5.88,530,1827.25,4,0,15158.63,8147.96,-762.45,82289.76,outros,nao,viuvo,superior,autonomo,sudeste,0
3842,46,2698.05,34019.04,64,7.81,563,372.15,13,3,13861.76,4907.0,2446.62,204703.8,outros,nao,viuvo,fundamental,clt,sul,1
3843,49,6748.22,43967.82,35,4.64,512,1380.96,5,1,23371.18,8143.6,3915.87,43509.9,negocios,nao,viuvo,fundamental,temporario,centro_oeste,0
3844,35,3413.77,4055.3,25,7.32,498,1623.61,11,4,33387.31,5069.69,-1736.72,213910.92,veiculo,nao,viuvo,pos,clt,sudeste,0
3845,70,4629.34,31059.41,30,16.71,747,1337.65,11,0,16019.61,1123.55,5120.36,114608.83,negocios,nao,divorciado,fundamental,autonomo,sul,0
3846,45,2577.9,12426.61,25,5.84,558,1913.98,13,1,22359.53,8776.21,4847.43,168883.42,outros,nao,divorciado,medio,estudante,sul,0
3847,61,7602.41,24073.27,24,5.44,528,1074.51,17,1,6219.32,522.14,-1403.57,46309.52,casa,sim,solteiro,superior,clt,nordeste,0
3848,38,6878.79,21791.14,27,6.84,744,674.06,7,3,20103.82,2929.24,-1266.84,29266.78,veiculo,nao,casado,pos,estudante,nordeste,0
3849,60,4743.15,20244.07,50,20.07,735,1308.47,15,1,25494.46,894.23,2676.45,51299.67,consumo,nao,viuvo,superior,temporario,centro_oeste,0
3850,30,2722.53,11161.2,7,4.46,518,973.99,5,0,26731.09,5121.18,645.84,164410.19,veiculo,sim,divorciado,pos,autonomo,nordeste,0
3851,59,7564.63,39020.57,29,27.27,541,530.96,17,2,34076.89,5323.17,2025.41,141.28,outros,nao,viuvo,fundamental,autonomo,norte,0
3852,20,4141.32,19768.19,17,13.14,748,1272.91,8,4,34564.72,5922.41,2626.18,151750.76,outros,sim,solteiro,superior,estudante,sudeste,1
3853,23,2810.63,42867.43,48,12.08,531,647.32,15,4,18041.16,1693.06,3174.54,22528.21,consumo,nao,casado,medio,estudante,norte,0
3854,38,1628.19,18637.41,71,15.4,764,1271.09,14,2,30120.91,648.1,3906.67,145820.72,consumo,nao,solteiro,medio,estudante,centro_oeste,1
3855,45,3637.26,40706.96,57,16.43,667,1554.67,11,4,25799.46,2758.3,4884.99,66470.95,veiculo,sim,solteiro,superior,temporario,nordeste,1
3856,58,2181.65,27273.22,22,14.08,686,1994.7,17,3,18360.96,937.72,2931.97,198198.53,educacao,nao,solteiro,fundamental,temporario,centro_oeste,1
3857,38,3678.92,20045.95,39,15.67,633,2159.35,12,3,1052.4,799.92,-980.61,69119.18,educacao,nao,divorciado,medio,autonomo,nordeste,0
3858,19,6139.94,34533.47,7,12.15,432,1730.14,10,1,34195.58,2743.57,-737.53,200350.84,educacao,nao,divorciado,medio,autonomo,norte,0
3859,36,4124.28,38292.79,33,11.73,749,2253.02,4,2,33782.93,8990.1,2987.02,124930.96,casa,sim,casado,medio,estudante,nordeste,1
3860,43,5440.25,24462.43,24,4.66,644,1474.07,6,4,18134.99,7328.82,3728.56,47959.62,veiculo,sim,casado,pos,estudante,centro_oeste,1
3861,48,3498.0,21856.63,39,20.12,489,1828.2,0,4,12055.28,3574.88,4081.83,187233.15,casa,sim,viuvo,superior,autonomo,nordeste,0
3862,54,4917.3,28772.56,32,18.81,753,1967.24,12,3,3912.47,3696.8,2245.56,66078.19,veiculo,nao,solteiro,medio,clt,centro_oeste,0
3863,32,8257.62,29124.93,51,20.05,537,2093.64,10,0,1929.65,8403.7,2883.03,134424.85,negocios,sim,casado,pos,temporario,sudeste,0
3864,52,4172.73,21859.3,42,26.59,566,1924.3,12,0,28119.21,6126.82,5801.49,119714.77,outros,nao,divorciado,fundamental,estudante,sul,0
3865,54,5491.97,36973.66,67,15.35,675,2273.6,11,2,14330.39,7614.23,916.23,172936.07,educacao,sim,casado,pos,estudante,sudeste,0
3866,62,1982.05,20687.33,10,25.16,533,1277.02,4,2,19699.08,7847.85,-129.47,56280.63,negocios,nao,viuvo,fundamental,clt,sudeste,0
3867,47,7536.19,23111.42,68,14.65,422,2392.08,17,3,10551.69,1938.97,5758.12,27589.04,outros,nao,casado,pos,temporario,sul,0
3868,64,3941.03,30041.98,58,15.46,548,1108.66,7,1,21489.85,636.92,5366.35,200818.18,casa,nao,divorciado,superior,autonomo,norte,1
3869,30,6690.96,47401.63,53,19.19,693,342.84,12,3,26556.92,2780.18,-1744.73,68695.56,consumo,nao,divorciado,fundamental,temporario,sudeste,1
3870,58,4578.28,14361.22,60,9.18,589,602.51,2,4,31251.24,5552.49,1334.67,136820.76,negocios,nao,divorciado,superior,clt,sul,0
3871,20,5900.84,13053.85,9,9.22,704,1475.18,10,1,17362.95,8222.61,3931.77,191607.41,consumo,nao,solteiro,pos,clt,sudeste,1
3872,23,6007.82,10548.37,20,16.24,448,213.84,7,3,10506.47,3123.22,-415.77,17802.85,veiculo,nao,casado,superior,autonomo,centro_oeste,0
3873,67,3985.61,33869.71,6,5.65,522,545.15,16,0,2688.21,7726.09,-1551.18,64234.85,veiculo,nao,viuvo,pos,temporario,nordeste,0
3874,45,6765.43,22933.81,58,9.68,515,1047.86,13,2,29890.46,6128.6,-1515.87,18382.9,educacao,nao,solteiro,pos,temporario,centro_oeste,1
3875,53,3433.83,20181.59,29,23.04,445,1628.37,16,4,29874.87,6063.36,2605.39,202748.76,negocios,nao,viuvo,medio,autonomo,centro_oeste,1
3876,52,6200.28,11786.11,29,15.13,678,564.08,5,1,12368.44,6588.43,-3.82,206933.46,casa,sim,solteiro,fundamental,autonomo,nordeste,0
3877,57,4097.63,43046.8,46,4.64,504,1513.68,11,3,7254.11,4848.03,211.53,199131.25,outros,sim,divorciado,superior,clt,norte,0
3878,31,5429.2,22664.37,33,5.46,608,1718.5,11,4,23568.66,6225.56,-1681.83,80239.95,casa,sim,casado,medio,temporario,norte,0
3879,28,3968.41,30150.05,48,26.07,816,1951.69,4,2,26483.08,7242.85,3862.04,105509.68,consumo,sim,solteiro,superior,autonomo,norte,0
3880,20,4889.96,7620.1,67,26.96,518,1712.31,5,4,25263.77,5509.77,4780.3,201052.72,educacao,nao,casado,superior,autonomo,norte,1
3881,67,2865.55,7412.74,27,19.39,497,760.19,12,3,2494.89,833.38,3921.5,194717.86,educacao,sim,casado,fundamental,temporario,sudeste,0
3882,30,5245.6,5564.63,64,8.44,792,2493.88,2,2,34448.01,4840.06,-736.99,2519.97,consumo,sim,viuvo,fundamental,temporario,sudeste,0
3883,50,4879.54,19214.25,41,12.83,562,2240.74,7,0,19058.21,5574.3,5666.37,39389.48,negocios,sim,solteiro,pos,clt,sudeste,0
3884,43,3827.72,24016.34,30,11.33,538,1046.56,13,3,21292.1,7940.52,5704.64,89830.23,casa,nao,casado,medio,temporario,sul,0
3885,27,4700.95,13628.31,66,22.84,707,247.72,15,1,1586.34,544.43,221.22,165146.53,consumo,sim,viuvo,medio,clt,sudeste,0
3886,41,5041.21,18410.33,38,16.89,471,1406.6,10,1,413.12,912.86,5867.94,84313.85,veiculo,nao,casado,pos,estudante,nordeste,0
3887,22,3690.56,2784.83,14,22.71,571,2187.24,12,4,4421.67,3627.49,1664.7,45357.23,negocios,nao,solteiro,fundamental,temporario,sul,0
3888,28,4568.23,18474.53,24,12.65,499,2086.91,14,1,13684.27,7325.22,-1474.9,182298.4,consumo,nao,casado,fundamental,estudante,norte,0
3889,25,2990.01,7922.3,61,24.87,776,2262.33,4,1,33067.1,4616.74,2688.15,75011.48,outros,nao,casado,medio,estudante,norte,0
3890,64,9022.32,8341.49,40,14.3,538,2429.28,12,4,25480.76,3094.66,2308.31,24944.17,negocios,nao,solteiro,pos,autonomo,centro_oeste,0
3891,50,6706.41,2705.03,42,14.02,646,1834.23,13,1,34973.0,6392.67,4894.7,139383.27,outros,nao,solteiro,superior,estudante,sul,0
3892,70,5291.57,34185.32,51,15.74,629,556.76,14,3,23795.61,4787.08,974.25,190229.95,outros,nao,casado,pos,autonomo,norte,0
3893,42,6909.8,44873.41,18,18.2,617,264.48,10,2,3491.57,5376.6,4179.74,126883.51,casa,nao,solteiro,superior,temporario,centro_oeste,0
3894,29,1237.35,30780.32,12,25.46,446,531.26,2,0,24307.37,4140.83,4336.46,219200.36,outros,nao,divorciado,medio,clt,sul,0
3895,52,1200.0,6877.19,35,14.99,525,646.55,0,2,22446.55,6662.95,-1527.39,192293.7,casa,nao,casado,pos,clt,centro_oeste,0
3896,70,4081.28,47529.05,66,26.32,761,322.43,11,2,31020.81,632.47,3450.51,53830.87,educacao,sim,divorciado,medio,clt,norte,0
3897,48,2318.58,46889.13,14,13.45,639,1232.01,4,3,19048.54,514.28,1939.88,72436.99,outros,nao,casado,medio,autonomo,norte,0
3898,19,4374.11,23804.67,53,11.79,770,1998.6,6,1,8595.07,6304.06,-221.06,43066.94,educacao,nao,solteiro,fundamental,autonomo,sul,1
3899,35,5170.18,7408.05,70,11.08,643,189.86,8,1,25645.1,726.59,1451.78,122690.52,educacao,nao,viuvo,medio,autonomo,centro_oeste,0
3900,70,6456.75,35293.64,12,4.51,547,2044.41,13,1,26369.13,3366.1,4886.3,143446.91,consumo,nao,viuvo,fundamental,estudante,sul,0
3901,47,2751.12,46246.8,14,24.38,558,2326.71,6,2,17997.2,3613.8,3580.23,164921.13,negocios,sim,solteiro,pos,clt,nordeste,0
3902,72,5519.34,37930.83,63,5.9,730,532.61,10,4,3318.92,5717.39,3092.13,116525.92,casa,nao,casado,superior,estudante,nordeste,0
3903,47,4825.9,30901.23,13,12.02,515,229.52,8,2,14482.14,7065.65,-1164.19,26952.12,consumo,nao,divorciado,fundamental,estudante,norte,1
3904,18,5425.52,30292.85,55,10.01,659,1292.13,0,0,29397.3,7485.49,3400.04,55082.17,outros,sim,solteiro,pos,estudante,centro_oeste,0
3905,67,3864.41,46995.27,58,21.87,794,2194.99,12,4,10627.06,2881.31,4116.5,103032.52,consumo,nao,solteiro,pos,autonomo,norte,1
3906,61,7289.64,5826.93,26,26.38,758,1889.45,9,1,25607.86,1879.6,5609.88,59260.16,negocios,nao,viuvo,fundamental,autonomo,centro_oeste,1
3907,58,4613.68,9304.8,25,23.6,574,260.5,3,2,8872.83,8836.8,4424.73,11153.54,consumo,nao,divorciado,medio,autonomo,norte,0
3908,73,7993.53,40301.92,40,11.68,530,1741.97,13,4,11504.8,871.84,-1176.45,195696.94,consumo,sim,viuvo,medio,estudante,nordeste,0
3909,29,3377.3,9102.65,39,14.94,668,2077.17,1,0,11796.64,7417.42,5559.53,114691.82,consumo,sim,viuvo,superior,estudante,centro_oeste,0
3910,69,6137.09,19939.99,62,9.93,664,808.84,4,0,4743.72,671.07,4377.02,130961.58,outros,sim,casado,medio,estudante,centro_oeste,0
3911,31,4692.6,15308.22,45,26.18,708,1695.92,4,1,12290.76,4623.49,-1773.96,22527.37,casa,nao,viuvo,medio,estudante,nordeste,0
3912,73,4210.06,13576.73,69,6.85,449,1325.96,11,1,25326.57,5952.69,3758.94,200321.53,casa,sim,divorciado,fundamental,clt,norte,0
3913,28,5938.17,3670.35,21,26.85,635,657.06,17,4,14045.86,4560.59,570.97,189739.05,negocios,nao,divorciado,pos,estudante,norte,0
3914,49,4261.49,28264.43,24,23.53,423,2271.5,15,3,10490.76,5300.0,2919.25,85927.76,consumo,sim,divorciado,medio,autonomo,nordeste,0
3915,62,1200.0,20756.4,21,21.08,816,697.38,2,3,24524.84,715.61,405.74,43609.58,educacao,sim,solteiro,pos,estudante,sudeste,0
3916,22,1200.0,27597.35,48,22.58,769,2129.9,1,1,18041.76,1810.9,3894.34,174775.92,negocios,sim,viuvo,medio,temporario,norte,1
3917,21,7090.36,16355.12,8,12.14,715,1807.84,14,2,15255.28,5203.03,-343.53,126325.92,educacao,sim,solteiro,pos,autonomo,sul,0
3918,66,7014.47,45336.47,62,11.1,537,692.51,10,2,27865.46,7535.53,4709.36,182942.05,consumo,nao,solteiro,pos,autonomo,nordeste,0
3919,21,8197.21,29406.3,56,13.15,718,1830.27,6,0,13368.07,5161.61,-1231.37,106020.07,veiculo,sim,viuvo,fundamental,temporario,norte,0
3920,52,4768.45,46234.92,71,8.36,598,240.33,15,2,19052.17,4745.6,-1612.07,196080.76,veiculo,nao,solteiro,fundamental,autonomo,centro_oeste,0
3921,71,2473.26,18425.27,69,21.91,679,728.15,3,1,1112.12,8899.55,-770.97,157557.13,consumo,sim,solteiro,superior,temporario,nordeste,0
3922,53,4044.75,2604.17,10,15.4,512,842.14,2,4,11879.57,3813.5,1199.45,77499.95,educacao,nao,divorciado,fundamental,estudante,nordeste,0
3923,45,4820.56,38047.58,55,25.26,609,2242.92,8,3,8291.62,3776.58,3322.12,166067.89,casa,sim,casado,superior,autonomo,sudeste,0
3924,41,2987.33,40145.74,39,25.08,770,2303.7,4,4,31001.24,1129.17,1948.67,70751.67,educacao,nao,solteiro,medio,autonomo,norte,0
3925,54,7767.43,5171.0,54,7.74,495,808.7,4,0,736.84,7157.03,1910.54,94486.62,educacao,sim,solteiro,medio,autonomo,sudeste,0
3926,50,8831.11,30954.3,63,9.25,573,1281.21,11,0,24501.59,1075.61,4951.52,87917.56,casa,nao,viuvo,fundamental,autonomo,norte,0
3927,46,5660.91,32576.31,44,13.86,536,2457.37,5,2,26466.96,1657.32,2562.29,92035.71,consumo,sim,solteiro,fundamental,clt,sudeste,0
3928,26,4780.45,9130.89,6,6.85,491,1725.07,10,2,11637.54,982.44,2159.33,159643.21,negocios,nao,solteiro,fundamental,autonomo,centro_oeste,0
3929,55,2469.06,27639.87,63,20.55,578,341.73,10,2,8998.43,2135.27,1471.56,54046.97,outros,nao,divorciado,superior,temporario,centro_oeste,0
3930,60,7583.58,13565.55,34,21.7,663,1088.12,14,3,5769.21,4230.58,5831.63,71106.71,veiculo,nao,viuvo,pos,temporario,centro_oeste,0
3931,58,4937.35,3248.55,36,21.31,441,1157.74,17,4,9698.64,856.99,93.91,112693.98,casa,sim,divorciado,medio,autonomo,sul,0
3932,22,4279.5,41944.45,44,15.29,502,890.84,11,1,31987.91,3997.26,-586.58,60900.56,outros,nao,solteiro,pos,temporario,nordeste,0
3933,58,5666.11,24872.13,66,24.24,746,1386.2,5,1,1516.79,4588.96,2040.47,29250.31,veiculo,nao,casado,superior,clt,sudeste,0
3934,59,3745.72,38067.31,40,18.54,524,1887.57,10,1,15985.04,1441.78,3486.56,154711.13,consumo,sim,divorciado,fundamental,estudante,sul,1
3935,28,5064.38,35391.63,19,27.85,554,1784.28,8,1,9253.34,968.66,-1630.99,131428.52,negocios,sim,casado,superior,clt,nordeste,0
3936,66,2203.56,47713.59,54,23.57,689,995.59,8,2,24355.48,3172.35,4884.54,208187.77,casa,nao,solteiro,medio,temporario,sul,1
3937,47,6756.76,22426.88,47,21.33,718,1889.0,6,4,11686.59,6029.54,408.31,163367.85,outros,nao,viuvo,superior,clt,nordeste,0
3938,44,4612.06,21953.55,10,6.96,803,1419.05,1,2,12108.65,5660.71,3234.0,125865.1,veiculo,sim,solteiro,pos,estudante,norte,0
3939,59,6885.84,15319.88,41,23.98,483,1965.27,4,2,2040.31,1576.2,-448.37,58660.94,educacao,nao,divorciado,pos,autonomo,sudeste,0
3940,47,4437.95,30944.2,57,11.33,721,444.22,10,4,31867.38,1281.25,5000.97,43910.6,educacao,sim,solteiro,medio,temporario,sudeste,0
3941,49,4554.84,24618.12,64,14.05,709,1119.04,1,1,18255.56,2088.55,999.36,115145.72,consumo,sim,casado,medio,autonomo,norte,0
3942,35,2617.83,35658.63,24,15.11,469,1095.59,2,0,2414.54,7932.05,-341.7,101355.62,consumo,sim,divorciado,medio,autonomo,sul,0
3943,70,6167.56,18721.28,40,11.95,770,996.18,10,1,26310.33,8419.12,-1645.99,89100.74,consumo,nao,solteiro,superior,estudante,centro_oeste,0
3944,73,3223.49,8453.44,60,6.6,545,1799.44,17,0,27301.18,4933.67,608.53,97143.23,casa,sim,solteiro,fundamental,estudante,sul,1
3945,25,3924.44,41740.81,44,8.78,589,1472.54,3,1,16139.89,8169.32,1157.83,46677.32,casa,sim,divorciado,pos,clt,sul,0
3946,59,4801.88,40176.14,33,23.28,738,1075.27,1,4,34269.49,1616.9,-1526.08,92551.64,outros,nao,casado,superior,clt,nordeste,0
3947,19,5018.2,18470.51,18,19.65,629,1424.22,6,4,7910.0,6086.47,2531.81,8624.66,casa,nao,casado,fundamental,autonomo,norte,0
3948,39,1729.03,33911.0,8,26.63,530,1814.19,1,4,29547.49,6014.44,1746.7,123312.54,negocios,sim,viuvo,fundamental,temporario,sul,1
3949,73,4384.55,24904.33,51,23.71,548,1746.3,16,1,29625.09,4319.3,2045.89,122519.1,outros,nao,casado,superior,temporario,sul,0
3950,27,6231.41,37124.23,69,13.65,716,1944.76,14,2,18242.93,6771.24,-758.91,146714.37,educacao,nao,casado,superior,autonomo,norte,0
3951,39,4118.99,20251.02,45,22.87,493,2155.42,2,4,18903.78,4537.43,1188.0,157033.15,veiculo,sim,viuvo,fundamental,autonomo,sudeste,0
3952,30,4395.48,26871.59,57,17.83,608,1895.39,1,3,3929.76,7779.99,5749.17,148269.71,consumo,sim,solteiro,pos,clt,sudeste,0
3953,59,5092.33,5130.63,50,10.87,718,597.92,9,0,4662.45,1654.73,987.84,176834.01,negocios,nao,casado,superior,clt,norte,0
3954,44,4573.27,10458.4,28,27.4,773,2144.06,7,4,14797.45,647.19,4385.1,29274.46,outros,sim,divorciado,medio,autonomo,nordeste,0
3955,51,2945.07,38070.34,40,26.28,750,950.29,12,0,32133.58,3714.02,-831.5,194955.31,negocios,nao,solteiro,medio,estudante,sudeste,1
3956,71,4734.58,19861.23,23,6.69,563,1725.06,16,1,7508.38,1593.19,-841.99,85453.93,outros,nao,solteiro,pos,temporario,norte,0
3957,47,6589.33,4097.3,20,24.15,499,2479.05,6,2,16625.11,2022.61,5991.62,146677.62,outros,sim,viuvo,pos,autonomo,sul,0
3958,59,2907.88,10127.45,44,5.86,793,863.57,14,3,2248.54,905.91,3257.23,26523.56,outros,sim,divorciado,superior,estudante,sudeste,0
3959,23,4125.93,21227.71,48,26.29,658,806.89,5,3,10473.17,4160.13,3385.71,49354.98,consumo,sim,casado,pos,estudante,sul,0
3960,30,2313.06,35165.05,71,18.98,582,602.62,4,3,13020.18,6766.49,1522.21,204779.64,negocios,nao,casado,medio,temporario,norte,0
3961,71,6494.49,19038.57,21,8.0,780,2463.06,17,1,33700.81,5231.7,4136.94,30262.3,outros,sim,casado,fundamental,temporario,nordeste,0
3962,66,4633.76,36405.95,25,23.61,710,1170.49,4,1,6756.38,3531.82,5439.78,102355.68,veiculo,sim,viuvo,pos,autonomo,sul,0
3963,55,3269.64,41541.76,16,16.38,610,1998.57,2,3,3525.14,599.52,-1160.37,20795.67,consumo,nao,divorciado,superior,estudante,nordeste,0
3964,39,4966.08,18021.72,68,5.43,498,294.24,10,4,1881.35,4827.04,-455.27,20527.34,consumo,sim,solteiro,pos,estudante,centro_oeste,0
3965,29,2633.52,38917.09,57,23.16,452,598.58,10,4,18271.52,3285.5,4955.36,218666.24,casa,nao,solteiro,superior,estudante,norte,1
3966,66,2939.71,8273.07,27,22.92,632,326.59,8,4,18180.82,2530.43,-1182.7,140488.78,negocios,sim,casado,medio,clt,norte,0
3967,62,2171.76,21395.4,69,15.57,465,2072.27,1,3,6854.74,4338.14,1001.25,139940.57,negocios,sim,viuvo,superior,temporario,sul,0
3968,31,2879.8,6939.09,52,21.55,544,427.2,2,2,8663.13,1945.57,-1150.99,59558.92,outros,nao,viuvo,pos,clt,nordeste,0
3969,51,7243.21,4890.02,37,4.96,692,2321.73,13,3,11159.78,3233.74,1382.17,33461.72,veiculo,nao,solteiro,medio,clt,norte,0
3970,53,3480.39,5436.0,31,11.63,425,1719.92,2,0,330.75,8372.49,1687.85,135049.15,outros,sim,divorciado,pos,autonomo,norte,0
3971,45,5639.21,7266.22,43,20.16,815,2290.13,4,4,28596.95,5692.25,-394.97,54835.08,outros,sim,casado,medio,clt,centro_oeste,0
3972,70,3294.66,40525.53,11,9.53,594,1128.55,14,4,27047.02,8912.9,-1163.17,59631.39,consumo,nao,solteiro,medio,clt,sudeste,1
3973,25,6167.16,27237.31,17,14.81,768,1399.53,6,2,11208.89,5836.99,1455.62,92483.93,casa,sim,divorciado,medio,autonomo,norte,0
3974,32,2953.05,45606.16,67,26.37,488,243.97,6,2,20100.44,1324.3,2213.02,49508.93,veiculo,sim,solteiro,medio,autonomo,sul,1
3975,23,4870.61,26979.01,19,23.84,604,1260.9,16,2,11486.3,6159.44,3948.85,206683.22,negocios,sim,solteiro,pos,clt,sudeste,1
3976,57,4895.13,31106.37,16,17.39,803,1550.46,14,0,937.71,7859.91,3862.77,127165.38,consumo,nao,divorciado,fundamental,clt,sul,0
3977,54,8990.05,10894.02,62,17.84,672,413.37,12,1,20642.61,8258.01,-1254.64,15083.83,consumo,sim,solteiro,fundamental,autonomo,norte,1
3978,74,5934.77,27096.44,68,25.29,743,2456.47,3,3,25256.7,5213.46,1616.12,106163.77,outros,nao,divorciado,fundamental,clt,sudeste,0
3979,48,3732.77,20031.27,59,24.71,694,190.19,5,0,11684.74,1521.09,4781.4,123438.46,negocios,nao,viuvo,superior,estudante,norte,0
3980,26,6033.09,44880.31,12,6.12,715,800.49,10,3,8448.02,5966.07,2856.52,78898.41,consumo,sim,solteiro,fundamental,clt,centro_oeste,0
3981,43,8648.71,44993.42,61,15.17,565,1608.24,15,1,9248.01,1715.29,4867.89,192279.14,educacao,nao,divorciado,pos,autonomo,nordeste,1
3982,23,1866.66,11531.69,23,8.58,601,1334.52,9,0,12218.36,976.31,5616.7,114589.42,educacao,sim,viuvo,medio,clt,sul,1
3983,56,3283.53,30715.95,6,6.0,439,734.94,13,2,16364.58,2299.65,807.35,52552.51,negocios,nao,solteiro,medio,autonomo,centro_oeste,0
3984,56,4373.58,31537.0,66,11.02,523,2469.27,5,1,26422.16,1324.78,-762.94,119062.06,casa,sim,solteiro,pos,temporario,sudeste,0
3985,66,4049.24,28095.35,23,18.66,445,618.2,6,2,6965.31,4285.92,-1145.4,159053.16,educacao,nao,solteiro,superior,autonomo,sul,0
3986,37,4201.04,8157.0,49,23.06,549,1498.58,10,4,24722.16,8523.27,-813.93,67918.59,negocios,nao,viuvo,medio,clt,sul,0
3987,35,2452.38,32257.7,10,25.9,710,448.85,10,3,33759.17,6113.36,3523.38,191964.62,negocios,nao,divorciado,pos,temporario,nordeste,0
3988,22,7327.12,38858.38,18,14.15,501,310.24,2,4,6309.59,6403.05,-867.39,12530.52,outros,sim,divorciado,superior,temporario,nordeste,0
3989,41,2239.3,18207.78,64,14.14,611,1311.86,6,1,17765.97,7330.64,5628.78,65487.41,veiculo,nao,solteiro,fundamental,estudante,sul,0
3990,45,4439.62,25912.1,45,7.68,640,2046.9,15,2,12644.67,2533.48,3340.07,204070.67,casa,sim,divorciado,pos,temporario,centro_oeste,0
3991,61,6682.5,7792.92,71,8.68,485,1412.65,9,3,21015.93,5365.54,5653.13,58841.42,consumo,sim,divorciado,fundamental,estudante,norte,1
3992,60,4745.67,44846.34,17,6.46,744,861.22,13,0,30829.63,6559.95,2595.35,16687.1,negocios,sim,divorciado,superior,temporario,sudeste,0
3993,25,3037.09,7483.97,64,27.42,728,218.81,14,4,31021.99,3084.49,-221.91,9906.48,veiculo,sim,casado,fundamental,estudante,sul,1
3994,34,2372.38,11981.16,63,7.06,494,2362.03,5,1,15506.76,3794.33,-488.22,165799.05,veiculo,nao,solteiro,pos,temporario,centro_oeste,0
3995,47,4386.0,16080.77,66,22.16,434,671.57,4,2,26507.25,6461.39,4189.53,73957.47,consumo,sim,divorciado,pos,temporario,norte,0
3996,37,3437.35,40073.46,9,11.63,421,1513.01,10,2,17895.66,7371.93,-1799.16,168237.23,casa,nao,casado,medio,autonomo,centro_oeste,0
3997,19,5169.42,34379.84,12,16.89,537,216.02,8,0,27020.25,3573.89,5027.22,143315.13,outros,nao,casado,medio,autonomo,nordeste,0
3998,66,2277.39,2819.16,40,24.95,470,405.51,16,1,30952.64,5818.36,-1569.86,165152.59,veiculo,sim,viuvo,medio,temporario,centro_oeste,1
3999,59,6263.46,10852.05,13,26.47,426,574.79,3,0,24913.25,6146.62,2914.59,201823.43,educacao,nao,solteiro,pos,autonomo,sul,0
4000,47,5007.99,36631.88,10,9.77,604,440.57,7,3,2126.48,8395.43,1233.15,179204.35,negocios,nao,viuvo,pos,autonomo,sul,0
4001,36,5141.71,20874.47,59,25.87,630,1411.35,0,3,8585.3,7193.43,2970.23,33295.91,negocios,nao,casado,fundamental,estudante,norte,0
4002,66,7393.94,3692.72,51,10.05,427,1101.16,6,0,27502.27,2153.48,4300.89,199545.5,outros,sim,solteiro,superior,clt,nordeste,0
4003,20,4011.97,46358.22,61,23.32,659,2038.98,10,0,687.56,5818.01,-926.76,73852.11,veiculo,nao,viuvo,pos,clt,norte,0
4004,43,3493.53,9381.1,67,4.37,581,449.59,14,4,18127.86,8640.74,5581.11,176992.4,negocios,sim,viuvo,superior,temporario,sul,0
4005,63,3814.03,25726.23,15,16.85,500,1180.08,15,1,21364.69,3715.27,2847.08,114686.5,outros,sim,viuvo,medio,clt,sudeste,1
4006,72,4453.45,13798.38,60,21.42,464,1173.54,0,4,28699.86,7004.95,1179.29,38567.64,consumo,sim,casado,medio,estudante,norte,0
4007,32,4636.26,36054.85,8,24.13,723,715.48,15,3,28231.58,5083.27,5836.83,151764.89,veiculo,nao,viuvo,pos,autonomo,sudeste,1
4008,55,3304.74,37841.04,30,24.19,463,402.63,12,3,2561.31,4221.38,4530.67,147178.77,consumo,nao,divorciado,medio,autonomo,sudeste,0
4009,28,1200.0,20573.53,25,11.17,500,204.74,3,1,23789.34,5347.24,-535.87,199730.62,consumo,nao,casado,medio,temporario,norte,0
4010,24,3790.33,32459.46,21,24.48,705,223.68,3,1,27660.52,4113.59,-1109.33,90290.47,outros,nao,viuvo,medio,autonomo,sudeste,1
4011,38,5447.69,43862.85,53,11.77,671,1104.81,13,3,3690.39,3203.24,5398.5,161534.69,casa,nao,divorciado,medio,clt,sudeste,1
4012,68,5045.26,39573.81,13,9.61,819,305.92,12,3,16989.47,6969.51,2761.97,113956.08,outros,sim,solteiro,pos,clt,nordeste,0
4013,57,6959.2,21377.85,59,4.04,436,1095.37,3,2,22727.54,5027.81,1814.85,121064.95,veiculo,sim,divorciado,fundamental,clt,sul,0
4014,45,8319.88,22587.16,63,9.66,497,1194.79,7,1,11983.96,8446.39,-1197.03,75469.54,negocios,sim,solteiro,pos,clt,sul,0
4015,34,6166.8,42852.96,49,6.84,684,1213.3,15,3,12968.63,574.3,2425.85,79482.92,negocios,nao,casado,superior,temporario,centro_oeste,0
4016,26,7288.54,4063.96,11,20.2,511,624.64,0,1,3600.7,7039.48,317.6,176577.25,consumo,sim,casado,fundamental,estudante,norte,0
4017,33,6180.19,3537.93,45,7.47,572,1337.02,9,4,27102.79,1837.37,-293.86,139598.07,consumo,nao,divorciado,superior,autonomo,sul,0
4018,26,7877.82,11863.69,47,18.05,538,1090.18,15,3,8299.16,6970.31,1250.27,150994.96,negocios,sim,divorciado,superior,autonomo,sul,0
4019,28,8131.54,40156.78,30,7.04,743,2475.7,0,1,15222.26,7896.97,-1521.63,204835.39,educacao,nao,viuvo,pos,autonomo,sul,1
4020,57,6512.1,9471.2,30,20.91,734,285.26,9,4,18073.36,7164.5,2863.34,151729.46,casa,sim,divorciado,medio,estudante,centro_oeste,0
4021,25,6071.48,15480.21,36,10.85,742,305.0,10,0,3053.74,5547.66,3044.6,161575.06,outros,sim,divorciado,superior,autonomo,centro_oeste,0
4022,20,4430.58,31122.63,71,11.41,622,2092.91,5,4,15089.6,1543.03,3620.99,170040.1,casa,sim,divorciado,superior,estudante,centro_oeste,0
4023,48,4725.59,10883.05,6,19.37,615,797.16,9,2,5332.74,8663.33,-1621.81,94389.19,educacao,sim,divorciado,pos,autonomo,norte,0
4024,34,4191.89,16291.79,39,26.53,648,606.38,12,1,8138.31,3273.97,-430.46,101237.79,outros,nao,viuvo,medio,autonomo,norte,1
4025,43,5918.25,23744.53,26,27.8,446,2208.81,5,4,12470.03,739.95,4224.35,215362.52,negocios,sim,casado,fundamental,autonomo,centro_oeste,0
4026,25,3503.37,12878.97,42,12.57,638,1415.93,8,3,17140.57,515.97,2682.5,123135.44,consumo,sim,solteiro,medio,autonomo,sul,0
4027,29,4456.01,47654.82,6,26.71,530,1608.63,9,0,15197.17,6778.3,-1729.37,82688.33,outros,sim,divorciado,medio,temporario,nordeste,0
4028,43,1200.0,9936.79,66,18.7,794,198.47,0,1,2505.28,7580.64,3899.48,12819.13,consumo,nao,viuvo,medio,autonomo,norte,0
4029,57,7901.56,41172.14,36,25.76,493,784.94,3,2,12262.93,7325.83,1449.5,47362.42,outros,nao,solteiro,pos,clt,nordeste,0
4030,41,4403.15,23889.54,69,4.67,433,781.35,11,3,1372.72,5251.83,251.97,171161.48,educacao,nao,solteiro,pos,temporario,sudeste,0
4031,48,5620.04,8375.13,16,4.8,805,1945.27,8,4,8777.54,5871.01,4083.17,203878.11,casa,sim,casado,fundamental,temporario,centro_oeste,0
4032,47,7424.02,7891.12,44,5.79,483,1074.48,17,1,2978.85,8207.89,1010.85,172590.68,consumo,nao,viuvo,medio,clt,norte,0
4033,33,5340.53,25263.47,50,23.31,626,1519.65,15,4,5858.56,6140.83,1738.19,175094.67,consumo,sim,casado,fundamental,temporario,norte,0
4034,33,7399.82,18585.17,58,7.31,572,2342.02,3,3,17587.17,3485.11,4914.06,192746.26,casa,sim,viuvo,pos,autonomo,nordeste,0
4035,42,2564.87,13174.4,6,8.24,527,2464.45,17,1,32455.86,8578.42,-632.41,97861.17,educacao,sim,casado,pos,temporario,sul,0
4036,19,9115.28,46131.73,47,18.05,615,475.4,15,4,6816.77,8707.45,2612.13,30651.65,veiculo,nao,viuvo,fundamental,autonomo,centro_oeste,1
4037,57,6756.8,23583.78,15,26.98,712,1469.61,7,4,25578.23,5837.08,-989.2,136284.3,negocios,sim,casado,superior,clt,sul,0
4038,53,5176.56,44760.9,34,17.61,465,1802.01,11,1,1529.56,5311.85,5827.28,200029.62,outros,nao,viuvo,fundamental,autonomo,sudeste,0
4039,35,7365.14,9961.99,9,21.58,684,1994.36,5,2,11754.72,8463.27,632.47,97939.71,educacao,nao,casado,pos,clt,sudeste,0
4040,39,2696.46,10847.71,9,8.51,777,2314.65,1,4,14048.47,7113.63,5299.78,179681.77,outros,nao,solteiro,fundamental,clt,sudeste,1
4041,36,4280.49,29619.26,56,25.94,536,1869.74,4,2,3792.31,1509.09,1062.67,192628.51,outros,nao,viuvo,medio,clt,nordeste,1
4042,55,7399.65,14779.34,53,5.34,691,1780.65,13,3,22287.06,8644.44,4800.14,17593.41,outros,nao,divorciado,medio,temporario,sudeste,0
4043,61,1439.29,10914.67,65,10.79,788,305.51,10,3,5098.57,6657.12,4163.92,93960.58,veiculo,nao,solteiro,medio,clt,sudeste,0
4044,24,5808.82,6808.19,52,14.89,792,1443.98,7,2,28023.72,6781.61,13.89,99830.19,casa,sim,casado,superior,clt,sul,0
4045,41,5757.92,5970.32,45,9.43,679,1569.14,8,1,20703.39,3907.93,3245.99,95227.45,veiculo,sim,viuvo,medio,autonomo,norte,0
4046,18,8344.61,36769.16,13,19.93,796,1795.87,14,2,25945.26,571.79,20.07,58012.06,consumo,sim,casado,medio,estudante,nordeste,1
4047,43,1950.68,15338.42,56,20.29,730,1533.4,12,4,5748.16,2809.72,-1651.99,107574.51,educacao,nao,viuvo,pos,autonomo,centro_oeste,0
4048,32,7697.34,47018.07,21,9.08,625,1129.92,11,1,11098.5,3314.45,543.73,159100.02,veiculo,nao,divorciado,medio,autonomo,nordeste,0
4049,37,3792.95,10832.01,13,4.21,470,1310.9,9,4,24691.63,4375.04,3742.35,149519.2,consumo,nao,solteiro,pos,estudante,norte,0
4050,44,3995.38,18627.32,54,5.78,761,2424.18,0,1,15867.08,6461.33,-407.36,204585.61,casa,nao,divorciado,pos,temporario,norte,0
4051,36,2600.39,19558.34,44,4.01,534,943.52,6,2,22131.95,4330.16,3096.85,161759.38,casa,sim,solteiro,pos,autonomo,sudeste,0
4052,40,2841.87,25256.95,15,25.73,714,1999.94,2,0,14471.04,3663.1,4166.11,165999.47,veiculo,nao,divorciado,pos,clt,sul,0
4053,61,5526.34,42113.93,42,18.92,677,1589.26,13,4,23527.41,2609.05,620.65,63688.84,veiculo,nao,solteiro,fundamental,temporario,sul,1
4054,64,2797.8,40482.04,51,7.32,564,1209.69,6,3,22453.47,7032.24,-1003.8,6881.83,consumo,sim,divorciado,medio,temporario,sudeste,1
4055,18,6132.51,2953.01,38,6.22,729,1141.22,4,0,10482.7,7193.78,2853.42,112885.55,veiculo,sim,solteiro,medio,autonomo,sudeste,0
4056,39,3606.66,21121.11,53,23.62,682,1426.37,8,1,30858.81,3587.29,-775.42,171337.8,veiculo,sim,solteiro,superior,clt,centro_oeste,1
4057,66,2616.54,40171.12,39,23.46,718,2035.52,8,2,25633.6,2349.27,-1779.73,87640.26,educacao,nao,solteiro,fundamental,autonomo,nordeste,0
4058,48,3849.94,2509.0,29,26.26,801,463.39,16,2,2387.73,2370.4,-780.27,179156.99,veiculo,sim,casado,fundamental,temporario,norte,0
4059,29,5406.07,26780.6,20,7.82,529,2292.73,3,0,1319.64,6133.93,279.85,136478.6,veiculo,sim,divorciado,superior,autonomo,sudeste,0
4060,51,4300.76,14306.14,23,16.53,725,1976.02,14,4,25064.3,7066.9,3483.56,73041.25,casa,sim,viuvo,medio,autonomo,norte,0
4061,26,4861.58,21280.97,59,6.92,435,989.75,3,2,22121.11,7172.37,794.24,75325.99,veiculo,nao,divorciado,pos,estudante,centro_oeste,1
4062,19,6053.17,21623.86,30,23.1,703,203.62,14,3,32355.96,7900.65,5364.83,150203.37,educacao,sim,divorciado,pos,temporario,norte,0
4063,54,6748.36,20324.83,53,13.9,482,424.12,9,3,23641.41,6913.0,3989.65,126760.54,casa,nao,viuvo,fundamental,estudante,centro_oeste,0
4064,47,4241.83,43083.73,29,20.7,508,515.0,9,0,7286.73,4630.43,5902.27,14739.54,outros,nao,casado,pos,clt,sul,0
4065,61,2920.4,26909.09,40,4.73,498,420.31,12,1,1471.44,2772.59,3389.3,121523.0,consumo,nao,solteiro,superior,temporario,centro_oeste,0
4066,37,4936.97,43620.48,46,22.67,752,418.45,1,3,18634.24,3677.16,-1633.16,9574.05,veiculo,sim,solteiro,pos,estudante,nordeste,0
4067,66,5647.17,35566.78,37,9.51,569,2407.54,14,3,17370.39,2911.71,-638.73,120357.97,outros,nao,viuvo,pos,autonomo,sudeste,0
4068,42,2170.69,18475.96,55,24.23,575,1707.63,13,1,32808.27,1345.67,302.83,204071.79,consumo,nao,viuvo,superior,autonomo,norte,1
4069,60,3196.91,24957.15,66,8.46,564,2083.88,3,1,24792.99,1723.16,3685.98,20195.13,negocios,sim,viuvo,superior,autonomo,nordeste,1
4070,23,3505.46,20238.56,62,22.96,669,1485.73,1,3,31501.8,607.91,3233.05,106453.94,educacao,sim,solteiro,pos,temporario,norte,1
4071,23,4425.92,40200.13,66,7.22,786,1617.2,13,1,26479.83,2172.28,-199.25,170443.26,veiculo,sim,solteiro,fundamental,temporario,sudeste,0
4072,62,3430.14,11035.7,7,19.92,691,2223.92,1,0,23121.73,7599.28,3644.88,94340.28,casa,nao,viuvo,fundamental,autonomo,centro_oeste,0
4073,65,6072.67,45106.76,56,22.7,460,787.77,10,2,19709.62,5065.58,376.59,79162.16,negocios,sim,viuvo,medio,clt,nordeste,0
4074,71,1910.76,28909.31,53,13.27,626,1791.3,4,0,20301.24,3810.25,3413.98,127046.64,educacao,nao,casado,medio,temporario,norte,0
4075,36,1956.51,30334.99,33,9.86,463,2266.4,12,2,17760.99,2517.78,624.15,187947.57,veiculo,nao,viuvo,superior,temporario,norte,0
4076,19,4199.0,26014.46,26,12.27,486,2352.2,16,4,29363.93,5513.87,-159.5,190675.48,outros,sim,divorciado,superior,estudante,sul,1
4077,73,4483.82,27729.59,9,11.12,498,1210.19,15,0,8212.12,8773.83,2059.76,59531.32,veiculo,sim,viuvo,pos,clt,nordeste,0
4078,52,2181.64,32879.23,61,19.19,698,2167.57,13,1,32031.68,3457.73,5849.85,212758.85,outros,nao,solteiro,superior,estudante,sul,1
4079,32,3707.85,32304.1,61,5.07,770,1348.95,11,2,19582.25,7703.83,3243.4,35775.48,veiculo,sim,divorciado,medio,autonomo,nordeste,0
4080,61,4078.12,12243.69,10,4.99,518,778.3,1,0,15310.13,8482.98,942.8,46646.65,outros,nao,solteiro,medio,estudante,nordeste,0
4081,69,4092.06,29001.03,44,10.91,796,762.23,17,2,7385.93,7188.91,2243.87,154038.06,casa,sim,viuvo,pos,autonomo,nordeste,1
4082,34,5073.39,18635.5,42,10.65,526,1228.1,16,1,9662.21,5527.21,1621.14,190724.74,veiculo,sim,solteiro,superior,autonomo,centro_oeste,0
4083,61,3609.16,31484.88,17,8.25,542,778.3,1,3,20445.41,3067.29,-1555.52,40798.83,consumo,sim,viuvo,medio,temporario,centro_oeste,0
4084,62,7460.11,27426.47,42,21.2,470,249.55,14,1,5310.35,783.77,3459.45,71539.97,consumo,nao,divorciado,medio,clt,nordeste,0
4085,46,5678.77,10675.44,59,4.57,438,424.87,1,4,115.86,6761.0,-197.12,17007.48,educacao,sim,divorciado,superior,estudante,sul,0
4086,54,3347.2,35930.39,27,26.18,667,2150.19,10,4,9072.9,8625.72,2366.98,101207.25,outros,nao,divorciado,pos,autonomo,sudeste,1
4087,33,4970.12,23294.11,53,22.18,582,2227.42,4,4,10643.65,6358.18,-1246.9,113685.9,negocios,sim,viuvo,fundamental,temporario,nordeste,0
4088,70,5023.23,27590.59,70,13.67,466,2205.46,2,0,32946.02,807.89,4364.32,129915.35,casa,sim,casado,medio,estudante,sudeste,1
4089,74,6986.5,33105.25,36,24.61,645,1464.61,4,4,20363.85,1685.29,-1664.05,41206.5,outros,nao,casado,pos,autonomo,centro_oeste,0
4090,73,3719.31,32205.67,13,18.84,558,2349.7,5,0,14201.78,3840.12,707.41,60875.77,educacao,sim,viuvo,superior,autonomo,sudeste,0
4091,60,6181.21,36576.26,25,17.69,577,1337.89,6,1,34405.0,8908.95,1189.87,166122.67,outros,nao,casado,fundamental,temporario,centro_oeste,0
4092,20,4875.34,11907.2,15,11.51,775,1253.1,5,4,12859.16,1221.61,4224.51,24156.34,casa,nao,solteiro,pos,autonomo,centro_oeste,0
4093,38,7484.82,7522.8,29,19.91,581,1280.57,8,4,33534.86,3202.01,5793.98,904.15,negocios,sim,divorciado,medio,autonomo,sul,0
4094,43,7123.6,32947.67,48,7.35,601,769.54,11,1,32951.3,5190.99,-307.61,85685.36,outros,sim,viuvo,pos,autonomo,centro_oeste,0
4095,72,5154.56,13237.32,19,16.6,694,1603.33,8,4,24146.38,1451.64,-715.35,127442.14,outros,nao,divorciado,fundamental,temporario,sudeste,0
4096,49,4327.89,7714.52,39,6.79,777,1221.57,10,0,18383.21,1499.65,3049.28,196125.28,educacao,nao,divorciado,pos,autonomo,nordeste,1
4097,48,5711.89,8471.31,71,14.68,715,2441.21,6,1,28761.07,1083.92,-105.08,8653.92,casa,sim,casado,medio,temporario,nordeste,1
4098,26,4475.19,16732.41,23,18.79,617,579.0,4,0,11336.86,4773.64,-1611.1,73522.56,educacao,nao,casado,medio,temporario,centro_oeste,1
4099,63,7824.55,47626.31,64,7.73,542,357.95,2,2,12875.05,2935.41,8.12,188438.87,veiculo,sim,divorciado,medio,clt,centro_oeste,0
4100,37,4941.25,9655.34,26,9.33,491,994.64,5,4,7240.96,835.77,29.29,156845.25,consumo,sim,divorciado,medio,temporario,sudeste,0
4101,23,4069.84,16083.41,46,23.52,469,680.08,3,3,8939.04,4765.51,2501.94,139273.08,negocios,nao,viuvo,pos,temporario,norte,1
4102,74,3972.69,44393.4,16,10.14,723,2481.22,9,2,4776.01,6708.83,1710.23,2167.72,veiculo,nao,casado,superior,autonomo,sudeste,1
4103,28,2616.54,46330.52,23,6.29,714,1475.9,11,0,29773.83,6185.15,800.88,102248.85,educacao,sim,divorciado,fundamental,temporario,nordeste,0
4104,18,5801.81,12912.37,63,11.94,561,1014.54,15,3,43.68,6316.61,454.92,215190.16,casa,nao,viuvo,pos,autonomo,nordeste,1
4105,22,3323.98,42560.6,44,26.44,795,1671.16,5,1,14856.65,5180.37,289.39,147456.82,consumo,sim,divorciado,fundamental,temporario,nordeste,0
4106,43,6776.67,8820.77,43,20.65,806,1231.22,2,3,12747.61,7140.51,4921.7,179377.18,casa,sim,casado,superior,estudante,sul,1
4107,23,2472.72,37149.91,39,17.81,668,664.47,14,0,13568.6,1030.24,1794.32,112979.76,outros,nao,viuvo,pos,clt,centro_oeste,0
4108,66,5029.03,3091.87,22,24.17,524,1095.28,13,2,29531.66,2121.06,4868.41,79533.14,negocios,sim,divorciado,medio,clt,nordeste,0
4109,47,6870.4,21001.19,67,19.84,622,844.34,5,2,28737.17,6478.08,5966.86,70592.43,consumo,nao,casado,medio,temporario,nordeste,1
4110,36,1200.0,13753.75,31,23.47,748,1659.21,17,3,23218.9,3353.82,2065.71,175271.74,educacao,nao,divorciado,medio,temporario,sudeste,0
4111,18,8432.88,34532.36,6,19.77,622,2074.44,11,4,24118.83,2530.2,5442.25,101488.11,outros,nao,viuvo,superior,temporario,sul,0
4112,45,4034.49,3230.55,65,24.74,617,789.18,13,4,28123.66,729.89,-438.23,70916.63,consumo,nao,viuvo,superior,temporario,centro_oeste,0
4113,26,5053.97,23653.03,9,18.98,633,1621.48,6,1,13476.57,7882.06,616.33,144246.97,outros,sim,divorciado,superior,temporario,nordeste,0
4114,73,5828.61,34201.17,64,10.36,756,1823.67,7,3,15768.73,7622.78,3339.48,219655.82,casa,nao,solteiro,fundamental,autonomo,sul,0
4115,34,6107.03,4625.07,23,4.99,584,1038.43,6,3,8565.62,1014.01,56.52,94677.78,negocios,sim,divorciado,pos,clt,sul,0
4116,45,5292.99,43331.71,10,6.53,493,1311.08,13,4,8331.86,3087.32,2815.77,36089.81,consumo,sim,divorciado,fundamental,estudante,nordeste,0
4117,19,6595.29,18934.48,20,16.3,625,1012.45,14,4,32711.62,2323.7,5211.82,141244.87,outros,sim,solteiro,superior,autonomo,sudeste,1
4118,25,5734.33,10019.6,49,27.32,673,1045.14,15,0,26622.71,2257.67,5794.19,88140.3,negocios,sim,casado,pos,clt,norte,0
4119,29,7969.59,12758.63,42,22.23,793,1215.22,5,4,15854.6,2693.68,2372.03,129736.8,casa,sim,solteiro,superior,temporario,norte,0
4120,20,5740.19,17920.22,16,22.61,465,865.38,13,2,1364.78,3024.82,3946.4,219349.04,consumo,nao,casado,pos,estudante,sudeste,0
4121,59,8336.34,11526.07,25,19.93,797,1312.93,12,4,25998.03,6505.46,2905.22,100766.98,educacao,nao,casado,fundamental,autonomo,norte,1
4122,71,6421.94,25731.33,19,25.68,742,1925.21,0,3,33198.05,8743.74,1475.27,66619.53,negocios,sim,casado,fundamental,autonomo,nordeste,0
4123,74,1549.65,31298.39,49,21.65,704,1094.77,14,1,32435.86,886.23,980.69,215761.28,casa,nao,viuvo,fundamental,estudante,sul,0
4124,33,9499.98,22221.07,63,10.2,514,2373.42,2,1,24995.69,3244.58,2990.37,146808.04,veiculo,sim,casado,pos,estudante,centro_oeste,0
4125,62,3766.18,21929.96,22,15.99,502,685.75,2,4,22670.84,6173.06,895.9,67214.84,outros,sim,casado,pos,estudante,nordeste,0
4126,46,7491.98,38067.33,65,13.7,591,1222.85,1,0,4229.4,3100.37,4042.22,69761.03,outros,nao,divorciado,pos,autonomo,centro_oeste,0
4127,20,4848.23,16196.26,32,7.97,493,1575.91,9,0,2998.21,2124.57,-815.86,133053.91,educacao,sim,solteiro,superior,clt,nordeste,0
4128,23,6709.96,30835.98,11,9.34,682,1440.37,0,0,9282.1,1926.51,3805.01,79893.07,consumo,nao,solteiro,fundamental,clt,sudeste,0
4129,49,3560.74,43127.93,27,10.84,720,2376.9,9,2,19731.01,5582.53,2186.29,170043.5,educacao,nao,divorciado,medio,estudante,nordeste,0
4130,42,5926.34,12578.9,63,8.17,611,932.44,12,1,31962.49,1783.97,-1162.12,42469.09,casa,nao,viuvo,fundamental,temporario,sudeste,0
4131,18,4344.26,30705.48,59,9.22,696,1056.11,9,2,30488.38,1320.65,4748.6,41960.03,outros,nao,divorciado,fundamental,autonomo,centro_oeste,1
4132,71,7642.21,45632.72,54,25.99,731,1561.98,4,4,10712.19,6872.4,2488.89,51195.65,consumo,sim,viuvo,medio,estudante,sul,0
4133,59,5589.6,26605.68,32,12.24,785,1563.57,6,1,12818.47,3421.97,3931.91,192250.21,educacao,sim,solteiro,pos,clt,norte,0
4134,46,6484.7,46948.85,57,23.86,695,2006.86,12,0,10862.04,8103.57,-835.0,20079.07,veiculo,sim,solteiro,pos,clt,centro_oeste,0
4135,74,1200.0,16607.1,52,5.55,513,2023.28,6,1,18555.99,4719.34,-589.75,132239.0,educacao,nao,viuvo,superior,autonomo,centro_oeste,0
4136,73,4645.97,28175.37,58,27.56,472,205.22,11,3,28312.38,1620.17,5053.34,190008.73,negocios,sim,solteiro,medio,estudante,nordeste,0
4137,73,5538.99,16652.13,42,22.36,796,1952.94,12,3,27409.12,2138.48,1841.23,38924.62,outros,sim,viuvo,pos,estudante,norte,0
4138,32,5202.51,2669.23,39,25.76,729,1845.46,9,0,31020.73,7992.49,507.95,202168.77,veiculo,nao,casado,pos,temporario,sul,1
4139,68,6530.08,47877.52,69,16.62,759,1538.99,6,4,18260.2,1567.29,2247.25,156462.19,veiculo,sim,solteiro,pos,clt,sul,0
4140,46,4141.37,13422.73,68,19.23,589,915.41,1,2,23035.43,3181.99,1097.75,50595.42,consumo,nao,divorciado,fundamental,estudante,centro_oeste,0
4141,59,4887.82,46776.14,41,12.66,483,2284.37,13,2,33386.68,3079.07,5795.79,215698.17,negocios,nao,viuvo,fundamental,estudante,sul,0
4142,66,6926.21,32212.99,19,14.37,659,1892.67,5,1,23644.35,8895.66,-263.49,183114.53,outros,nao,divorciado,fundamental,estudante,nordeste,0
4143,27,1200.0,43628.98,32,22.02,675,776.91,8,4,5847.11,8782.66,2334.55,12515.11,outros,nao,viuvo,pos,estudante,centro_oeste,0
4144,43,5860.83,46507.72,39,5.2,506,888.11,0,0,11439.88,6382.59,792.8,181564.85,consumo,sim,solteiro,superior,clt,nordeste,0
4145,25,4199.01,28336.23,50,4.88,607,1828.26,13,2,2649.31,2501.86,-512.12,126879.95,consumo,nao,viuvo,medio,estudante,sudeste,0
4146,33,3157.83,47985.96,27,25.0,589,2308.96,16,2,3867.37,2023.88,3515.62,195736.59,educacao,sim,divorciado,superior,autonomo,norte,0
4147,41,5405.78,37413.51,8,6.64,523,1318.06,15,2,17214.22,1010.81,-731.58,129752.07,educacao,nao,viuvo,fundamental,estudante,sul,0
4148,66,7009.41,26333.56,60,21.3,746,2219.74,5,1,25849.94,1021.06,341.3,175116.5,outros,sim,solteiro,medio,temporario,norte,0
4149,67,6670.46,32299.92,68,8.79,614,1066.51,1,4,6612.99,8496.89,2001.4,183195.52,veiculo,nao,casado,superior,autonomo,norte,0
4150,40,4556.8,11339.35,11,12.79,790,1096.78,1,1,11200.54,5629.89,1505.44,175225.5,consumo,sim,solteiro,pos,estudante,sudeste,0
4151,36,6376.33,3001.98,27,11.05,420,1771.38,6,3,11779.29,2185.6,5302.34,12923.2,veiculo,sim,viuvo,superior,autonomo,nordeste,0
4152,48,6362.52,14183.92,34,15.77,795,297.25,0,3,29404.29,7141.24,3277.57,146417.61,veiculo,nao,casado,fundamental,autonomo,norte,0
4153,69,4642.73,22291.17,56,23.84,684,502.3,3,1,6441.25,1149.54,-1258.55,197296.15,negocios,nao,divorciado,fundamental,clt,sul,1
4154,73,3552.46,12876.39,57,25.01,700,1869.95,11,4,1191.33,4940.31,-682.96,205946.09,casa,sim,divorciado,medio,estudante,nordeste,0
4155,30,3656.58,25888.63,28,9.33,535,741.64,0,2,21834.45,2164.14,2772.55,168758.55,educacao,nao,casado,pos,clt,norte,0
4156,28,6308.14,32436.46,26,12.1,451,586.18,11,3,18439.8,4313.33,-41.21,68227.56,casa,nao,viuvo,pos,clt,nordeste,0
4157,58,4724.14,32338.62,32,24.09,512,386.6,15,3,94.83,2447.09,-273.47,188859.01,casa,nao,divorciado,fundamental,clt,sudeste,0
4158,35,2916.87,43166.28,21,6.15,597,701.66,17,2,26764.23,1660.26,5902.94,5624.7,casa,nao,solteiro,pos,temporario,sul,0
4159,29,1767.25,46467.52,34,6.81,555,761.09,17,3,14835.21,8378.26,3733.95,169600.31,negocios,sim,casado,fundamental,clt,sudeste,0
4160,19,6297.3,43026.62,23,15.51,497,971.49,5,2,19173.76,8319.38,559.25,106808.45,casa,sim,solteiro,medio,temporario,sudeste,0
4161,40,3815.8,30717.96,9,22.96,425,2356.92,11,3,23478.46,4692.98,-1582.98,193596.36,consumo,sim,solteiro,fundamental,autonomo,centro_oeste,1
4162,40,5394.7,11862.27,53,12.06,699,1675.51,0,2,1797.09,7182.67,4401.81,110385.7,negocios,nao,solteiro,medio,temporario,centro_oeste,0
4163,50,7031.47,45427.03,57,5.67,686,1788.49,4,4,6039.04,2214.91,2702.45,93013.18,outros,sim,divorciado,superior,estudante,centro_oeste,0
4164,29,2443.94,10456.15,24,27.23,484,487.98,14,2,16209.97,3874.2,628.4,185812.84,veiculo,nao,divorciado,fundamental,clt,nordeste,0
4165,58,4718.75,9389.95,32,26.53,733,626.99,3,4,6016.52,2417.11,2313.14,72449.46,consumo,nao,casado,pos,temporario,sudeste,0
4166,56,4492.75,16949.4,32,19.65,811,2264.92,5,2,4080.39,1212.0,5192.71,107308.11,consumo,nao,solteiro,fundamental,autonomo,sul,1
4167,44,5483.54,28599.05,7,20.37,819,1651.6,7,2,11373.75,4102.94,-1305.11,185608.34,negocios,nao,divorciado,pos,clt,sudeste,0
4168,28,7030.49,33507.0,42,26.41,497,2058.39,5,2,14933.15,6831.69,3909.53,2848.45,negocios,sim,viuvo,fundamental,clt,sudeste,0
4169,46,2406.99,3104.82,36,19.45,590,1009.31,13,1,29745.48,6830.85,4929.47,76987.59,educacao,nao,viuvo,fundamental,temporario,centro_oeste,0
4170,56,5825.64,37900.01,68,22.92,441,1519.12,16,3,20822.82,4268.79,2259.9,183212.3,outros,sim,divorciado,superior,temporario,sudeste,0
4171,39,6656.74,10463.39,30,15.12,424,1345.12,9,3,32528.89,4293.73,5695.02,193500.64,negocios,nao,divorciado,fundamental,temporario,nordeste,0
4172,33,4464.52,15990.06,58,9.47,757,656.56,10,1,16001.88,5624.66,7.07,35218.99,veiculo,sim,divorciado,pos,autonomo,norte,0
4173,46,4552.6,17154.95,31,23.98,807,2093.47,13,4,16534.62,8431.47,3825.51,97810.08,casa,sim,casado,pos,clt,sudeste,1
4174,38,5553.21,17626.29,18,20.43,500,954.31,7,0,10900.73,1775.52,1513.92,75639.96,veiculo,nao,casado,fundamental,estudante,sul,0
4175,40,5420.67,37096.73,29,10.95,605,1263.18,8,0,2854.64,3941.76,1156.71,214695.0,consumo,sim,divorciado,medio,clt,nordeste,0
4176,37,5848.23,4362.97,64,18.96,429,488.54,17,3,6020.28,8198.29,3163.15,124143.41,outros,sim,divorciado,pos,clt,norte,1
4177,35,5810.3,11441.56,22,23.6,746,1660.99,6,2,2369.78,5164.0,2953.67,87860.6,casa,sim,solteiro,pos,clt,norte,0
4178,58,3032.45,3515.53,61,10.49,639,2015.43,4,3,24620.72,7239.65,1063.98,191886.04,outros,nao,casado,medio,autonomo,norte,0
4179,44,6582.48,37912.63,49,22.44,536,1132.1,0,3,12215.03,4432.36,1128.88,155819.46,negocios,sim,solteiro,medio,autonomo,sudeste,0
4180,44,6900.21,47259.37,55,5.74,807,2449.27,0,3,1103.1,8328.94,1943.15,156793.93,negocios,sim,casado,fundamental,estudante,sul,0
4181,55,5134.95,32509.4,55,19.0,474,777.59,13,1,26326.97,8067.25,5944.15,134608.71,educacao,nao,viuvo,pos,temporario,norte,0
4182,38,2110.52,29351.33,40,27.97,526,2205.55,4,1,8919.46,4290.58,4428.32,91738.75,casa,sim,solteiro,fundamental,temporario,centro_oeste,0
4183,23,4593.46,43817.01,45,24.79,719,1853.22,13,1,31273.25,542.59,1057.12,21687.39,casa,nao,divorciado,fundamental,clt,nordeste,1
4184,66,5149.93,14100.41,10,25.02,583,2331.25,0,3,28807.92,5312.36,1032.74,139493.32,outros,sim,solteiro,medio,clt,sudeste,0
4185,21,2739.72,5524.03,52,20.33,700,1898.3,14,3,10631.58,2233.32,5194.7,91225.09,negocios,nao,divorciado,medio,temporario,nordeste,0
4186,50,4151.75,25703.63,52,15.07,514,1328.06,7,4,8250.08,2544.72,4278.22,99560.26,consumo,nao,solteiro,fundamental,estudante,sul,0
4187,33,2263.14,14345.87,12,20.25,683,1139.25,14,1,34757.8,4152.78,3297.68,203272.8,outros,nao,solteiro,fundamental,estudante,norte,1
4188,30,5893.13,23024.21,40,11.71,643,2104.21,14,0,28687.62,4324.91,3770.19,158631.47,veiculo,sim,divorciado,superior,autonomo,norte,0
4189,20,5098.72,23261.64,39,17.27,438,2129.64,10,4,32431.87,7815.6,-1355.44,171974.41,educacao,sim,viuvo,superior,estudante,centro_oeste,0
4190,69,1837.59,17006.85,26,16.95,549,1546.26,17,2,596.3,765.95,-1077.5,167243.18,negocios,sim,viuvo,fundamental,temporario,sul,0
4191,42,5432.64,24627.77,10,17.05,538,1808.93,17,1,20941.56,3008.18,662.7,95155.67,negocios,sim,viuvo,medio,temporario,centro_oeste,0
4192,37,4698.28,19796.91,6,13.89,656,1253.83,12,1,9332.48,5874.71,1886.22,122965.83,casa,sim,viuvo,pos,temporario,sul,0
4193,60,5729.55,7644.2,19,12.47,595,686.62,8,4,13115.56,5786.84,3745.72,119586.38,veiculo,sim,divorciado,pos,estudante,sudeste,0
4194,20,4095.24,41936.02,21,11.93,611,295.95,16,3,3187.64,3201.02,4300.61,52978.78,educacao,sim,divorciado,fundamental,clt,centro_oeste,0
4195,50,3357.34,34407.95,19,9.39,487,1696.6,17,0,26192.8,2012.53,5101.36,139195.49,educacao,nao,casado,fundamental,temporario,nordeste,0
4196,46,3412.48,4379.55,45,14.53,791,1732.57,7,1,18397.54,2854.64,313.33,82420.76,negocios,sim,viuvo,superior,temporario,sudeste,0
4197,49,3831.29,7768.28,33,6.83,719,1723.41,5,4,27720.81,8084.85,4034.42,11930.23,consumo,sim,solteiro,medio,temporario,sudeste,0
4198,25,4833.89,6891.41,13,25.64,688,1484.79,5,3,4077.02,2734.33,5958.55,213431.96,negocios,nao,casado,superior,temporario,centro_oeste,0
4199,72,5066.33,5309.33,11,5.67,530,974.37,16,4,34904.56,4679.89,-176.15,91548.5,educacao,sim,viuvo,medio,clt,sudeste,0
4200,31,4456.7,5187.08,49,24.1,693,741.53,2,0,12199.47,8509.67,-1256.25,76976.58,outros,nao,viuvo,pos,temporario,sul,0
4201,56,4038.02,9648.61,67,9.79,513,332.44,0,2,33300.52,1506.55,5192.83,138017.71,consumo,sim,solteiro,fundamental,temporario,nordeste,0
4202,60,4167.47,41078.06,60,24.48,614,523.38,9,0,23675.97,7901.25,-747.8,99787.09,educacao,nao,solteiro,superior,temporario,norte,0
4203,37,9313.9,40184.61,56,21.29,527,1637.65,17,2,3809.19,6818.69,3814.26,215016.32,outros,sim,viuvo,pos,temporario,norte,0
4204,25,3412.69,38133.16,26,26.1,541,1961.93,5,0,27369.62,4626.09,1221.14,11016.55,casa,sim,divorciado,superior,clt,centro_oeste,0
4205,34,3795.65,30469.15,52,24.89,679,2285.68,9,1,19623.22,8566.03,973.04,179656.9,casa,sim,viuvo,fundamental,estudante,centro_oeste,0
4206,63,10728.94,35418.96,11,20.83,545,374.69,1,1,6604.61,1132.5,5536.59,4652.58,negocios,sim,casado,pos,clt,nordeste,0
4207,69,5557.82,36100.9,17,7.64,712,2068.54,14,0,6553.29,7764.04,938.91,40233.55,casa,sim,viuvo,fundamental,estudante,norte,0
4208,71,2316.03,42963.74,15,17.18,621,1566.01,16,4,33360.42,2180.3,1379.65,38280.94,negocios,sim,divorciado,pos,clt,nordeste,0
4209,30,6316.84,35821.61,18,12.16,812,879.05,11,1,34949.7,3510.7,-1677.57,74941.91,consumo,sim,divorciado,superior,temporario,centro_oeste,1
4210,52,3161.93,36008.9,29,25.26,496,1863.84,2,0,20164.05,1540.0,-368.3,192642.06,outros,sim,divorciado,pos,autonomo,norte,1
4211,26,6436.31,39085.69,8,24.93,797,2475.3,1,4,6550.37,4709.96,1019.61,53649.18,veiculo,sim,solteiro,fundamental,estudante,norte,0
4212,58,4420.27,27814.15,59,11.54,472,1060.25,13,0,11909.06,1937.25,3394.3,113307.46,consumo,sim,viuvo,fundamental,autonomo,sul,0
4213,41,4008.37,12192.81,53,20.12,639,1635.66,2,0,7418.54,2668.39,-1301.32,105263.34,veiculo,sim,divorciado,pos,autonomo,sul,1
4214,58,7696.5,6346.68,47,12.12,568,785.13,1,4,21262.19,1006.81,926.16,52005.87,veiculo,sim,solteiro,superior,autonomo,norte,0
4215,57,5819.52,21566.48,17,20.28,720,655.67,16,2,14009.73,3093.34,1049.11,101927.28,outros,nao,solteiro,superior,autonomo,norte,0
4216,74,6551.38,6671.7,63,18.73,472,525.98,9,1,13232.38,1892.77,4369.9,185661.66,casa,sim,viuvo,superior,estudante,sul,0
4217,45,5582.86,10203.33,6,16.26,521,254.6,10,1,28049.63,6325.45,344.88,153643.68,negocios,sim,casado,pos,estudante,sul,1
4218,37,4000.0,3584.72,71,25.08,512,1859.24,12,2,33724.89,5924.51,5156.95,86074.42,veiculo,nao,casado,pos,clt,nordeste,0
4219,48,5900.44,16159.39,53,9.91,788,518.62,6,1,6895.9,6156.42,5562.96,59251.22,educacao,sim,viuvo,fundamental,temporario,nordeste,0
4220,27,6976.59,46634.9,19,23.14,634,1748.95,4,0,14504.83,6246.11,-71.65,113426.11,consumo,sim,solteiro,superior,estudante,centro_oeste,0
4221,24,5042.53,19741.37,18,20.55,485,2197.49,9,4,18778.55,1376.87,1146.53,49444.39,veiculo,sim,viuvo,superior,temporario,centro_oeste,0
4222,47,8042.96,13460.61,51,10.75,736,2144.11,1,4,8605.54,2317.55,3920.99,34251.87,casa,sim,casado,fundamental,autonomo,centro_oeste,0
4223,65,6330.88,20856.95,59,14.12,534,873.6,5,0,14066.5,6768.53,295.4,9548.33,negocios,sim,viuvo,medio,estudante,nordeste,0
4224,48,5181.57,16210.9,36,5.66,509,468.62,10,2,1952.89,4598.58,4642.91,2333.58,consumo,sim,solteiro,medio,temporario,sul,0
4225,62,5252.68,33161.4,9,18.34,617,1207.91,16,2,1442.75,5855.84,5796.3,214013.82,educacao,sim,viuvo,superior,clt,sul,0
4226,28,5047.03,31368.24,38,25.31,736,600.59,10,0,27522.62,981.13,3124.63,79487.63,negocios,sim,divorciado,medio,autonomo,sul,0
4227,43,2547.77,3744.1,37,6.83,755,1046.54,13,1,11868.28,3783.65,-541.87,8190.32,casa,sim,viuvo,superior,clt,nordeste,1
4228,52,4637.87,25765.2,27,7.17,426,1499.67,5,3,24759.86,4223.04,-1784.91,127878.64,veiculo,nao,solteiro,superior,estudante,centro_oeste,0
4229,37,5198.14,4147.09,65,15.39,779,1674.88,1,0,2901.99,6384.98,1397.09,103404.42,negocios,sim,solteiro,fundamental,clt,norte,0
4230,18,4051.05,33320.03,28,10.75,818,686.51,6,1,23473.34,8252.52,-30.27,126382.76,outros,nao,divorciado,medio,clt,sul,0
4231,22,5407.82,45079.28,22,10.65,548,707.33,12,1,22867.95,5383.54,4236.57,119161.05,veiculo,nao,divorciado,medio,estudante,sudeste,0
4232,70,4838.35,43790.7,50,19.33,626,2189.04,0,1,28750.92,6969.46,1864.47,22005.22,educacao,sim,viuvo,pos,autonomo,sudeste,0
4233,52,6192.65,11859.9,46,13.85,570,2372.14,15,3,7161.26,5969.72,3131.39,164673.22,outros,nao,viuvo,fundamental,temporario,sudeste,0
4234,33,5993.6,36290.35,46,24.27,610,1670.47,5,2,19289.1,8234.19,2928.84,82782.15,veiculo,sim,divorciado,pos,estudante,sul,0
4235,32,5100.88,38584.5,39,14.29,680,1471.83,12,3,31541.4,7391.68,-1516.93,219148.57,veiculo,sim,viuvo,pos,clt,norte,1
4236,20,2339.02,41828.72,27,18.77,680,1706.73,15,2,7695.91,2602.1,3722.36,130005.03,educacao,sim,divorciado,superior,autonomo,norte,0
4237,71,8023.3,14311.74,23,13.55,609,478.4,11,3,4370.26,2389.58,4640.54,107868.46,educacao,sim,solteiro,pos,clt,norte,0
4238,24,4544.6,23012.99,13,10.14,610,2261.13,3,3,12066.78,8251.1,1875.57,79507.52,casa,nao,casado,medio,autonomo,norte,0
4239,61,4654.4,12578.45,18,15.31,615,663.94,4,4,33787.11,5578.31,2740.0,118522.44,consumo,nao,solteiro,fundamental,estudante,nordeste,0
4240,31,4183.46,3606.08,44,21.29,583,1733.66,8,0,5508.67,4321.75,-678.5,104106.72,outros,sim,solteiro,pos,autonomo,norte,0
4241,37,3920.86,32485.07,32,26.87,469,694.97,17,4,4176.71,6451.19,3338.0,115660.55,casa,nao,solteiro,fundamental,clt,sul,0
4242,33,7579.3,22131.59,54,5.01,568,1817.44,12,3,34921.15,2894.59,5529.1,213470.05,negocios,nao,casado,pos,clt,nordeste,1
4243,64,7294.88,13789.32,59,16.76,706,1927.97,11,0,13760.47,7373.06,3753.25,89196.09,outros,nao,divorciado,superior,estudante,centro_oeste,0
4244,19,5599.91,41043.23,42,19.26,811,1899.23,14,0,5223.71,4985.81,-1687.12,61803.89,casa,sim,casado,superior,autonomo,nordeste,0
4245,38,4606.5,25053.47,12,6.06,745,1174.58,2,0,19551.68,7903.34,613.49,93570.16,consumo,nao,viuvo,superior,clt,norte,0
4246,33,5914.41,47756.92,6,23.9,764,1588.32,1,3,485.01,5971.44,5640.65,11468.23,casa,sim,casado,superior,autonomo,norte,0
4247,33,4932.83,38597.78,21,10.62,733,1567.33,10,2,14895.12,2711.85,3412.29,100379.36,negocios,nao,casado,pos,estudante,norte,0
4248,28,4457.6,42049.11,24,25.0,620,1851.13,10,0,1267.66,8706.4,732.6,202564.11,educacao,nao,divorciado,fundamental,autonomo,norte,0
4249,70,5408.59,37686.62,10,17.26,692,1337.68,4,1,19786.85,3920.66,2883.52,44230.73,outros,sim,solteiro,medio,estudante,sul,0
4250,39,4005.92,7319.58,57,7.65,754,1356.92,11,2,21866.95,7010.43,-526.31,19628.11,casa,nao,divorciado,medio,clt,sudeste,0
4251,41,5254.08,5458.82,30,21.74,509,1767.83,2,0,123.47,2672.03,5412.2,3517.44,educacao,nao,solteiro,fundamental,autonomo,centro_oeste,0
4252,39,5167.6,44136.08,55,7.77,479,574.75,3,2,17944.68,4045.17,1241.81,141722.72,veiculo,sim,viuvo,superior,temporario,sudeste,0
4253,73,5885.28,8787.97,19,21.29,526,1693.75,16,0,33073.39,6775.42,-301.68,168320.22,consumo,nao,casado,medio,clt,centro_oeste,1
4254,37,3685.55,20300.79,6,23.4,631,523.9,0,3,13933.12,6418.2,-1215.65,147693.13,educacao,sim,viuvo,pos,temporario,nordeste,0
4255,37,6078.25,30250.95,15,17.81,734,1861.62,10,0,33407.6,8481.45,-1527.17,140970.81,negocios,nao,casado,fundamental,estudante,norte,0
4256,36,3168.64,12141.37,37,10.51,600,1082.28,15,3,33721.49,7281.49,3231.51,179702.73,outros,nao,divorciado,superior,temporario,sul,0
4257,36,3769.38,12750.47,37,14.5,813,2127.83,12,1,8408.75,3255.56,3515.19,187756.26,consumo,sim,solteiro,pos,estudante,sudeste,0
4258,23,3847.93,23713.98,34,16.67,549,385.12,7,2,20208.26,7838.0,3336.65,73961.25,negocios,nao,viuvo,medio,clt,sudeste,0
4259,52,2870.31,18920.73,69,19.98,604,1248.41,5,1,29060.93,8329.09,650.2,127513.37,educacao,nao,casado,superior,autonomo,nordeste,1
4260,19,6628.19,33284.19,49,19.21,787,567.94,1,4,24820.51,8609.82,4381.69,144770.68,outros,nao,casado,pos,temporario,nordeste,0
4261,30,3055.71,5915.97,54,13.61,488,2195.76,2,3,26604.52,8153.91,4751.22,75116.93,casa,sim,viuvo,medio,autonomo,nordeste,0
4262,29,3541.95,24738.52,14,22.2,752,470.58,10,4,9132.51,6410.63,2903.98,139985.04,casa,sim,viuvo,medio,estudante,norte,0
4263,34,7059.73,10428.83,36,22.51,480,1305.65,9,3,32137.47,7264.43,3000.87,145073.47,veiculo,sim,divorciado,medio,estudante,sul,1
4264,61,3772.95,30105.99,47,20.71,782,424.18,6,4,8247.55,6006.75,-298.93,35.14,casa,sim,casado,medio,estudante,centro_oeste,0
4265,52,4461.34,7787.7,44,10.53,549,2030.69,5,1,22568.27,3217.57,4893.13,18684.54,educacao,sim,casado,medio,temporario,norte,0
4266,74,2978.35,11492.25,68,15.27,674,834.33,1,1,30964.91,7436.81,-1140.08,161665.56,consumo,nao,casado,medio,estudante,centro_oeste,0
4267,38,6299.31,39076.95,37,14.39,704,1558.22,2,4,12582.3,2434.33,4458.2,16602.88,veiculo,sim,casado,pos,estudante,sul,0
4268,70,6324.13,13200.1,30,23.6,570,574.73,5,0,19324.67,4166.08,1465.48,111696.65,outros,sim,viuvo,pos,clt,sul,0
4269,20,6130.1,36036.47,68,23.4,640,995.73,16,0,24167.94,3419.76,-1034.48,9788.54,veiculo,nao,divorciado,medio,estudante,norte,0
4270,46,5767.55,14924.35,28,24.79,722,443.78,5,3,32497.07,1963.26,-1321.07,182218.99,veiculo,sim,viuvo,pos,estudante,sudeste,0
4271,63,4932.46,13193.75,43,9.55,770,1457.93,2,1,15681.28,7290.73,5910.18,121997.73,consumo,nao,casado,medio,temporario,sul,0
4272,48,3856.12,16111.54,7,21.96,463,188.01,10,1,21112.13,4511.38,2638.48,44827.36,educacao,sim,casado,medio,autonomo,sul,0
4273,71,3333.06,42582.41,16,24.89,618,2483.93,2,1,4962.79,4979.39,1666.27,189780.47,consumo,nao,solteiro,superior,autonomo,nordeste,0
4274,35,7121.83,20571.04,9,8.0,761,1145.77,7,3,2282.8,4767.34,5418.32,26384.32,consumo,nao,divorciado,fundamental,clt,centro_oeste,0
4275,19,6176.65,13591.1,33,4.96,642,1640.32,13,2,750.21,6359.63,1811.65,199652.66,consumo,sim,divorciado,fundamental,clt,nordeste,1
4276,62,3552.05,26917.1,67,6.53,431,845.33,1,0,16680.44,1995.12,4806.55,213856.36,consumo,nao,viuvo,superior,autonomo,norte,0
4277,21,4871.7,20046.68,10,18.55,470,767.54,16,2,19100.17,4756.86,4858.77,144726.55,negocios,sim,viuvo,fundamental,autonomo,nordeste,0
4278,61,4259.79,38453.99,70,14.12,747,2143.03,11,3,3022.5,2712.12,4050.5,184429.31,consumo,nao,solteiro,pos,autonomo,norte,0
4279,59,2769.22,47565.28,63,8.68,589,1938.98,16,0,6338.38,8759.08,-1058.1,181225.38,negocios,nao,solteiro,medio,clt,centro_oeste,0
4280,66,5119.77,26459.14,6,16.68,701,1672.44,13,0,9320.53,1011.5,5646.26,99794.04,outros,sim,viuvo,fundamental,temporario,nordeste,0
4281,45,4052.11,23054.57,7,22.85,777,1925.35,17,3,31194.61,8391.41,3093.02,26865.27,veiculo,sim,casado,superior,autonomo,sudeste,0
4282,69,3085.43,18108.11,65,24.54,455,586.73,9,4,3474.11,1009.28,1386.31,18298.42,outros,nao,casado,medio,estudante,sul,0
4283,27,2137.56,46786.91,44,22.04,602,2347.09,0,0,17139.17,1428.77,4178.24,22835.8,consumo,nao,casado,fundamental,estudante,centro_oeste,0
4284,42,1985.15,24489.39,17,25.25,478,1235.01,1,3,27617.36,8203.25,-1223.34,112869.94,casa,sim,viuvo,fundamental,temporario,centro_oeste,0
4285,24,4131.43,10598.86,68,18.5,756,2195.41,3,3,30456.07,6006.74,-407.82,7801.68,negocios,nao,viuvo,fundamental,estudante,nordeste,0
4286,61,4646.83,46599.32,43,24.09,600,1887.65,1,0,24259.74,3257.53,3485.43,105623.02,negocios,nao,solteiro,superior,temporario,centro_oeste,0
4287,58,3224.46,46220.14,47,14.01,770,843.34,14,1,9294.32,5501.09,3110.55,63101.31,negocios,sim,divorciado,medio,clt,nordeste,1
4288,63,5971.33,22325.49,50,24.46,539,1500.82,17,2,4249.65,1912.3,2290.29,191810.54,casa,nao,divorciado,medio,clt,centro_oeste,0
4289,61,4682.02,18342.46,19,25.5,478,2422.62,11,3,5526.44,1051.37,3461.9,19916.32,educacao,sim,casado,superior,temporario,norte,0
4290,35,5838.39,33459.9,29,20.47,766,266.04,3,2,26959.63,918.44,5609.2,149617.77,consumo,sim,viuvo,medio,temporario,norte,1
4291,21,4470.76,40216.05,14,14.35,665,1169.44,17,0,10378.66,2795.19,-783.64,17864.0,negocios,sim,solteiro,medio,temporario,sul,0
4292,70,3383.19,25183.21,40,10.76,497,1619.65,5,4,11825.52,2024.9,874.15,116111.65,negocios,nao,solteiro,medio,autonomo,norte,1
4293,46,5005.41,17551.99,71,11.8,697,968.56,15,2,6143.33,3928.22,488.9,73514.05,educacao,nao,casado,medio,clt,nordeste,0
4294,23,2527.19,16213.43,47,7.18,586,917.57,12,2,15212.58,7951.67,5494.73,120857.23,veiculo,nao,viuvo,medio,autonomo,centro_oeste,0
4295,70,5770.99,17360.24,51,5.13,438,1916.96,7,2,11708.97,3717.72,-339.76,16124.54,negocios,sim,solteiro,fundamental,estudante,nordeste,0
4296,74,3113.13,7870.5,18,13.95,524,2305.88,14,2,12495.59,3887.8,1068.77,110030.58,educacao,nao,casado,superior,autonomo,sudeste,1
4297,43,6452.82,37927.23,41,5.02,720,1427.3,11,1,1182.66,1526.57,5265.65,111921.49,outros,sim,divorciado,medio,estudante,nordeste,0
4298,61,4190.78,7275.67,71,25.13,470,2379.85,16,1,16189.93,8903.98,3426.31,185593.86,negocios,nao,solteiro,fundamental,estudante,nordeste,0
4299,20,6712.56,20623.31,11,19.6,555,414.97,10,0,3916.19,1734.59,-1556.95,12339.84,negocios,nao,casado,fundamental,clt,norte,1
4300,23,2779.28,40489.92,19,24.25,523,707.73,7,3,18748.69,3375.62,5689.67,27116.5,veiculo,sim,divorciado,superior,clt,nordeste,0
4301,33,3580.01,20886.82,53,14.67,713,383.49,1,1,23421.43,8538.81,-1330.9,215642.71,consumo,sim,viuvo,superior,temporario,norte,0
4302,55,5485.68,15911.66,6,9.37,763,1190.44,17,0,19113.73,4366.86,2270.79,107197.54,veiculo,sim,solteiro,medio,estudante,centro_oeste,0
4303,25,6906.89,45645.54,19,10.97,735,1633.98,14,0,5126.46,3373.86,88.62,156289.23,educacao,nao,divorciado,superior,autonomo,norte,0
4304,19,7799.9,8257.74,68,24.51,706,645.09,1,4,21577.33,6578.88,3128.56,64169.12,educacao,sim,viuvo,pos,autonomo,nordeste,0
4305,56,4874.46,42760.85,7,6.93,455,1220.61,10,2,14447.94,780.74,412.26,138624.41,veiculo,nao,casado,superior,autonomo,norte,0
4306,61,8107.94,5324.49,34,20.76,785,1767.8,14,3,12578.76,3230.17,4577.09,93121.12,outros,sim,divorciado,fundamental,clt,nordeste,0
4307,60,4278.6,21315.59,27,9.42,484,1663.61,12,2,5207.17,5431.97,2608.47,182988.8,educacao,nao,viuvo,superior,temporario,norte,0
4308,63,6777.78,31243.31,32,12.48,582,1639.93,4,4,34801.58,8923.58,640.65,95512.44,outros,nao,viuvo,pos,temporario,nordeste,0
4309,63,3104.07,19336.75,23,4.07,751,1585.99,2,4,13743.53,8724.14,4951.82,148870.38,consumo,sim,casado,fundamental,temporario,sul,0
4310,52,5556.36,26824.59,24,15.5,516,2468.94,16,3,15972.97,5822.59,4262.44,73097.72,negocios,nao,divorciado,superior,temporario,nordeste,0
4311,47,1200.0,11782.08,56,7.08,506,1836.3,6,4,3303.38,3390.96,2046.48,45030.4,consumo,nao,divorciado,medio,estudante,centro_oeste,0
4312,66,2781.14,28391.07,7,24.63,430,2285.8,15,1,23641.56,5175.45,2031.53,47906.82,consumo,nao,viuvo,fundamental,estudante,sudeste,1
4313,37,5640.02,8622.42,14,6.35,563,2388.01,8,2,9893.05,8437.89,1849.46,124491.63,outros,sim,casado,pos,estudante,sul,0
4314,23,2437.61,38722.38,23,10.01,618,2174.45,13,1,25905.78,6170.97,2412.56,107997.36,educacao,nao,divorciado,pos,autonomo,sudeste,0
4315,60,5568.51,29062.44,60,4.36,606,400.79,4,4,2349.45,1768.24,4893.7,154524.96,consumo,nao,casado,pos,clt,norte,1
4316,33,6431.62,24427.91,31,27.83,435,1407.85,10,1,10389.31,8758.12,-1224.59,186613.08,outros,sim,casado,fundamental,clt,centro_oeste,0
4317,73,3897.62,4987.34,8,19.39,501,1065.11,10,3,26097.92,8168.75,1229.74,8104.83,consumo,nao,casado,pos,estudante,norte,0
4318,41,3055.88,25239.73,40,19.45,421,405.2,3,1,13860.26,2342.61,4050.99,175808.86,veiculo,nao,solteiro,fundamental,autonomo,nordeste,0
4319,66,3946.46,28142.41,47,16.45,509,1488.96,12,3,1200.0,6083.19,5719.65,189213.82,veiculo,sim,divorciado,medio,autonomo,nordeste,0
4320,20,3061.54,14587.87,36,24.83,661,673.75,8,0,27633.98,7964.92,-605.4,156403.83,negocios,sim,casado,fundamental,autonomo,centro_oeste,0
4321,55,4617.82,33330.36,11,7.46,423,1529.63,11,3,33795.91,2374.42,-1460.93,149517.84,consumo,nao,divorciado,superior,autonomo,nordeste,0
4322,43,4983.76,5992.81,64,23.03,485,2076.34,0,4,13177.99,8350.96,4479.78,206508.5,consumo,sim,viuvo,fundamental,temporario,nordeste,0
4323,44,4249.18,11995.35,62,23.37,637,1093.7,2,2,21755.82,2030.42,5769.21,195737.07,educacao,nao,casado,medio,autonomo,sul,0
4324,33,7813.85,36058.46,66,4.87,643,2383.6,12,2,13042.79,3535.94,3774.57,80796.87,veiculo,nao,viuvo,pos,temporario,sul,0
4325,73,3505.07,9198.61,69,7.18,778,1958.21,17,2,19424.39,8516.55,2521.59,141559.35,casa,nao,solteiro,superior,estudante,sudeste,1
4326,40,7304.58,13672.47,26,17.13,649,2045.93,2,2,25849.73,8546.66,20.36,117753.05,casa,nao,solteiro,medio,autonomo,centro_oeste,0
4327,66,2925.77,32113.92,33,6.16,790,440.52,0,2,22151.94,697.91,5675.22,23493.95,consumo,sim,casado,medio,temporario,sudeste,0
4328,42,4931.0,35662.3,69,10.78,709,2365.15,4,2,11014.87,7864.34,3833.72,50616.7,consumo,nao,casado,fundamental,estudante,sul,1
4329,20,6929.59,4842.76,35,13.69,640,260.11,0,2,6831.6,6396.65,3614.04,111074.56,casa,sim,viuvo,pos,estudante,sul,0
4330,68,6836.44,8259.82,63,7.77,573,2137.84,4,0,19051.7,7909.63,5079.28,99475.6,negocios,sim,solteiro,superior,clt,sul,0
4331,28,4043.54,22798.37,48,20.9,464,248.79,12,2,23082.43,4426.28,5030.13,126194.44,consumo,sim,viuvo,pos,autonomo,nordeste,0
4332,33,5799.13,29472.17,67,15.88,702,556.9,14,2,20107.37,8842.81,-1170.69,175375.4,negocios,sim,divorciado,superior,clt,sul,0
4333,67,5558.12,23147.05,6,19.36,795,911.6,11,4,4484.93,6859.97,-1644.3,176786.38,veiculo,nao,solteiro,fundamental,temporario,centro_oeste,0
4334,68,3828.11,31941.68,52,15.38,566,1891.6,7,1,12426.62,6954.55,-62.93,59822.01,educacao,sim,casado,pos,autonomo,nordeste,0
4335,70,5908.71,36897.68,58,13.9,562,2266.66,2,4,26062.7,4128.98,5300.27,58393.78,outros,nao,divorciado,pos,autonomo,sul,0
4336,42,8152.49,45704.25,19,15.82,459,1726.28,9,4,5136.2,3834.73,2362.47,135417.0,outros,sim,viuvo,superior,temporario,sudeste,0
4337,61,5649.06,18419.57,54,25.59,659,1868.42,17,3,30918.35,2247.24,3250.7,83347.18,veiculo,nao,solteiro,superior,temporario,sul,0
4338,36,5819.44,9921.27,18,13.5,543,852.27,3,3,16328.65,995.07,898.71,211193.42,negocios,nao,casado,fundamental,temporario,sudeste,0
4339,60,6009.88,14515.82,65,19.41,424,2442.87,9,1,27690.69,8162.44,1513.81,139570.44,veiculo,sim,casado,superior,autonomo,sudeste,0
4340,46,2170.24,9241.48,65,24.02,423,1125.94,6,0,11928.2,5520.89,540.18,56754.85,negocios,nao,divorciado,fundamental,temporario,nordeste,0
4341,20,5628.4,20438.18,6,18.91,554,2297.96,6,3,12572.55,5243.98,5534.77,23219.26,educacao,nao,viuvo,superior,clt,sul,0
4342,41,2969.83,42201.81,39,9.43,604,1987.87,9,3,33845.99,3373.23,1414.03,159237.73,casa,nao,viuvo,pos,clt,centro_oeste,1
4343,44,3738.2,18291.23,31,6.93,602,1032.06,3,4,19857.25,6787.45,4720.0,70549.1,consumo,sim,divorciado,medio,clt,nordeste,0
4344,32,8691.5,9271.43,64,18.18,716,976.07,3,2,3566.74,3958.49,-587.8,42093.36,negocios,sim,solteiro,pos,estudante,sul,1
4345,39,4344.13,26279.8,27,21.46,631,1756.4,0,4,33518.3,7379.24,674.47,55542.44,veiculo,sim,solteiro,superior,autonomo,centro_oeste,1
4346,46,3467.69,47633.44,53,22.45,733,2361.89,12,0,13119.77,1178.5,-384.67,152805.03,consumo,sim,viuvo,fundamental,clt,nordeste,1
4347,20,6874.65,11062.25,13,20.65,538,1739.84,16,0,24857.83,2603.17,488.71,144781.4,casa,nao,casado,medio,clt,sul,0
4348,26,3094.18,37893.31,20,4.08,512,2169.23,8,0,4499.66,2908.98,3407.33,22179.31,casa,nao,divorciado,pos,temporario,sudeste,0
4349,61,3994.65,39962.83,71,22.57,635,2421.78,11,1,29936.3,698.31,-696.66,146262.07,negocios,nao,divorciado,pos,autonomo,norte,0
4350,38,7048.29,20760.89,31,18.51,462,945.61,17,0,33567.55,6139.25,2380.61,135645.28,veiculo,sim,viuvo,fundamental,temporario,centro_oeste,1
4351,52,4876.98,30689.59,56,27.72,725,1429.3,13,0,13399.69,6463.76,-1775.63,176057.1,negocios,sim,casado,superior,estudante,nordeste,0
4352,50,1989.13,22172.99,69,22.35,494,1593.13,4,4,5065.09,4013.83,5868.21,19152.85,consumo,sim,viuvo,medio,clt,norte,0
4353,49,5779.18,14435.88,69,14.32,786,683.85,13,0,19517.63,7261.35,-1522.42,59908.34,negocios,sim,divorciado,fundamental,clt,nordeste,0
4354,41,4086.36,21888.41,7,20.23,813,2030.31,7,4,5662.55,8606.71,4084.27,176780.11,negocios,nao,divorciado,fundamental,autonomo,sul,0
4355,45,7571.73,6835.7,21,18.78,634,787.28,17,3,15474.89,6761.97,4980.19,96728.44,negocios,nao,solteiro,medio,autonomo,sudeste,0
4356,64,3708.86,34666.5,53,12.1,544,1819.95,16,3,21793.01,6222.82,5970.59,199963.37,casa,sim,divorciado,pos,autonomo,norte,0
4357,73,6692.21,40228.28,67,16.8,555,1395.27,0,0,4875.46,4321.78,3270.96,152253.81,casa,nao,viuvo,pos,estudante,norte,0
4358,32,7996.26,16486.7,70,8.91,591,2121.08,15,0,33180.65,5204.59,2931.3,11929.84,outros,sim,viuvo,medio,clt,norte,0
4359,56,3268.3,28274.7,53,6.11,611,1366.81,4,0,24695.62,2948.95,2549.1,99279.97,consumo,nao,casado,pos,estudante,norte,0
4360,73,4452.22,13062.76,12,21.59,450,1541.07,8,1,12644.81,2574.94,4163.97,65329.43,outros,nao,viuvo,fundamental,autonomo,nordeste,0
4361,18,5499.53,8299.45,55,13.22,499,600.09,13,4,14549.07,722.79,4991.7,167402.34,outros,sim,viuvo,superior,estudante,centro_oeste,0
4362,62,3256.78,32694.64,23,22.14,735,2054.99,2,2,29684.14,4587.37,2316.11,32978.04,negocios,sim,divorciado,pos,autonomo,nordeste,0
4363,46,5286.53,8601.9,59,15.72,441,1112.93,0,1,16660.15,2413.17,3817.26,194175.0,negocios,sim,solteiro,medio,clt,centro_oeste,0
4364,73,4395.14,38080.05,42,23.43,599,1525.01,7,1,34547.82,4472.59,5706.75,160534.74,educacao,nao,solteiro,medio,autonomo,sudeste,0
4365,50,4358.88,14864.83,18,21.75,770,2142.86,10,1,2176.1,7405.03,-927.54,128891.18,negocios,nao,divorciado,medio,estudante,sul,1
4366,65,4888.09,39742.36,61,22.34,454,1292.18,10,2,9496.79,3620.63,2799.87,123468.04,consumo,sim,casado,superior,autonomo,centro_oeste,0
4367,27,4928.28,19266.96,71,14.3,790,816.76,17,4,18145.65,3236.12,-1274.54,209416.65,consumo,nao,divorciado,superior,clt,sul,1
4368,26,5094.99,19282.34,39,27.07,609,795.75,4,0,4754.57,4298.08,1598.04,190010.96,outros,sim,viuvo,pos,estudante,nordeste,0
4369,70,3722.11,36651.06,59,13.73,589,1493.88,12,3,12467.98,4711.7,3863.96,202831.03,veiculo,nao,divorciado,medio,temporario,norte,0
4370,48,3800.69,25717.09,9,23.04,705,855.59,3,0,18199.22,2817.68,1166.38,180890.75,veiculo,nao,solteiro,medio,estudante,nordeste,0
4371,49,4586.54,11644.47,23,15.75,730,965.44,8,1,9134.69,5599.32,-1019.18,77153.83,veiculo,sim,casado,superior,estudante,sul,0
4372,27,4719.44,41193.59,14,9.64,609,724.75,9,2,5761.26,746.46,4673.23,37346.66,educacao,sim,viuvo,superior,temporario,sul,0
4373,30,4010.07,17976.97,24,19.09,453,1215.39,7,0,9392.09,4632.04,103.15,65583.65,veiculo,sim,viuvo,superior,autonomo,nordeste,0
4374,64,5383.09,7176.34,30,15.26,807,1261.31,3,1,2890.01,6016.69,2118.25,211561.32,consumo,sim,divorciado,fundamental,estudante,centro_oeste,0
4375,35,1533.43,21428.05,34,10.34,423,1400.14,3,3,6857.72,4463.25,-631.49,211993.77,casa,nao,casado,medio,clt,nordeste,0
4376,51,3485.16,28615.26,27,13.18,768,1555.42,15,3,2135.53,8815.23,5916.78,44822.08,veiculo,nao,viuvo,pos,autonomo,sudeste,0
4377,36,4296.13,30249.78,41,7.84,593,1543.94,17,0,33338.59,1817.8,1185.12,49786.56,outros,nao,divorciado,fundamental,autonomo,nordeste,0
4378,33,3258.99,40520.16,20,27.69,625,1032.02,1,3,5635.49,4350.95,4609.07,144745.66,negocios,sim,casado,medio,autonomo,centro_oeste,0
4379,27,7732.56,27134.01,28,19.44,726,2269.58,4,2,44.38,2980.27,1199.51,121769.63,veiculo,nao,solteiro,superior,clt,nordeste,0
4380,70,4833.95,12678.83,61,8.17,796,1367.04,17,3,33508.41,8177.4,927.29,124168.46,outros,sim,casado,medio,autonomo,sudeste,0
4381,71,5118.19,14405.82,43,22.35,480,2110.51,2,1,26550.37,2026.65,75.86,199549.21,consumo,nao,viuvo,superior,clt,sudeste,1
4382,24,3930.18,7088.25,7,18.45,744,1473.12,9,4,9345.74,4932.12,1355.39,122550.15,casa,nao,viuvo,superior,temporario,sudeste,1
4383,38,4771.6,35984.56,27,21.34,684,1039.82,5,3,30762.13,4106.72,5026.99,127671.3,casa,sim,divorciado,superior,estudante,sudeste,0
4384,50,2612.54,7320.34,60,18.03,567,1893.66,17,3,30506.88,8296.42,3360.92,145491.95,negocios,nao,divorciado,pos,temporario,nordeste,1
4385,39,4494.33,30064.47,17,5.45,590,590.55,13,0,25934.79,5239.63,-1385.9,112316.34,casa,sim,divorciado,superior,temporario,sul,0
4386,59,3113.38,29661.11,66,8.88,728,2429.66,13,3,20727.81,4458.1,2420.45,127951.54,negocios,sim,divorciado,medio,temporario,centro_oeste,0
4387,32,4300.67,38240.41,25,22.45,476,1507.74,1,1,20465.06,5485.89,2082.59,164288.28,casa,sim,divorciado,superior,autonomo,sudeste,0
4388,21,1200.0,5895.65,47,22.1,622,421.66,2,3,33911.59,6547.06,3558.21,201361.87,negocios,nao,viuvo,fundamental,clt,sul,0
4389,37,2769.59,11732.47,37,22.09,708,1157.55,14,3,16280.17,771.88,4091.49,205060.42,negocios,sim,viuvo,pos,autonomo,centro_oeste,1
4390,52,7435.07,43885.09,47,4.37,635,1833.09,4,4,28299.71,2597.49,2612.72,146936.98,educacao,nao,casado,superior,clt,centro_oeste,0
4391,28,6294.72,28536.78,58,23.32,599,338.01,7,4,3937.19,2503.67,5032.02,59114.73,educacao,sim,casado,superior,temporario,sudeste,0
4392,64,7174.27,23324.9,15,14.54,628,786.4,1,1,24528.97,4032.43,3207.82,190757.69,negocios,sim,solteiro,fundamental,autonomo,norte,0
4393,18,7297.9,36519.27,29,20.65,624,2324.55,0,0,34634.78,5399.15,836.53,152677.27,veiculo,nao,divorciado,fundamental,autonomo,sudeste,1
4394,21,6011.38,43565.14,43,10.53,741,1006.39,13,2,349.23,8285.06,1135.35,80887.81,negocios,sim,solteiro,medio,autonomo,norte,0
4395,47,3984.84,14466.94,23,22.47,748,549.26,3,2,9026.56,5309.05,4896.58,138032.78,casa,sim,solteiro,fundamental,temporario,centro_oeste,0
4396,47,2932.95,43517.14,30,27.57,787,408.25,3,1,27473.11,2042.37,226.63,92987.14,educacao,sim,divorciado,medio,autonomo,norte,1
4397,34,6864.14,7445.61,64,10.08,448,1616.23,15,2,25683.4,4969.78,-688.17,183360.12,casa,sim,divorciado,pos,temporario,nordeste,0
4398,32,4916.22,46984.58,21,22.82,547,1474.87,12,2,25696.85,4142.88,4068.08,74061.96,outros,nao,viuvo,medio,temporario,sudeste,0
4399,21,9289.24,10000.76,18,18.52,770,1682.76,3,3,34386.23,5988.75,1534.41,96727.37,outros,sim,casado,superior,temporario,nordeste,0
4400,55,4142.82,14613.75,44,10.55,676,2402.65,15,1,3354.93,5913.02,-31.97,174448.48,casa,sim,divorciado,medio,temporario,nordeste,0
4401,39,8351.21,6895.02,12,11.06,570,319.47,17,3,23628.29,6111.23,4670.82,44094.23,consumo,sim,casado,medio,autonomo,sul,0
4402,24,4517.77,39067.28,6,21.56,671,638.6,7,4,22441.54,8976.98,-357.28,124080.18,negocios,sim,divorciado,superior,autonomo,centro_oeste,0
4403,40,7204.89,47282.56,63,10.82,605,722.47,8,3,7201.66,734.65,3913.0,98748.36,casa,sim,casado,pos,temporario,nordeste,0
4404,71,7854.05,16012.43,24,5.15,774,1170.85,11,3,7452.38,6979.03,853.43,80819.99,negocios,nao,divorciado,fundamental,temporario,sudeste,0
4405,32,2958.69,17315.34,13,24.98,643,460.78,2,1,22757.43,7766.19,3756.38,24199.78,outros,nao,solteiro,pos,temporario,centro_oeste,0
4406,68,3927.0,15193.59,49,18.13,598,1130.9,16,1,22908.18,2583.69,4228.52,2562.74,negocios,nao,solteiro,superior,autonomo,nordeste,0
4407,32,2940.64,9544.68,37,22.2,669,2073.57,2,0,21002.5,6937.84,-573.26,135010.54,consumo,nao,casado,fundamental,clt,sul,0
4408,28,2586.1,38328.71,36,18.48,496,559.69,13,2,16166.25,1392.35,4633.58,123231.12,educacao,nao,casado,medio,clt,nordeste,0
4409,32,6000.72,5262.75,34,16.39,728,2306.47,10,0,24052.04,5111.53,3023.92,205952.89,negocios,nao,divorciado,fundamental,estudante,norte,1
4410,36,4446.07,46533.72,15,22.48,501,2294.11,2,3,11266.13,3240.36,4900.8,66272.17,consumo,nao,viuvo,superior,temporario,sudeste,0
4411,24,4894.26,44692.86,62,4.77,429,1370.13,7,4,8253.09,2438.0,-1554.73,8928.66,casa,sim,casado,fundamental,autonomo,sul,0
4412,51,5801.23,7888.98,6,11.49,440,2175.57,5,4,20839.78,6000.93,4103.33,101930.04,veiculo,nao,solteiro,medio,estudante,sudeste,0
4413,37,1456.7,26593.34,37,19.06,446,1830.68,16,0,21604.83,3922.31,5890.17,9231.98,casa,nao,casado,fundamental,temporario,sul,0
4414,58,7116.18,47674.74,23,26.66,460,1007.63,9,3,28429.07,1911.51,3682.54,56941.37,casa,nao,divorciado,fundamental,temporario,sul,0
4415,45,4171.63,41294.18,48,13.45,440,1483.26,6,2,14562.61,5656.07,5358.84,147014.57,educacao,sim,viuvo,medio,autonomo,sul,0
4416,43,5758.32,35038.58,42,27.41,540,450.55,4,0,26744.29,4807.9,1435.09,100560.69,educacao,nao,divorciado,superior,clt,nordeste,0
4417,44,5917.28,3521.97,31,22.13,804,1330.17,2,3,32119.91,859.05,3672.51,71974.6,veiculo,nao,casado,superior,estudante,norte,0
4418,26,7267.43,5611.17,41,15.64,461,2105.55,9,4,14898.18,7476.45,2624.24,175858.35,consumo,nao,divorciado,fundamental,autonomo,sudeste,0
4419,58,4611.26,38627.78,20,14.3,690,1537.76,9,2,18990.27,8887.37,814.68,74029.49,educacao,nao,casado,medio,estudante,sudeste,0
4420,23,1200.0,19628.24,14,7.11,768,1066.31,17,4,31859.18,3409.2,3061.0,35218.06,negocios,sim,viuvo,medio,estudante,centro_oeste,0
4421,59,4902.83,32913.65,65,18.76,743,1719.46,11,0,10508.75,8892.03,1014.59,61454.33,educacao,nao,solteiro,medio,autonomo,sul,0
4422,74,5161.27,36132.76,46,5.26,564,2446.3,8,4,25292.99,8964.48,5605.06,209521.61,veiculo,nao,viuvo,medio,clt,sul,0
4423,61,2938.33,21709.38,49,14.3,441,336.56,6,3,20202.72,4447.14,4421.61,55025.75,outros,sim,divorciado,fundamental,estudante,norte,0
4424,43,5065.48,9023.87,71,9.71,567,946.45,4,3,14489.97,8325.74,4992.81,79734.96,educacao,sim,viuvo,pos,estudante,norte,0
4425,35,4150.17,20094.6,65,26.95,660,541.78,11,2,30246.91,7149.42,3158.55,38495.08,veiculo,nao,divorciado,medio,estudante,nordeste,1
4426,67,2383.04,42132.7,44,12.72,723,2400.12,2,0,5485.49,7593.13,4755.56,142491.28,outros,nao,casado,superior,clt,sudeste,0
4427,32,6008.67,17564.4,58,15.74,476,1446.49,0,2,1239.02,1541.32,1061.31,60913.42,educacao,nao,divorciado,superior,autonomo,nordeste,0
4428,45,3785.29,5350.55,40,13.01,540,480.83,16,4,7249.98,7132.73,3359.16,46104.75,veiculo,nao,solteiro,superior,clt,sudeste,0
4429,61,4068.52,46140.48,21,7.29,660,1600.23,0,2,30669.42,2510.59,803.46,129142.63,consumo,nao,casado,pos,temporario,nordeste,1
4430,70,3967.36,33470.8,47,12.46,706,1340.97,4,0,12026.01,6853.58,2836.87,168201.11,veiculo,sim,divorciado,fundamental,temporario,sul,0
4431,70,7023.86,27108.98,66,22.7,544,317.62,10,2,23938.9,2505.13,-1242.83,130147.68,consumo,sim,solteiro,medio,estudante,sudeste,1
4432,23,4726.35,40224.38,64,18.91,748,2185.67,3,0,8079.38,7163.34,4377.94,109665.85,outros,sim,viuvo,medio,autonomo,nordeste,0
4433,69,4942.38,21207.81,39,14.5,740,1825.34,12,2,17181.27,8096.96,1489.41,214151.2,casa,nao,solteiro,pos,temporario,nordeste,0
4434,24,4006.85,47322.77,68,23.69,564,192.15,9,3,18299.98,4764.8,5874.93,62701.18,casa,nao,solteiro,fundamental,temporario,sul,0
4435,51,5633.16,41519.57,19,4.1,634,2406.44,1,0,8588.12,4182.46,4894.3,104019.12,veiculo,sim,solteiro,medio,estudante,sul,0
4436,70,7228.77,15264.79,8,23.84,611,549.5,8,2,13559.11,1738.39,2991.95,42055.39,veiculo,nao,divorciado,superior,autonomo,sudeste,0
4437,55,5966.15,19382.68,32,5.43,687,180.61,14,2,9162.0,2505.86,273.71,110655.07,consumo,nao,solteiro,fundamental,clt,centro_oeste,0
4438,72,6036.36,15046.3,19,24.89,548,1171.27,6,3,3523.63,8933.83,3113.13,106827.89,educacao,nao,divorciado,fundamental,estudante,sudeste,0
4439,37,5891.21,32500.01,69,26.74,551,506.62,12,0,15107.85,6711.85,4102.36,169760.48,educacao,sim,viuvo,pos,clt,sudeste,0
4440,35,2315.56,31589.6,13,23.66,589,1502.74,10,3,19726.95,7037.28,1883.32,100547.05,negocios,sim,divorciado,fundamental,estudante,norte,0
4441,36,3222.99,26274.02,41,4.47,506,902.52,8,3,3152.06,7419.07,2821.37,31467.45,casa,sim,solteiro,fundamental,estudante,norte,1
4442,38,4431.02,46445.74,56,16.63,652,609.61,10,0,12526.26,5460.95,5035.08,208927.03,negocios,nao,viuvo,medio,estudante,nordeste,0
4443,56,3493.44,23988.53,13,23.89,803,2466.0,8,0,16194.46,4249.47,-729.87,58914.32,outros,nao,solteiro,medio,autonomo,norte,1
4444,43,2883.83,38159.37,9,17.08,559,951.93,1,3,32638.42,3458.75,2095.93,53871.76,veiculo,nao,viuvo,superior,temporario,sudeste,1
4445,60,1430.08,32443.33,42,12.64,764,1142.18,7,4,21361.27,731.75,4953.63,198384.6,casa,nao,divorciado,medio,estudante,norte,1
4446,41,2376.25,26077.41,65,15.3,605,862.64,7,4,32979.3,7382.62,1251.02,145758.86,consumo,nao,solteiro,medio,autonomo,centro_oeste,0
4447,35,4338.25,4415.33,7,5.94,486,2121.81,14,3,18353.4,7851.51,5095.91,194896.9,negocios,sim,solteiro,superior,clt,sul,0
4448,28,4675.03,32416.02,7,15.91,618,636.54,12,4,28114.03,3415.03,2554.0,63309.89,educacao,sim,solteiro,fundamental,temporario,nordeste,0
4449,49,3372.5,31738.08,67,4.67,619,476.17,10,3,3368.81,4877.68,1330.55,11536.96,consumo,sim,divorciado,medio,estudante,sudeste,0
4450,69,4942.07,8181.77,45,19.46,429,2224.98,6,0,19754.63,5413.19,5934.17,95320.28,veiculo,sim,solteiro,superior,estudante,nordeste,0
4451,66,4019.1,38714.13,52,13.37,611,605.39,11,2,12352.73,6088.44,-537.36,53924.47,casa,sim,casado,medio,autonomo,sudeste,0
4452,32,6763.03,23748.23,24,8.59,485,2170.42,17,1,25495.06,6024.03,908.86,160616.58,negocios,nao,viuvo,medio,estudante,sul,0
4453,45,4509.07,17248.64,26,4.42,737,1521.37,15,1,30715.83,2172.14,-85.62,47325.2,educacao,sim,viuvo,superior,estudante,centro_oeste,0
4454,58,6053.4,39990.15,37,26.13,636,2090.22,4,0,24929.07,6336.68,5867.81,17183.89,outros,nao,solteiro,pos,clt,nordeste,0
4455,52,5165.78,18123.38,20,17.35,541,342.77,5,0,3089.92,6896.56,-628.14,104037.3,casa,nao,divorciado,superior,temporario,nordeste,0
4456,21,2276.27,30794.21,35,19.53,421,2415.6,8,3,21736.93,646.77,-869.07,62048.54,negocios,sim,divorciado,fundamental,temporario,nordeste,0
4457,51,4636.82,30615.12,68,22.7,648,875.45,11,0,26043.57,5752.01,258.52,56012.77,veiculo,sim,casado,superior,temporario,centro_oeste,0
4458,20,2575.88,4902.67,55,19.04,701,316.01,12,3,1044.45,4042.1,2946.99,69202.48,negocios,sim,solteiro,superior,clt,centro_oeste,0
4459,24,4605.38,21738.93,63,13.91,589,1954.54,14,1,5940.48,8023.59,265.28,67361.26,outros,nao,casado,medio,estudante,norte,1
4460,55,3458.76,12636.43,38,19.06,782,594.01,9,2,23810.04,8521.72,751.43,97240.01,negocios,nao,divorciado,superior,temporario,nordeste,1
4461,23,5487.53,11580.47,57,10.06,498,994.58,14,1,11022.03,5461.86,2366.0,126922.64,outros,nao,divorciado,fundamental,estudante,centro_oeste,0
4462,37,2383.76,32300.77,33,17.47,721,1559.6,0,1,2176.43,3896.68,3161.58,118478.73,educacao,nao,casado,pos,temporario,norte,0
4463,51,4826.46,3019.15,46,8.93,618,339.19,3,2,31129.7,8473.59,2722.47,130948.41,outros,nao,viuvo,fundamental,autonomo,centro_oeste,0
4464,55,5830.35,46593.09,54,26.02,545,648.49,9,3,33326.14,2793.3,2996.75,28323.85,consumo,sim,solteiro,pos,estudante,sudeste,0
4465,43,6433.67,20490.29,60,16.23,535,1314.65,9,2,13071.54,4686.69,3433.07,13192.33,veiculo,nao,divorciado,medio,autonomo,norte,0
4466,23,3424.5,16095.56,67,9.61,599,1158.81,17,3,34750.68,3501.55,5042.64,204988.17,negocios,sim,divorciado,medio,clt,nordeste,0
4467,63,4831.95,44358.84,12,19.35,452,1473.57,11,4,29980.27,1805.86,3465.65,49054.92,casa,sim,solteiro,medio,clt,sul,0
4468,72,5131.46,24643.58,58,6.17,680,1870.43,7,2,19455.02,8101.53,3823.38,182679.76,negocios,nao,casado,superior,autonomo,centro_oeste,0
4469,68,7584.83,30451.8,52,14.42,583,998.94,10,4,26153.27,2629.13,1292.84,14531.93,negocios,nao,solteiro,superior,clt,centro_oeste,0
4470,60,2133.61,34161.21,54,24.78,692,1118.22,2,0,32768.49,7260.4,5568.32,148695.71,negocios,sim,casado,medio,clt,sul,1
4471,40,3160.02,42149.21,6,22.43,626,811.92,7,2,25456.22,6902.12,4504.39,132695.53,outros,nao,divorciado,pos,estudante,centro_oeste,0
4472,67,9848.03,8403.26,38,20.88,810,968.1,0,2,11811.93,6168.12,2745.58,101781.39,veiculo,nao,viuvo,pos,estudante,sul,0
4473,45,4308.42,6215.22,69,15.29,453,298.39,2,0,6755.84,1426.39,1697.73,82225.68,veiculo,nao,solteiro,medio,clt,sul,1
4474,25,1396.21,47713.84,65,14.73,617,1525.89,7,4,15111.33,3905.46,-1652.45,190163.92,consumo,nao,casado,superior,clt,centro_oeste,0
4475,66,3751.41,2904.21,21,4.27,634,580.85,0,3,6533.34,8378.34,5894.7,154681.44,veiculo,sim,casado,pos,estudante,sudeste,0
4476,36,1200.0,34722.86,38,18.4,519,1841.79,3,2,753.32,3610.3,-696.29,142297.87,negocios,nao,viuvo,fundamental,clt,nordeste,0
4477,71,5233.66,30303.47,63,17.85,688,277.89,16,3,15958.08,672.72,2170.85,204064.11,outros,nao,viuvo,medio,clt,sul,0
4478,38,6257.61,27641.07,67,4.13,564,318.91,15,3,11523.94,6667.3,866.06,14776.43,casa,nao,viuvo,fundamental,clt,sudeste,0
4479,67,3159.01,38255.17,27,7.29,725,840.48,10,3,3334.81,6344.56,743.2,164800.59,negocios,nao,viuvo,superior,estudante,centro_oeste,0
4480,48,3952.7,47657.52,58,4.3,788,1197.1,17,1,30501.14,5431.27,1471.8,212939.92,casa,nao,solteiro,pos,temporario,nordeste,0
4481,44,6462.58,4633.3,61,10.08,761,1789.17,0,2,4303.12,3584.36,2665.09,213686.61,outros,sim,solteiro,pos,temporario,centro_oeste,0
4482,34,1649.61,30461.14,15,4.09,673,1785.87,16,1,22063.94,3243.88,-1721.97,38163.35,educacao,nao,casado,superior,clt,norte,1
4483,65,2421.17,35113.38,8,14.02,707,2438.24,8,4,19926.05,2451.09,-598.1,178164.72,outros,nao,divorciado,pos,temporario,centro_oeste,1
4484,21,4389.39,16420.24,9,15.43,765,995.82,6,0,34264.67,5529.86,2982.85,12950.0,consumo,nao,casado,pos,autonomo,sul,1
4485,44,3445.8,43125.19,15,14.49,812,317.69,14,4,8884.36,8967.22,3966.9,152253.9,outros,nao,viuvo,pos,autonomo,nordeste,0
4486,39,4271.04,23293.17,54,8.79,709,2178.13,8,1,8242.58,7159.12,3465.71,141083.05,negocios,sim,divorciado,pos,clt,sudeste,0
4487,48,2525.25,9983.77,31,16.57,785,1875.08,10,3,21951.98,6066.14,5929.72,100259.23,negocios,nao,divorciado,pos,clt,norte,0
4488,32,5185.76,41375.56,51,23.54,806,338.04,5,0,19538.93,5340.77,-1427.73,75789.2,casa,sim,casado,fundamental,temporario,norte,0
4489,55,4531.38,45403.12,11,10.99,490,373.35,9,4,28413.31,6495.3,2218.52,52609.6,consumo,nao,divorciado,superior,temporario,centro_oeste,0
4490,39,5788.54,7027.93,45,11.5,620,1285.8,2,2,6057.3,4766.28,1464.2,76869.54,negocios,sim,casado,fundamental,clt,centro_oeste,0
4491,28,5160.72,36701.48,55,17.03,562,972.62,3,4,10521.62,7703.14,-248.46,21866.05,negocios,sim,divorciado,fundamental,autonomo,sul,0
4492,29,5172.04,12283.15,70,9.61,799,1563.58,10,1,175.11,5445.92,5145.8,66505.11,outros,nao,divorciado,pos,clt,centro_oeste,0
4493,57,2196.65,2805.86,27,12.11,717,688.45,16,4,25255.39,2603.35,-680.51,111706.26,educacao,nao,casado,superior,estudante,nordeste,1
4494,32,5686.66,14357.93,41,14.86,774,2405.67,3,4,11391.33,5288.06,2135.82,113236.43,veiculo,nao,viuvo,superior,estudante,sudeste,0
4495,35,4204.44,41398.4,37,13.27,559,1368.15,10,0,8263.12,2585.97,-301.36,126925.84,casa,nao,casado,pos,clt,sudeste,0
4496,53,4500.12,8923.87,28,23.64,757,1921.67,1,1,21172.62,5053.18,1604.54,159972.31,consumo,sim,divorciado,superior,clt,sul,0
4497,36,6686.88,8445.43,48,24.38,452,471.82,9,2,8809.64,7339.11,4366.07,25655.0,consumo,nao,solteiro,superior,estudante,centro_oeste,0
4498,40,3505.02,36126.67,43,13.67,795,1611.27,15,1,1986.25,6684.25,3664.63,187017.96,casa,sim,casado,medio,clt,nordeste,0
4499,31,7232.13,20989.36,60,14.75,511,2187.22,6,4,8268.92,2798.02,3663.22,80489.23,educacao,nao,viuvo,medio,clt,centro_oeste,0
4500,37,7400.06,9256.12,7,26.97,630,233.34,14,0,29740.23,6699.0,-122.44,42075.11,veiculo,nao,divorciado,fundamental,temporario,centro_oeste,0
4501,57,6155.01,12965.02,20,16.07,706,1432.77,7,1,20837.79,1552.2,-1621.72,39464.21,negocios,nao,casado,medio,clt,centro_oeste,0
4502,48,3034.88,38654.39,44,27.83,717,752.49,16,1,16490.72,5985.44,3816.52,177302.88,consumo,sim,divorciado,fundamental,clt,centro_oeste,0
4503,74,1200.0,30858.73,43,22.31,504,1289.86,11,2,17199.4,3176.4,-972.34,105160.98,educacao,sim,divorciado,fundamental,temporario,nordeste,1
4504,61,6741.9,37122.26,65,10.34,642,2073.11,5,3,34893.72,5745.75,1243.5,56668.21,casa,nao,viuvo,fundamental,clt,sul,0
4505,18,5000.49,6948.68,50,9.5,632,1780.96,4,0,1102.18,7830.06,4782.6,204908.8,casa,nao,casado,medio,temporario,sudeste,1
4506,39,3458.64,23343.74,6,7.82,730,1930.44,15,3,5642.55,1637.0,1393.95,128955.97,consumo,sim,divorciado,fundamental,clt,nordeste,0
4507,34,6912.41,38768.33,38,23.35,548,671.1,8,2,30292.74,6420.06,1830.36,139541.76,negocios,sim,viuvo,medio,estudante,sudeste,0
4508,51,3249.19,14593.57,61,11.36,725,2111.45,7,3,18719.12,6308.23,5671.93,54540.91,consumo,nao,divorciado,pos,temporario,norte,0
4509,33,4036.52,10198.1,63,20.22,666,1604.46,10,0,34827.17,6933.86,5290.67,87955.86,outros,sim,divorciado,superior,temporario,nordeste,0
4510,73,5744.8,19871.17,58,16.96,723,340.78,1,4,23937.31,8739.03,-1091.17,67538.09,casa,sim,divorciado,pos,autonomo,nordeste,1
4511,35,2795.51,17668.79,37,23.82,770,2181.49,3,2,25319.88,4605.15,4961.41,54105.52,negocios,nao,viuvo,fundamental,temporario,sul,1
4512,47,4602.93,10939.01,13,22.02,591,309.35,8,1,20291.83,1658.62,2057.87,197737.24,educacao,sim,casado,pos,estudante,sul,0
4513,25,6760.45,45904.49,20,5.53,592,246.75,5,3,607.29,6415.55,4424.19,28279.73,veiculo,nao,viuvo,fundamental,estudante,nordeste,0
4514,69,5180.0,24480.98,61,12.12,738,2114.29,9,2,31780.35,5135.11,946.55,19650.21,outros,sim,divorciado,fundamental,clt,centro_oeste,1
4515,69,7045.37,30167.47,28,16.48,732,210.21,6,1,18305.12,7401.16,5666.36,83639.25,educacao,nao,divorciado,fundamental,autonomo,centro_oeste,0
4516,63,6840.48,8010.36,56,23.29,770,385.17,7,0,316.86,7240.38,4413.15,144699.18,outros,nao,viuvo,superior,estudante,nordeste,0
4517,38,4813.93,30256.6,8,21.14,640,219.33,14,2,7346.28,6731.53,1705.38,69461.95,consumo,sim,solteiro,fundamental,estudante,nordeste,0
4518,21,1200.0,27767.18,38,17.19,674,2222.25,14,1,12263.3,3874.88,1013.61,44514.61,veiculo,nao,viuvo,fundamental,clt,norte,1
4519,58,2809.61,44902.78,68,23.4,443,283.69,5,3,10016.56,4543.39,-153.84,11994.87,educacao,sim,viuvo,superior,estudante,sudeste,0
4520,42,6174.0,21260.41,22,14.44,601,1044.62,6,1,971.69,8286.42,348.07,183188.64,outros,nao,solteiro,fundamental,clt,sudeste,0
4521,74,2009.55,38083.83,8,5.34,518,683.42,11,0,9808.28,4205.76,1648.1,162004.7,veiculo,nao,divorciado,pos,clt,norte,0
4522,57,4211.95,16340.23,25,24.89,761,972.65,16,3,31370.72,5486.11,962.9,141855.99,outros,nao,casado,fundamental,clt,sudeste,0
4523,48,5409.27,28841.79,10,16.64,468,854.17,9,4,20609.31,6309.88,3224.11,161284.29,outros,nao,solteiro,pos,clt,norte,0
4524,74,7445.23,44677.15,46,23.4,731,2239.86,1,4,11443.85,1483.76,3157.21,185129.0,veiculo,nao,solteiro,superior,estudante,centro_oeste,0
4525,63,3764.96,30940.74,18,13.41,754,1963.4,10,2,3083.87,7040.02,-290.76,58501.75,negocios,sim,solteiro,pos,autonomo,norte,0
4526,44,3641.72,34857.72,22,18.13,607,2233.24,12,1,26295.31,627.08,233.93,173967.72,casa,sim,viuvo,medio,autonomo,sudeste,1
4527,19,4705.6,42357.3,44,11.95,687,1850.5,16,1,25142.47,8847.63,-1447.46,22672.41,consumo,sim,casado,fundamental,temporario,nordeste,0
4528,23,5431.64,44606.81,27,13.83,651,946.41,16,1,82.88,5331.4,1183.17,205327.26,educacao,sim,divorciado,superior,clt,norte,0
4529,43,4522.36,11976.51,48,7.54,695,611.16,12,0,34769.37,1928.5,1892.91,124254.79,casa,nao,casado,pos,autonomo,sul,0
4530,50,6688.68,11410.63,67,21.8,694,1409.09,9,4,9297.96,7165.63,-980.28,167991.27,casa,nao,viuvo,pos,temporario,nordeste,0
4531,19,3361.54,27546.66,67,10.73,521,1007.47,3,1,9184.04,7678.46,-1135.99,107152.42,consumo,sim,solteiro,superior,temporario,sudeste,0
4532,25,5016.29,47796.0,54,11.24,695,1672.72,15,3,10536.17,2240.55,288.93,88067.36,veiculo,sim,solteiro,medio,clt,centro_oeste,0
4533,58,5601.38,24801.93,69,12.5,780,270.32,8,1,33660.1,850.67,2033.11,155318.59,casa,nao,divorciado,fundamental,clt,norte,1
4534,60,4079.58,17556.18,54,14.37,544,1834.12,12,3,29438.75,4958.21,5870.79,72487.34,educacao,nao,divorciado,fundamental,temporario,sudeste,0
4535,19,6311.48,26945.39,10,17.83,542,874.98,13,4,22305.1,5944.82,5337.58,131981.61,veiculo,nao,divorciado,fundamental,autonomo,nordeste,0
4536,46,5068.13,5430.01,69,20.39,537,1252.4,0,2,17299.24,1930.24,1307.66,293.69,consumo,sim,casado,pos,autonomo,centro_oeste,0
4537,22,6219.92,10562.91,43,20.22,784,2450.38,6,4,11445.82,5273.65,2537.45,184378.46,consumo,nao,divorciado,pos,estudante,sudeste,1
4538,59,5149.39,9275.88,6,14.17,774,680.14,12,1,11727.3,4974.32,2565.37,36719.99,educacao,sim,divorciado,superior,clt,sul,1
4539,65,5477.53,3770.16,46,15.57,559,452.96,8,1,11398.2,7840.59,876.04,134994.75,consumo,nao,viuvo,medio,estudante,sul,0
4540,67,3661.69,35360.66,22,7.37,794,666.77,11,3,30190.99,7434.56,4883.53,188153.28,casa,nao,viuvo,fundamental,estudante,sul,1
4541,52,3664.61,17309.09,41,16.52,724,995.49,10,0,23845.98,1621.63,474.6,149697.78,veiculo,nao,viuvo,pos,estudante,norte,0
4542,53,7003.91,10168.4,49,25.05,580,1424.07,0,0,14238.18,6509.66,1531.41,104219.31,outros,nao,viuvo,superior,clt,centro_oeste,0
4543,70,5943.92,25807.09,7,15.05,750,2454.12,5,1,34774.25,4774.37,5273.82,110989.58,negocios,nao,solteiro,fundamental,autonomo,sul,1
4544,52,2958.66,17216.72,34,26.51,785,2198.13,7,2,6211.91,4463.19,898.19,96622.86,negocios,nao,solteiro,medio,clt,sudeste,0
4545,43,5125.55,20382.31,9,7.74,767,1838.7,6,2,2683.71,1879.85,2186.5,7611.82,casa,sim,divorciado,medio,autonomo,norte,0
4546,61,1200.0,16856.7,13,21.69,608,1851.63,0,0,12884.97,6854.97,4990.57,170298.46,negocios,nao,viuvo,pos,temporario,centro_oeste,0
4547,51,3766.91,2681.25,19,20.99,506,838.38,0,2,34364.55,7881.11,754.54,210386.8,casa,nao,casado,superior,estudante,sudeste,1
4548,66,6529.85,33818.96,57,20.36,486,2332.89,5,3,840.66,2246.82,5701.27,158511.99,veiculo,nao,viuvo,superior,estudante,centro_oeste,0
4549,47,4574.74,7536.42,33,19.91,750,1431.76,15,1,2835.04,749.95,-212.3,197718.56,casa,nao,casado,pos,clt,sudeste,0
4550,67,5012.24,12470.98,9,4.54,713,557.05,17,2,11950.74,5677.77,3536.55,191725.38,consumo,sim,viuvo,medio,autonomo,sudeste,0
4551,20,1200.0,11159.43,55,21.81,703,2384.7,15,1,34559.89,8840.9,-1331.71,78167.31,consumo,sim,solteiro,medio,clt,centro_oeste,0
4552,20,4093.94,17577.21,41,15.99,438,1355.14,16,0,12020.72,6269.92,2389.33,79854.04,veiculo,nao,solteiro,superior,estudante,nordeste,0
4553,23,5408.89,9788.99,15,16.58,806,540.79,16,3,23732.74,2647.99,-556.73,101085.35,consumo,sim,viuvo,medio,estudante,centro_oeste,0
4554,49,5637.52,18286.32,43,5.22,465,1885.74,12,2,30241.05,7918.23,3102.13,20139.86,casa,sim,casado,superior,clt,nordeste,0
4555,58,6532.24,13568.53,22,8.52,652,722.39,2,4,23469.54,5073.53,3011.21,9832.45,veiculo,nao,viuvo,pos,estudante,centro_oeste,0
4556,30,4421.54,5285.29,47,25.86,796,615.39,6,0,3143.64,4832.95,1448.41,534.29,consumo,nao,solteiro,superior,autonomo,sul,0
4557,26,4501.82,42110.62,68,11.57,516,800.81,13,0,5198.7,986.87,5413.68,116328.89,veiculo,nao,viuvo,medio,estudante,norte,1
4558,67,2402.19,16403.94,26,13.45,627,1521.6,7,3,9059.7,1015.7,5152.96,118502.22,casa,nao,viuvo,medio,temporario,sudeste,0
4559,60,4431.86,6835.34,55,8.54,756,858.81,4,4,27859.01,5424.06,3932.85,17103.34,outros,nao,viuvo,superior,temporario,norte,1
4560,54,2529.16,26229.45,7,19.17,526,274.69,0,4,28066.13,7356.9,3813.28,39030.69,consumo,sim,casado,fundamental,estudante,centro_oeste,1
4561,45,1473.83,8109.04,32,21.78,460,1078.99,6,4,5958.77,6901.93,-1267.82,163132.16,consumo,nao,casado,pos,clt,nordeste,0
4562,41,2846.68,37675.74,64,26.11,612,723.78,6,1,13268.75,8496.5,723.74,117007.14,consumo,sim,viuvo,fundamental,clt,sudeste,0
4563,19,7515.63,5301.8,10,17.49,738,1366.56,14,3,4893.23,4773.48,-215.33,171309.9,educacao,sim,solteiro,pos,estudante,nordeste,0
4564,28,4312.99,23640.94,67,10.62,651,1246.18,14,0,16558.17,5776.14,1230.66,44118.92,educacao,nao,viuvo,pos,temporario,sul,0
4565,69,5195.78,45444.1,12,5.7,597,361.15,2,2,12750.17,5831.11,-948.47,125790.44,casa,nao,solteiro,superior,temporario,nordeste,1
4566,37,3875.71,9733.09,37,10.39,675,749.13,9,4,34723.53,3731.67,682.45,52713.31,educacao,sim,casado,medio,estudante,norte,1
4567,58,1577.01,11662.27,17,18.84,440,833.04,16,3,13604.84,524.13,2653.24,211256.35,veiculo,sim,viuvo,medio,temporario,nordeste,0
4568,58,6485.0,29821.15,7,27.38,559,1304.59,8,4,1751.06,7630.65,-503.71,203344.71,educacao,sim,casado,superior,clt,sudeste,0
4569,35,1200.0,47083.36,29,5.9,771,2087.55,17,4,18217.08,1070.28,-975.11,71712.86,consumo,nao,solteiro,pos,clt,sudeste,0
4570,29,3801.37,20055.53,44,13.32,574,687.16,1,3,31751.38,8653.75,3712.13,34086.88,outros,nao,casado,pos,clt,sudeste,1
4571,57,4701.69,32013.35,53,20.01,806,546.99,5,3,12932.09,7672.76,126.03,32451.83,educacao,sim,divorciado,fundamental,autonomo,centro_oeste,0
4572,23,5214.88,9430.43,26,17.79,639,182.37,16,1,28647.39,1382.16,1930.06,38803.79,outros,nao,casado,pos,temporario,sudeste,1
4573,46,3492.35,31683.57,38,19.64,793,1587.09,12,2,14585.62,1537.24,4739.84,138943.12,casa,sim,divorciado,superior,temporario,norte,0
4574,68,1491.67,13996.12,18,15.12,670,935.48,5,0,19892.67,6765.5,1152.69,39437.22,educacao,sim,divorciado,pos,autonomo,nordeste,1
4575,58,3358.03,30404.59,54,10.41,587,1734.76,16,2,17582.0,5121.17,-1031.13,40470.04,veiculo,nao,divorciado,medio,clt,centro_oeste,0
4576,61,3452.24,6534.08,17,15.59,788,1781.13,6,4,30595.75,6015.75,4325.61,88597.41,casa,sim,solteiro,pos,autonomo,centro_oeste,1
4577,22,3408.43,26386.09,62,13.16,527,283.71,14,0,19881.69,2964.61,3960.36,174636.53,casa,sim,solteiro,fundamental,temporario,sul,0
4578,29,6546.11,13301.93,17,21.02,576,1150.72,5,2,13267.43,8011.38,2959.69,29381.56,veiculo,nao,divorciado,superior,estudante,sul,0
4579,33,2615.51,33517.75,49,8.12,708,2425.72,6,4,26844.83,5115.26,2395.75,34513.16,outros,sim,casado,medio,autonomo,sul,1
4580,34,5341.76,36518.98,27,15.91,769,818.33,5,1,1761.87,5306.49,4067.09,16601.2,consumo,sim,viuvo,medio,clt,centro_oeste,1
4581,29,5084.93,41090.49,71,27.02,497,1408.56,6,2,9538.36,8919.96,955.48,14018.19,veiculo,sim,casado,medio,temporario,nordeste,0
4582,73,6528.82,47653.99,24,16.76,817,1427.73,10,3,10025.14,7058.15,771.59,36118.49,veiculo,nao,solteiro,fundamental,temporario,nordeste,0
4583,27,4560.36,23400.64,68,9.69,592,784.48,14,3,19912.62,6354.86,3093.83,175065.02,casa,sim,solteiro,superior,autonomo,centro_oeste,0
4584,58,6224.04,33012.05,61,26.46,555,1987.87,11,3,29196.03,7866.51,-501.85,216749.9,outros,nao,casado,fundamental,estudante,centro_oeste,0
4585,51,4490.0,3338.28,36,9.86,471,188.54,0,0,19383.57,8923.06,3139.13,45089.84,outros,nao,solteiro,fundamental,autonomo,norte,0
4586,52,5581.91,43681.46,38,22.03,430,706.15,10,0,16041.58,7406.55,4963.1,40049.71,veiculo,sim,viuvo,fundamental,autonomo,sudeste,0
4587,30,2094.71,30516.31,29,6.63,642,1554.66,7,3,2285.86,7354.3,2217.94,36381.83,negocios,sim,divorciado,pos,estudante,centro_oeste,0
4588,35,1200.0,21671.2,34,24.45,661,2308.12,1,4,33951.83,2126.39,-1153.15,9634.61,casa,nao,divorciado,superior,temporario,sudeste,1
4589,52,5479.58,22261.23,36,8.33,457,202.11,5,1,10343.97,7923.43,3370.34,184969.53,veiculo,nao,divorciado,fundamental,estudante,sul,0
4590,35,5576.13,36988.8,15,13.46,781,1574.01,17,2,4538.33,7990.31,4980.73,112216.27,veiculo,nao,solteiro,superior,temporario,sul,0
4591,57,5655.9,40422.89,27,27.17,637,187.81,6,0,29150.4,5574.95,-264.6,72643.16,consumo,sim,divorciado,fundamental,autonomo,nordeste,0
4592,20,3855.12,39259.62,63,17.91,441,1624.94,12,0,31162.08,6030.34,2975.02,46063.28,casa,nao,casado,pos,autonomo,nordeste,1
4593,22,7481.5,25731.6,70,10.34,756,1134.9,3,2,10450.74,5802.06,-262.47,38411.28,educacao,sim,viuvo,fundamental,clt,sudeste,1
4594,59,3972.22,19387.17,9,4.02,498,1187.93,15,0,19200.27,5132.07,4593.82,24209.52,veiculo,nao,solteiro,medio,temporario,sul,0
4595,53,5557.58,45522.04,54,4.16,689,2424.62,14,2,27420.89,2058.75,172.13,146566.32,educacao,nao,casado,superior,autonomo,norte,0
4596,20,5870.35,31356.08,21,10.59,690,1762.81,2,2,759.57,6090.47,3109.55,145094.4,educacao,sim,solteiro,pos,clt,sudeste,0
4597,69,7893.73,27236.23,49,16.64,744,635.68,12,0,34542.29,3724.95,2796.69,28041.57,veiculo,nao,casado,fundamental,autonomo,sul,0
4598,18,4229.35,29723.51,47,15.64,743,2493.82,16,2,11338.33,5060.27,1123.22,46509.91,outros,sim,viuvo,pos,estudante,sudeste,0
4599,72,3624.25,31158.93,64,26.13,814,775.49,16,2,16791.86,8159.45,5223.64,180023.76,casa,nao,solteiro,medio,temporario,norte,0
4600,59,2103.34,34944.82,52,22.34,454,1771.3,12,0,1769.88,1428.0,5230.21,117594.56,consumo,nao,solteiro,superior,clt,centro_oeste,0
4601,74,7594.26,27669.9,60,26.19,565,1758.28,13,1,1642.84,8621.37,852.66,39107.58,outros,sim,viuvo,fundamental,autonomo,sul,0
4602,72,5558.54,42328.67,58,16.28,565,2151.36,9,2,3907.88,5329.65,915.11,143363.7,negocios,sim,casado,fundamental,autonomo,nordeste,0
4603,35,5615.51,41617.0,48,14.72,570,1105.37,2,4,11239.23,8573.49,3307.8,185238.23,outros,sim,solteiro,pos,clt,sudeste,0
4604,61,10410.07,22622.73,33,17.59,515,1794.64,0,2,32253.59,2205.51,415.15,72317.35,casa,sim,solteiro,superior,autonomo,sudeste,0
4605,30,5385.08,10168.39,28,12.93,513,1632.18,5,3,18040.21,961.45,569.83,167572.78,educacao,nao,solteiro,fundamental,autonomo,centro_oeste,0
4606,44,2455.82,28737.83,28,9.06,805,1192.49,4,2,11401.06,5778.59,-1639.5,184936.75,educacao,nao,viuvo,superior,autonomo,norte,1
4607,31,4447.37,30743.65,29,24.08,779,2305.02,16,4,15789.98,4978.33,-1067.25,76473.33,outros,sim,viuvo,superior,temporario,sul,0
4608,45,3045.39,26313.77,25,20.33,692,764.48,15,4,9276.68,6746.54,3332.67,203326.9,outros,nao,casado,pos,temporario,norte,0
4609,67,4087.44,43021.29,26,11.82,641,700.31,5,2,21840.67,5612.33,702.26,88609.8,consumo,sim,divorciado,medio,clt,nordeste,0
4610,42,4075.34,6732.42,43,14.71,610,1642.5,6,1,17751.08,4871.44,-1166.33,23483.69,casa,nao,casado,superior,temporario,sul,0
4611,23,3743.36,15577.54,23,9.41,692,621.42,13,2,13249.17,8171.63,5455.61,166599.29,educacao,sim,casado,fundamental,clt,sudeste,1
4612,36,2292.09,41893.44,29,17.51,764,2105.59,12,4,24014.34,3248.97,506.48,38250.21,negocios,sim,solteiro,pos,estudante,norte,0
4613,62,7666.5,45243.31,52,12.6,590,968.05,15,2,13708.94,2808.14,-168.97,45368.1,casa,nao,solteiro,fundamental,temporario,nordeste,1
4614,47,5337.93,21879.59,27,25.01,635,1156.95,13,1,28229.09,7333.93,2274.21,144217.43,outros,nao,viuvo,fundamental,autonomo,sul,1
4615,49,4394.15,11265.3,13,16.68,784,1762.97,12,3,20944.55,3488.91,4679.56,111508.94,negocios,nao,solteiro,superior,autonomo,norte,0
4616,42,6163.75,21624.99,7,13.88,784,2233.44,13,0,7075.14,5286.15,5006.45,17472.18,consumo,nao,viuvo,fundamental,temporario,centro_oeste,0
4617,34,5647.92,23255.57,56,21.99,511,1780.72,16,1,5711.65,5719.41,579.68,176083.53,outros,sim,viuvo,fundamental,clt,sudeste,0
4618,52,5296.24,26140.41,68,25.72,515,398.56,6,0,8958.47,3002.95,3988.84,4471.09,casa,sim,viuvo,superior,clt,sul,0
4619,54,6033.0,14983.07,51,23.62,501,964.3,4,4,32138.41,3523.85,2280.75,42020.75,consumo,sim,solteiro,fundamental,temporario,sul,0
4620,69,5041.08,16724.55,9,15.88,430,1920.15,16,4,28819.46,845.95,2843.41,137704.03,veiculo,sim,viuvo,pos,estudante,nordeste,0
4621,53,6006.4,32329.24,43,12.55,697,2285.98,2,4,34027.59,2876.06,1632.12,169269.63,outros,nao,divorciado,pos,estudante,sudeste,1
4622,74,6155.6,30791.63,23,19.89,591,1650.48,5,0,26051.3,3271.78,-417.46,100239.41,educacao,sim,viuvo,fundamental,autonomo,nordeste,0
4623,65,5092.89,32625.66,27,23.6,432,1563.08,2,4,32005.44,642.86,4599.38,99482.67,veiculo,nao,viuvo,fundamental,temporario,sul,0
4624,22,4403.29,19666.47,66,27.49,501,1059.79,15,1,12437.37,7496.9,2444.11,206768.84,educacao,nao,divorciado,fundamental,temporario,norte,1
4625,40,7554.72,17808.79,60,14.97,632,1289.08,16,4,21696.09,8025.47,1334.45,66578.18,outros,nao,divorciado,superior,autonomo,norte,0
4626,39,3939.78,18495.01,54,20.04,754,1182.77,7,1,13702.64,2006.88,3467.59,120625.85,negocios,nao,viuvo,superior,estudante,sul,0
4627,18,5504.36,45778.53,39,11.03,685,308.01,1,1,30270.35,5646.24,1520.06,141841.08,veiculo,sim,divorciado,medio,clt,centro_oeste,0
4628,28,5545.04,20483.65,44,6.1,633,230.7,4,3,34894.08,4256.71,4823.05,204070.3,outros,nao,viuvo,superior,estudante,norte,1
4629,61,3702.8,30079.02,66,10.07,494,1612.38,10,3,26093.2,1586.45,-741.58,168188.84,negocios,nao,viuvo,superior,estudante,norte,1
4630,38,3345.92,26289.37,49,4.35,535,1362.83,6,1,27353.76,712.19,-1566.61,26044.93,negocios,nao,casado,superior,autonomo,norte,1
4631,26,4163.07,42368.09,44,16.23,732,748.15,13,4,30833.05,6140.18,2641.27,168381.33,consumo,sim,viuvo,fundamental,temporario,nordeste,0
4632,34,3914.01,19294.81,12,12.96,729,2251.18,14,0,3336.54,1177.36,203.38,136786.26,veiculo,nao,solteiro,fundamental,autonomo,centro_oeste,1
4633,33,2175.36,22253.57,71,20.28,767,659.3,7,4,16862.85,8073.69,-877.94,170387.86,outros,sim,casado,medio,clt,sudeste,0
4634,27,3627.31,40847.14,59,18.77,630,1805.16,11,2,25637.4,7212.09,-1563.43,21549.23,educacao,sim,divorciado,medio,clt,centro_oeste,0
4635,23,5279.2,9823.57,30,8.03,529,2009.0,1,2,21176.36,6656.47,4208.96,202537.7,veiculo,sim,viuvo,fundamental,autonomo,sul,0
4636,61,7078.7,29540.4,22,20.17,621,2129.33,2,4,18911.41,7663.47,5686.49,174592.8,veiculo,nao,viuvo,medio,temporario,centro_oeste,1
4637,64,5797.9,20695.82,69,8.5,778,2127.71,6,0,13503.54,1406.25,3002.84,186488.55,negocios,sim,solteiro,fundamental,estudante,sudeste,0
4638,46,1200.0,47353.52,69,4.14,492,2022.5,2,4,7715.75,5828.67,4226.48,193799.85,outros,sim,divorciado,fundamental,temporario,sul,0
4639,53,5954.35,35322.98,33,27.28,758,1242.1,0,1,32284.17,2254.34,4740.08,21093.19,outros,nao,solteiro,pos,temporario,centro_oeste,0
4640,70,3795.33,2980.31,21,4.65,818,1627.47,12,4,25694.47,4917.97,4482.32,175582.04,veiculo,sim,divorciado,superior,temporario,norte,1
4641,66,5615.54,40696.06,58,12.2,747,2169.89,0,3,21473.71,3547.68,748.72,154026.87,consumo,sim,viuvo,pos,temporario,norte,0
4642,19,4774.56,34494.67,47,19.3,683,1155.07,4,1,2987.98,1540.31,-1781.66,149713.2,consumo,nao,solteiro,fundamental,autonomo,nordeste,0
4643,72,4453.16,28023.72,65,12.89,583,1736.38,12,0,3908.51,6743.55,3099.41,84138.58,outros,nao,casado,medio,clt,centro_oeste,1
4644,21,4615.98,13243.85,41,13.15,761,550.12,3,0,15132.18,3065.9,5591.14,58026.8,outros,nao,solteiro,superior,temporario,sul,0
4645,19,4759.64,9293.91,42,21.35,484,1490.09,4,0,4400.46,1544.68,5122.69,133961.84,veiculo,nao,solteiro,pos,temporario,nordeste,0
4646,40,7219.93,31092.18,15,18.45,723,507.23,13,0,5212.11,7975.03,-1762.91,62876.18,outros,nao,casado,pos,autonomo,norte,1
4647,60,4764.61,22517.28,45,16.44,580,1711.88,0,3,2846.15,1644.39,5252.81,201776.11,outros,nao,solteiro,medio,clt,norte,0
4648,22,6753.97,41703.72,29,25.27,621,1054.25,5,4,10291.92,2246.04,-1715.3,133833.8,veiculo,nao,divorciado,pos,autonomo,sudeste,0
4649,34,6491.83,14438.0,19,6.59,605,708.6,9,3,388.91,701.57,2344.92,78951.92,negocios,nao,solteiro,fundamental,temporario,centro_oeste,0
4650,32,6000.68,31507.16,57,15.27,423,1016.92,1,3,25629.41,4907.87,4850.71,4673.16,outros,nao,solteiro,pos,clt,norte,0
4651,40,1584.09,13822.36,28,9.74,814,1807.29,11,4,20976.98,7515.15,1445.11,35249.66,veiculo,sim,viuvo,pos,estudante,centro_oeste,0
4652,74,6809.94,31452.43,20,4.88,686,2286.64,7,3,17767.93,7735.42,3534.05,63981.73,veiculo,sim,solteiro,medio,temporario,norte,0
4653,36,3975.78,4699.68,69,27.5,660,206.17,5,0,34541.02,6822.14,13.43,35653.29,outros,nao,divorciado,pos,temporario,centro_oeste,0
4654,29,6088.31,20322.69,69,21.62,460,569.41,10,2,16866.12,4506.45,5767.02,119988.19,negocios,nao,viuvo,medio,clt,sudeste,0
4655,24,3049.44,10357.2,38,9.19,731,1817.3,0,3,30437.93,8060.34,-1456.12,158668.14,negocios,nao,viuvo,pos,estudante,centro_oeste,0
4656,29,2666.87,30070.0,25,13.66,804,1499.46,10,2,6627.99,7020.62,3131.71,194481.63,veiculo,sim,viuvo,medio,temporario,nordeste,0
4657,25,8357.5,16911.13,16,9.42,745,920.5,8,1,9268.23,8058.54,-1528.77,141866.96,veiculo,nao,viuvo,medio,temporario,centro_oeste,0
4658,50,3077.43,37604.73,47,20.44,519,1692.09,1,2,11498.51,2535.47,-1473.86,127225.04,educacao,sim,casado,superior,estudante,nordeste,0
4659,41,6862.99,7714.04,46,12.41,492,2191.88,14,3,34661.94,5610.93,308.5,52738.3,negocios,nao,viuvo,fundamental,temporario,norte,0
4660,46,5013.16,27807.69,46,26.08,566,778.51,8,1,31766.37,683.43,-1681.49,192226.6,negocios,nao,solteiro,fundamental,temporario,norte,0
4661,65,4043.78,29512.34,56,8.98,429,1306.76,1,1,15700.89,4932.64,-182.79,69508.68,negocios,sim,casado,pos,clt,centro_oeste,0
4662,51,4719.31,3505.74,37,12.4,640,228.18,6,2,29555.95,7953.52,-599.19,154679.28,casa,nao,solteiro,pos,temporario,norte,0
4663,26,2458.03,4137.35,51,26.36,603,2374.71,13,2,8162.07,6776.98,5312.92,164460.67,educacao,sim,divorciado,fundamental,estudante,nordeste,0
4664,39,4775.24,16524.93,49,25.23,621,2039.81,8,1,20741.33,7097.45,-1476.72,9846.64,outros,sim,casado,superior,estudante,norte,0
4665,35,2851.07,30212.93,58,11.04,815,1351.81,6,1,5665.05,3195.27,2972.1,143169.71,outros,sim,viuvo,fundamental,clt,nordeste,1
4666,65,4088.2,46299.66,55,15.59,682,2481.44,0,0,20132.25,3884.31,3430.22,204862.62,casa,nao,solteiro,pos,estudante,sul,0
4667,35,6465.54,6630.65,8,25.21,586,690.91,1,3,7779.02,8883.19,4604.0,152603.66,negocios,nao,casado,fundamental,autonomo,centro_oeste,0
4668,25,5257.54,34493.91,46,20.1,733,1906.01,5,1,20501.43,2771.84,1065.51,104879.41,casa,nao,solteiro,superior,clt,nordeste,0
4669,59,2132.09,34018.58,70,19.29,567,1965.26,4,4,15003.59,1233.04,-383.35,88557.97,outros,nao,solteiro,fundamental,temporario,sudeste,1
4670,42,6332.68,32961.08,42,19.85,723,2107.59,11,4,19556.92,3806.63,-849.97,32975.86,consumo,sim,viuvo,pos,autonomo,norte,1
4671,23,4787.22,25984.7,40,26.1,793,1769.42,8,3,5641.78,7021.52,-688.27,49472.25,outros,sim,solteiro,medio,autonomo,sul,1
4672,57,3824.07,46490.58,46,16.41,783,622.17,2,4,17727.07,4950.7,2287.32,195586.53,negocios,sim,casado,pos,autonomo,norte,1
4673,29,6144.02,25330.77,42,8.36,627,391.9,11,4,11072.91,871.54,2855.03,85856.5,consumo,sim,solteiro,pos,estudante,nordeste,0
4674,67,4499.03,40642.52,32,15.35,607,598.43,17,3,5037.95,6150.16,4349.71,35721.9,educacao,sim,viuvo,medio,clt,nordeste,0
4675,65,2701.81,14444.69,71,21.49,579,2171.3,15,1,17513.79,6752.65,4474.79,87657.1,casa,sim,casado,fundamental,autonomo,sudeste,0
4676,39,8126.06,39187.04,10,15.81,633,1112.63,17,4,4845.02,5623.59,4773.68,96379.98,consumo,sim,viuvo,superior,autonomo,sul,0
4677,49,4768.88,47842.83,59,11.52,794,1447.11,8,1,14955.67,1956.38,-554.48,74660.41,consumo,nao,solteiro,fundamental,temporario,sudeste,1
4678,50,4653.51,43908.91,16,19.99,769,238.87,6,0,11310.02,2123.97,4013.43,3723.5,veiculo,sim,casado,pos,temporario,sudeste,0
4679,55,4070.81,16335.26,19,14.81,662,1320.11,1,2,19005.53,3962.36,-1232.74,80800.86,consumo,sim,divorciado,medio,estudante,sudeste,0
4680,21,6923.94,41000.17,46,27.11,532,1129.5,12,0,16933.07,3544.76,5068.34,197294.23,veiculo,sim,casado,pos,estudante,norte,0
4681,36,3855.22,6834.2,48,12.45,570,1420.18,7,0,4710.21,1365.99,2297.8,60458.63,outros,nao,viuvo,fundamental,estudante,centro_oeste,0
4682,27,2019.04,33335.69,67,21.22,518,1050.63,11,0,9765.49,7804.4,3203.93,79713.06,educacao,nao,divorciado,pos,estudante,sul,0
4683,57,3578.38,18067.65,25,17.32,494,355.03,5,4,19485.93,8359.26,3034.34,157438.73,veiculo,nao,viuvo,fundamental,temporario,sul,1
4684,21,7188.19,32469.49,7,5.86,423,281.99,3,0,29187.19,1722.46,2552.23,34278.3,educacao,sim,viuvo,pos,clt,sul,0
4685,47,6297.84,21257.33,22,15.27,729,2383.53,12,1,2072.63,5279.92,2282.13,185069.08,veiculo,nao,viuvo,medio,estudante,centro_oeste,0
4686,59,4340.97,2911.01,41,4.7,715,1580.86,6,3,3180.3,4153.13,5392.43,119971.71,veiculo,sim,viuvo,superior,autonomo,centro_oeste,0
4687,72,7271.86,13023.08,29,22.96,491,1672.68,9,4,27892.41,3976.56,917.31,117380.67,outros,nao,casado,fundamental,autonomo,centro_oeste,0
4688,34,6146.3,4428.57,22,21.63,695,2303.77,17,0,11894.03,5432.8,4274.6,28091.96,consumo,nao,solteiro,superior,estudante,sudeste,0
4689,18,4320.14,21940.78,66,5.21,486,1458.0,5,4,8990.05,4366.78,1023.24,14860.65,educacao,sim,casado,superior,temporario,sul,0
4690,59,4501.36,40723.24,43,15.99,530,1608.08,2,4,8037.02,4337.78,-1442.06,186591.25,casa,sim,viuvo,fundamental,temporario,norte,0
4691,18,5392.77,36078.85,50,27.08,523,1393.45,12,4,33974.77,1720.87,1148.45,48664.44,educacao,sim,solteiro,superior,autonomo,sudeste,0
4692,21,3302.6,38395.5,55,10.83,471,588.26,10,3,17876.09,6540.42,-623.09,95888.05,educacao,sim,divorciado,medio,estudante,nordeste,1
4693,74,4808.11,39227.58,33,25.7,711,902.71,7,2,5631.3,5429.4,1636.56,111666.52,consumo,sim,viuvo,medio,autonomo,nordeste,0
4694,67,5355.32,19423.26,54,7.63,437,2231.67,10,0,14210.26,976.03,-1160.35,5241.63,casa,nao,casado,fundamental,autonomo,centro_oeste,0
4695,58,1763.46,25524.17,69,4.16,582,1209.77,16,0,9122.59,3691.19,4326.49,154831.61,veiculo,nao,divorciado,fundamental,estudante,centro_oeste,0
4696,65,4459.22,25634.53,53,16.73,615,653.63,3,4,5904.27,2351.13,2808.66,119379.54,negocios,nao,solteiro,fundamental,autonomo,norte,0
4697,22,4254.5,7650.99,25,9.74,650,2101.05,14,4,34250.42,3814.69,-1504.69,199975.72,outros,nao,viuvo,superior,estudante,sudeste,1
4698,23,6650.52,29715.47,57,25.1,497,382.55,9,4,15578.47,1510.3,3235.06,28793.03,outros,sim,divorciado,fundamental,autonomo,sudeste,0
4699,35,1479.91,35268.18,21,20.17,608,1663.71,14,3,24193.62,5689.64,5646.18,37011.63,outros,sim,casado,fundamental,temporario,sudeste,1
4700,19,4113.29,30299.04,10,20.49,737,1804.29,16,2,31449.71,5442.95,-1306.31,56877.39,consumo,sim,divorciado,medio,estudante,sudeste,0
4701,68,3932.84,36441.45,35,20.16,569,884.74,2,0,7196.8,5538.59,982.36,67084.12,veiculo,sim,viuvo,pos,estudante,nordeste,0
4702,21,6528.13,7909.55,39,20.29,800,567.17,2,0,4480.63,3611.9,5179.17,207397.68,consumo,nao,casado,fundamental,autonomo,nordeste,0
4703,49,4721.62,37144.11,37,21.93,591,1220.04,0,1,9109.01,6637.36,-1539.18,124903.98,veiculo,nao,divorciado,superior,autonomo,sudeste,0
4704,66,8032.97,11970.37,23,20.08,730,1931.67,3,2,24939.77,7662.49,5365.04,59488.53,casa,nao,viuvo,pos,autonomo,norte,0
4705,59,5991.98,42395.62,24,24.02,465,2237.12,6,1,13369.5,4038.94,5912.23,47279.14,casa,sim,viuvo,pos,autonomo,sul,0
4706,31,4061.6,13644.37,66,17.39,760,2071.58,4,2,17118.1,4180.94,1241.81,114860.43,casa,sim,solteiro,pos,estudante,norte,0
4707,44,5231.39,24885.65,25,12.42,611,434.11,14,3,708.96,8136.79,1826.96,44252.81,negocios,nao,casado,pos,estudante,sul,0
4708,49,4162.68,24670.62,57,15.2,816,696.84,13,3,148.8,5643.92,5907.73,17677.0,negocios,nao,solteiro,superior,autonomo,sudeste,0
4709,61,6346.91,14732.69,23,14.57,700,1611.41,6,4,14247.7,4832.29,-1332.78,137268.05,negocios,sim,viuvo,pos,clt,sul,0
4710,42,2402.04,18957.79,13,11.98,716,1826.99,10,1,5262.69,6765.73,681.48,147034.07,casa,nao,divorciado,superior,autonomo,sudeste,0
4711,34,3317.35,10944.65,10,13.97,479,200.27,5,4,27688.51,3136.22,-1304.96,16316.72,educacao,sim,solteiro,superior,clt,sul,0
4712,63,5620.24,28439.58,22,13.24,646,510.77,9,4,33294.98,778.44,4021.39,111211.71,outros,sim,solteiro,pos,estudante,nordeste,0
4713,68,7006.36,44042.78,61,6.67,715,398.12,5,1,32399.48,6466.33,3279.41,125790.9,veiculo,sim,solteiro,fundamental,estudante,sudeste,0
4714,45,1200.0,16905.64,36,23.93,744,971.37,14,1,16294.17,5991.56,4934.91,139765.01,consumo,sim,divorciado,medio,autonomo,nordeste,0
4715,19,7274.05,25616.85,51,22.16,570,1759.46,4,4,10039.95,4142.6,-316.01,1800.92,educacao,sim,casado,superior,autonomo,norte,0
4716,46,4547.76,41715.57,69,12.1,645,2368.21,17,4,16933.31,889.7,2451.82,174685.87,casa,sim,casado,superior,temporario,centro_oeste,0
4717,68,1409.03,23088.71,9,26.68,489,387.69,16,2,3641.11,8490.59,3761.53,116275.61,educacao,nao,solteiro,pos,temporario,nordeste,0
4718,74,1200.0,40322.34,13,26.78,593,1354.13,3,0,33037.58,6711.54,398.45,90759.1,outros,sim,casado,pos,clt,nordeste,0
4719,40,2047.11,22810.78,66,24.56,610,1044.12,10,3,23495.57,3777.14,5139.39,96664.29,casa,sim,casado,medio,autonomo,norte,0
4720,26,4764.53,22531.03,43,4.7,433,1104.11,14,4,10029.19,2208.95,-256.51,99669.8,outros,sim,casado,superior,estudante,centro_oeste,0
4721,50,4681.38,9654.42,46,12.91,786,337.87,15,2,26573.83,5220.42,-878.0,187230.78,casa,sim,casado,fundamental,autonomo,nordeste,0
4722,65,5939.76,8186.54,28,14.98,677,848.9,6,0,8575.13,680.72,391.67,151302.37,casa,sim,solteiro,pos,temporario,sudeste,0
4723,71,3810.92,30323.1,60,21.25,493,765.7,9,3,26300.97,4386.24,4421.78,62923.49,casa,nao,viuvo,medio,autonomo,norte,0
4724,20,2805.53,40143.68,48,19.24,779,1846.45,2,3,14063.77,8901.34,3770.55,2758.08,negocios,sim,casado,fundamental,estudante,nordeste,1
4725,34,4056.44,8661.0,23,20.28,696,1669.11,4,4,30237.42,6783.19,5151.07,82864.66,negocios,nao,solteiro,medio,temporario,centro_oeste,0
4726,45,4860.5,43909.27,48,22.41,697,1656.24,4,4,34642.65,8871.91,3010.96,41720.47,outros,nao,casado,pos,estudante,centro_oeste,1
4727,23,5215.39,18829.03,6,26.76,793,1384.68,5,2,11207.19,3866.12,5361.71,133515.29,educacao,sim,casado,pos,estudante,sudeste,0
4728,68,3379.5,21849.2,21,17.24,581,973.64,7,1,19291.09,1240.57,2436.99,140982.87,consumo,sim,viuvo,fundamental,estudante,sudeste,0
4729,24,6422.6,43197.63,19,25.7,562,745.6,12,0,8327.61,8703.44,5363.11,70978.3,veiculo,sim,casado,pos,clt,sudeste,0
4730,55,3681.49,43281.49,57,23.56,666,206.18,16,0,28012.73,7854.61,4987.42,189864.17,outros,nao,viuvo,superior,clt,norte,0
4731,70,3234.51,26381.08,54,12.11,775,523.19,10,4,17218.21,5281.57,1892.85,216078.44,veiculo,nao,casado,fundamental,autonomo,sul,1
4732,57,3823.7,15092.8,12,23.53,745,690.13,8,4,34432.84,2453.66,-1749.52,103383.59,educacao,sim,casado,fundamental,autonomo,centro_oeste,0
4733,61,6734.71,10323.25,65,6.82,734,2443.31,12,3,31041.29,6779.35,5888.96,103942.6,casa,sim,solteiro,medio,autonomo,centro_oeste,0
4734,33,4560.97,14856.89,59,7.81,725,2431.45,11,4,9544.23,663.47,2077.33,17246.01,outros,nao,solteiro,medio,clt,norte,1
4735,65,3549.88,38018.55,34,27.82,433,1960.99,8,1,4182.46,8272.66,3979.4,193245.56,consumo,nao,casado,pos,clt,norte,0
4736,41,6466.99,17268.88,19,14.29,616,1595.96,0,3,21694.89,6426.05,1727.79,31523.59,negocios,sim,casado,superior,temporario,sul,0
4737,21,8656.95,34102.55,33,15.05,562,1731.64,9,1,11131.76,1994.23,1024.22,138265.34,consumo,nao,casado,pos,clt,sudeste,0
4738,38,5177.43,11381.64,44,26.82,564,1573.27,1,1,8879.57,1898.57,994.19,141962.01,educacao,sim,casado,superior,estudante,nordeste,0
4739,37,7020.92,24271.92,47,12.68,762,1680.65,10,3,19079.18,992.81,971.49,75992.55,outros,sim,solteiro,medio,autonomo,sudeste,0
4740,47,6664.94,18520.83,28,9.69,578,688.63,16,0,18837.08,7049.16,2719.59,21837.98,educacao,nao,casado,medio,autonomo,sul,0
4741,33,3709.85,25414.36,12,5.87,754,2445.95,14,2,18816.05,1586.75,4500.65,143972.06,veiculo,nao,solteiro,pos,autonomo,norte,1
4742,44,4847.94,28432.51,46,16.54,783,1935.4,15,2,10298.35,4920.6,2638.56,75228.39,negocios,sim,divorciado,pos,autonomo,sul,0
4743,42,2491.42,47587.54,52,8.79,602,723.45,8,2,5437.88,3544.59,2302.75,33639.82,outros,nao,solteiro,medio,temporario,norte,0
4744,36,4431.1,43445.22,23,5.56,487,1371.66,8,3,6428.19,5167.15,591.76,201067.91,veiculo,sim,casado,superior,autonomo,centro_oeste,1
4745,57,3672.86,34161.92,48,23.51,699,2010.98,9,1,25205.03,6405.88,1810.0,107048.2,outros,sim,casado,medio,temporario,norte,0
4746,35,4074.81,9495.33,43,11.89,765,2293.89,3,0,16381.64,2284.67,-397.59,154095.66,educacao,sim,casado,fundamental,temporario,sul,0
4747,61,3450.19,44315.8,39,17.91,582,1070.52,17,3,16427.89,2204.22,4008.49,66130.66,consumo,nao,solteiro,medio,estudante,centro_oeste,0
4748,32,4283.23,43112.67,6,6.51,498,1302.25,0,0,34186.16,3369.6,4308.78,32591.89,veiculo,nao,solteiro,fundamental,estudante,sudeste,0
4749,67,5758.02,42845.01,26,16.13,628,898.93,17,4,32128.15,8449.11,60.28,7584.41,outros,nao,viuvo,superior,clt,norte,0
4750,38,4584.91,24295.27,30,19.16,812,1053.66,17,4,2273.4,4274.26,2622.66,75808.96,educacao,sim,viuvo,pos,temporario,sul,0
4751,20,1444.13,10267.16,61,14.8,626,708.29,16,1,27918.38,2684.14,421.42,11040.65,consumo,sim,solteiro,superior,clt,norte,0
4752,26,3456.98,36825.35,60,12.1,599,249.4,0,3,8677.19,4916.18,5823.72,217822.44,veiculo,nao,divorciado,pos,estudante,sul,0
4753,63,2065.08,20177.43,63,11.46,595,1145.89,17,2,25280.47,2033.16,530.93,51328.62,educacao,sim,casado,medio,autonomo,sudeste,0
4754,67,5239.31,18177.86,36,6.63,713,1271.74,4,3,6067.07,7004.13,4939.59,27696.64,consumo,nao,viuvo,superior,autonomo,nordeste,0
4755,30,5705.97,20280.58,27,6.78,556,1989.36,4,1,5088.02,3213.81,3662.5,180669.78,veiculo,sim,casado,fundamental,estudante,centro_oeste,0
4756,52,5261.79,27937.71,38,15.9,711,1392.48,12,4,32872.08,8852.42,5731.7,175815.38,consumo,nao,solteiro,superior,autonomo,centro_oeste,1
4757,50,3382.67,17675.11,58,7.33,814,937.24,7,4,19540.67,5854.09,3811.84,219274.65,veiculo,nao,viuvo,medio,autonomo,sudeste,0
4758,25,5244.34,33891.39,47,9.36,729,1254.72,16,2,12237.45,5698.3,2951.53,53670.24,casa,nao,viuvo,superior,clt,sudeste,1
4759,43,3953.79,31971.43,45,7.96,791,2027.03,8,4,31189.16,2969.44,1791.49,10594.52,veiculo,nao,solteiro,fundamental,temporario,sul,0
4760,57,2751.19,25653.25,34,23.26,735,1295.81,2,1,10144.08,2016.45,1874.85,159112.48,negocios,sim,viuvo,superior,clt,sudeste,0
4761,73,6135.47,4955.78,51,14.79,757,1468.02,4,3,2236.26,1160.99,-1790.31,177754.44,outros,nao,casado,superior,estudante,norte,0
4762,66,6272.45,45112.69,63,17.26,435,581.36,13,4,13818.07,7773.21,5975.97,77000.47,educacao,sim,viuvo,pos,estudante,nordeste,0
4763,23,6508.01,21232.18,50,17.99,561,197.71,10,3,24754.89,8826.79,2627.48,205896.14,casa,nao,divorciado,fundamental,clt,norte,0
4764,31,3704.97,22950.12,32,13.51,529,2336.85,5,4,23171.45,2329.69,2778.34,169797.09,outros,nao,solteiro,medio,temporario,sul,1
4765,42,6922.85,23249.48,61,11.16,765,801.68,3,1,16579.83,8944.13,-392.53,90170.81,outros,nao,viuvo,superior,clt,centro_oeste,1
4766,26,3911.55,19108.77,68,13.18,511,986.37,12,0,17855.84,5735.27,1569.57,158351.34,outros,sim,casado,superior,clt,nordeste,0
4767,50,5976.3,33193.75,58,16.84,807,446.44,4,2,18531.39,7187.01,-91.14,210.63,educacao,nao,solteiro,fundamental,temporario,sul,1
4768,18,3880.36,3133.26,63,12.61,699,1370.16,1,1,13108.17,8900.99,-93.17,74698.13,outros,nao,viuvo,superior,temporario,centro_oeste,0
4769,24,4396.83,42244.63,23,7.28,469,1890.07,10,3,2903.75,8789.78,2470.81,37397.65,educacao,sim,casado,fundamental,estudante,sudeste,0
4770,20,1200.0,7160.98,33,25.93,693,1771.68,15,1,5523.44,5328.3,78.99,67159.43,veiculo,sim,divorciado,medio,temporario,norte,0
4771,34,4256.56,47986.97,22,21.58,557,2165.0,5,4,25349.55,4980.11,3399.47,45983.23,casa,sim,casado,fundamental,clt,centro_oeste,1
4772,61,4963.96,31077.76,30,5.59,538,844.84,12,0,28351.91,6243.91,1137.76,157305.5,outros,sim,viuvo,medio,estudante,sul,0
4773,28,4061.91,5514.21,54,25.74,817,910.02,8,4,13843.0,2368.1,1138.23,182388.89,casa,nao,casado,medio,autonomo,sul,0
4774,74,7961.14,28090.89,50,8.09,737,2420.13,17,1,11524.53,3804.85,3677.2,39651.34,negocios,sim,casado,medio,clt,norte,0
4775,33,2707.56,17574.5,6,6.35,725,1239.31,10,1,21269.06,7534.47,3431.64,91804.23,consumo,nao,viuvo,pos,autonomo,sul,0
4776,20,3785.55,45863.47,55,8.16,544,2116.07,9,0,762.02,1433.26,1348.67,131700.7,casa,nao,casado,pos,clt,norte,0
4777,37,3171.23,36873.93,18,26.39,685,1598.68,4,3,19933.43,4401.94,5454.67,31779.09,educacao,nao,solteiro,pos,autonomo,sudeste,0
4778,60,3785.2,25569.17,18,9.31,557,599.61,15,3,16416.29,3183.38,760.35,79365.36,outros,sim,casado,fundamental,autonomo,sudeste,0
4779,24,6656.54,22054.87,41,22.89,661,2401.26,0,4,15467.51,5451.25,3803.29,43004.37,educacao,nao,casado,superior,estudante,sudeste,0
4780,22,7460.46,47812.03,21,19.43,579,932.71,9,0,50.51,2109.87,4390.77,123659.73,veiculo,nao,viuvo,medio,clt,sul,0
4781,66,3538.57,32865.98,69,16.44,663,1668.96,4,2,33000.34,8388.5,-97.53,198451.11,outros,nao,solteiro,pos,temporario,norte,1
4782,51,3498.59,25883.8,15,12.77,717,770.48,9,4,6068.55,7229.36,1898.77,101825.75,consumo,nao,solteiro,pos,clt,sul,1
4783,37,2717.17,20606.46,16,6.23,546,1515.55,17,0,3954.82,1190.76,-1636.48,147631.81,veiculo,nao,divorciado,pos,clt,centro_oeste,0
4784,61,7151.31,17268.52,56,21.06,424,1435.39,1,2,13504.2,3269.81,774.74,158471.46,veiculo,sim,casado,medio,estudante,sul,0
4785,66,6817.81,34596.58,24,13.47,458,785.61,0,1,27256.98,867.14,305.82,217943.93,educacao,sim,solteiro,fundamental,autonomo,sul,1
4786,38,4609.23,29248.79,53,16.84,782,2473.95,14,1,26775.0,1547.14,4217.56,138139.26,veiculo,sim,viuvo,superior,estudante,nordeste,0
4787,49,2287.02,41092.41,50,5.24,803,506.39,12,3,17913.33,4100.96,-78.34,40709.28,negocios,nao,solteiro,superior,clt,sudeste,0
4788,18,2448.01,27687.01,18,22.62,696,1207.79,7,4,19221.75,3300.39,-1601.6,2288.13,negocios,sim,viuvo,superior,temporario,sul,0
4789,35,5107.13,28996.08,44,20.61,462,252.8,4,0,15932.33,4925.25,-1615.51,30568.05,negocios,sim,divorciado,medio,clt,sul,0
4790,51,5788.81,24219.72,41,16.7,654,1763.92,10,3,885.32,2972.61,4156.97,27428.6,consumo,sim,viuvo,superior,estudante,sudeste,0
4791,29,1200.0,37199.25,12,15.91,592,1252.08,4,1,9725.08,3323.53,-681.71,115061.23,veiculo,nao,viuvo,fundamental,estudante,centro_oeste,0
4792,74,4221.64,21382.14,56,12.09,514,1479.41,11,3,13613.14,8644.51,3223.51,96637.61,negocios,nao,solteiro,medio,temporario,centro_oeste,0
4793,73,7712.93,41263.25,62,12.22,571,1800.54,7,4,19405.82,7936.7,-227.82,135210.64,outros,nao,divorciado,superior,temporario,sudeste,0
4794,32,4408.48,17380.54,68,5.64,734,1952.5,13,4,23065.83,613.7,-71.34,17095.36,casa,sim,divorciado,superior,temporario,norte,0
4795,40,7481.35,34014.44,11,20.48,818,2420.72,11,0,34567.3,5619.35,4490.2,180475.2,consumo,nao,casado,medio,temporario,nordeste,0
4796,28,5968.28,43130.18,17,5.08,769,2184.47,10,4,17757.94,1708.37,3519.9,23964.11,outros,sim,casado,fundamental,estudante,norte,0
4797,46,2848.3,37492.86,60,4.03,501,931.23,1,4,23516.7,7210.2,3305.25,150367.57,educacao,nao,divorciado,medio,estudante,centro_oeste,0
4798,25,4273.19,18088.67,26,4.74,620,1867.25,11,3,33622.53,7605.59,5443.67,152435.97,casa,sim,viuvo,superior,estudante,sudeste,0
4799,40,4568.35,34638.42,47,8.88,631,356.24,12,1,9754.09,6113.21,4987.62,124944.45,negocios,sim,viuvo,fundamental,clt,norte,0
4800,49,3085.48,11917.81,28,17.68,536,496.0,9,3,15880.65,6221.91,4805.24,38466.44,veiculo,nao,divorciado,superior,autonomo,sul,0
4801,52,3054.24,5146.51,20,20.35,594,1246.3,10,0,25234.24,7737.26,-738.2,134844.39,educacao,sim,casado,pos,clt,sudeste,0
4802,51,7512.18,38507.87,47,14.1,572,1246.33,11,1,19780.86,1365.61,-505.38,203460.07,veiculo,nao,viuvo,pos,estudante,centro_oeste,0
4803,30,3040.75,39264.41,19,13.81,447,1353.34,4,4,31260.9,6515.18,5860.29,177139.54,outros,nao,solteiro,fundamental,autonomo,nordeste,1
4804,63,6741.18,3543.36,15,17.84,586,1282.46,7,3,19812.79,1519.43,2696.91,28584.98,veiculo,sim,solteiro,superior,clt,norte,1
4805,57,4014.33,45624.67,41,18.32,565,1668.0,2,1,32282.61,859.61,2485.3,72836.91,outros,nao,solteiro,medio,estudante,sudeste,0
4806,60,4753.85,22788.44,18,24.28,542,2394.08,13,2,5199.56,5928.11,2144.41,173769.65,negocios,sim,viuvo,superior,clt,sul,0
4807,44,5811.32,43689.88,18,23.66,665,580.64,2,0,28123.46,2812.72,3939.21,43296.28,consumo,nao,solteiro,superior,estudante,nordeste,1
4808,68,3722.59,38361.94,57,23.76,704,1009.31,14,4,7464.43,889.98,2838.3,157281.06,veiculo,nao,casado,pos,autonomo,norte,0
4809,40,5822.23,43479.74,40,24.26,438,352.3,11,2,1719.21,1036.59,-630.85,202036.21,casa,nao,solteiro,medio,temporario,centro_oeste,0
4810,63,1200.0,40418.59,41,25.12,556,643.96,9,2,3907.78,8827.39,-1000.84,62548.6,veiculo,nao,casado,fundamental,autonomo,norte,0
4811,29,5591.47,46816.79,15,17.33,432,2470.55,9,1,20324.67,2396.31,562.06,20721.57,casa,sim,casado,pos,autonomo,sudeste,0
4812,32,1200.0,31124.1,16,18.28,748,271.77,2,1,10179.37,3966.59,4986.38,101246.94,casa,nao,viuvo,medio,clt,norte,0
4813,48,4391.68,12840.28,31,21.45,790,675.73,11,1,5038.55,2765.49,1337.37,68940.49,casa,nao,solteiro,medio,autonomo,sul,0
4814,49,6337.64,20225.12,31,8.78,605,1169.49,6,2,22018.16,8450.3,5003.76,111977.67,veiculo,sim,solteiro,superior,estudante,sudeste,0
4815,60,5920.13,36710.51,35,12.65,798,858.99,14,2,17078.52,1127.48,2667.63,66605.54,casa,nao,divorciado,fundamental,autonomo,nordeste,0
4816,34,2462.86,9642.1,14,25.9,671,1444.92,15,2,13318.76,5117.26,5450.24,110839.95,consumo,nao,solteiro,pos,temporario,sul,0
4817,67,2694.6,44807.83,65,16.55,767,2477.84,16,2,18749.86,4561.22,5098.62,34721.08,consumo,sim,casado,pos,estudante,centro_oeste,0
4818,36,3560.39,11840.19,29,5.24,799,1813.13,16,2,30149.54,6382.93,1132.54,38000.96,outros,sim,solteiro,fundamental,autonomo,sudeste,0
4819,48,5135.19,42356.85,59,13.73,654,1121.6,13,1,25364.17,8135.69,2498.98,84646.14,veiculo,sim,divorciado,superior,estudante,centro_oeste,0
4820,71,1200.0,24509.44,32,7.86,598,1764.41,4,2,17331.48,503.38,3735.8,19728.66,outros,nao,divorciado,superior,estudante,sul,1
4821,48,4776.2,40748.22,37,12.55,716,2203.64,4,1,28790.51,640.76,-1443.89,216476.45,outros,sim,divorciado,medio,temporario,nordeste,0
4822,56,5360.57,46102.45,13,17.08,488,711.29,16,4,30189.37,3706.9,-552.76,70977.72,outros,sim,divorciado,medio,temporario,norte,0
4823,69,4290.53,21707.71,50,16.12,538,1843.28,17,3,13169.97,3913.76,3894.36,43989.76,negocios,sim,casado,medio,estudante,sul,0
4824,73,5745.58,34195.51,9,15.77,639,1604.36,4,1,5242.52,8069.06,5333.42,154723.39,consumo,nao,viuvo,fundamental,estudante,nordeste,0
4825,46,5202.7,12815.65,55,4.44,500,1882.46,11,3,4026.55,2870.36,568.45,92629.77,casa,nao,viuvo,medio,autonomo,sul,0
4826,41,3825.02,38935.75,64,14.68,618,375.25,16,4,22359.93,7710.85,1273.32,210736.6,outros,sim,viuvo,medio,autonomo,sul,0
4827,29,1314.86,39806.62,29,4.7,762,1880.42,15,3,32770.32,1258.79,5020.51,11650.31,negocios,nao,viuvo,medio,estudante,sudeste,0
4828,48,5040.14,15933.68,64,13.72,733,2008.22,16,3,1349.12,1157.93,276.24,105405.27,casa,nao,divorciado,fundamental,autonomo,sudeste,1
4829,70,3084.46,3598.4,52,19.53,776,1774.38,6,1,17403.96,6833.52,5423.44,51602.41,veiculo,sim,viuvo,pos,temporario,sudeste,0
4830,45,3758.98,22119.84,6,7.02,764,637.6,9,0,6798.67,6982.47,-699.37,154698.18,veiculo,sim,divorciado,medio,autonomo,centro_oeste,0
4831,37,5662.42,10235.02,19,26.0,552,554.32,10,2,18602.96,1303.13,166.31,120024.88,negocios,sim,viuvo,superior,autonomo,sudeste,0
4832,24,7351.2,39744.07,48,19.13,705,1893.03,17,1,29983.16,8940.97,-1523.58,52380.61,outros,sim,casado,superior,estudante,centro_oeste,0
4833,40,4731.49,14379.93,52,9.22,568,1682.68,17,0,27542.83,1183.93,-1070.72,115517.76,outros,nao,divorciado,medio,temporario,sul,1
4834,31,5797.32,45438.02,12,13.46,808,2462.03,9,4,33995.14,8015.56,189.78,171290.16,negocios,sim,casado,medio,autonomo,centro_oeste,0
4835,73,2199.94,46717.31,51,6.33,490,1235.01,15,1,16958.53,2148.33,3310.13,214449.49,outros,sim,casado,fundamental,temporario,sul,0
4836,48,5241.94,43852.03,59,4.53,527,712.01,6,4,23218.94,686.85,-233.23,49884.47,casa,nao,viuvo,pos,clt,sul,0
4837,25,4692.17,29782.46,12,25.98,796,1965.76,10,3,31447.91,7765.74,5526.6,11948.5,negocios,sim,solteiro,pos,autonomo,centro_oeste,0
4838,21,7012.61,14667.97,64,20.2,515,1916.58,14,0,24416.61,2066.83,919.59,124477.05,veiculo,sim,casado,superior,temporario,norte,0
4839,66,3827.17,39230.26,41,22.71,667,1392.67,15,0,33746.9,5000.05,2245.56,67843.4,consumo,nao,viuvo,superior,estudante,centro_oeste,0
4840,71,4365.05,34422.59,46,18.93,536,1910.83,1,2,8594.22,7527.82,3386.67,163874.41,casa,sim,casado,medio,clt,sudeste,0
4841,61,6705.87,46961.16,9,25.76,533,900.57,1,3,4723.98,1815.11,-736.46,169003.24,veiculo,sim,divorciado,superior,autonomo,sudeste,0
4842,25,4634.34,19664.97,46,25.5,688,680.47,3,1,5219.39,6798.98,3564.1,41627.89,casa,sim,viuvo,pos,temporario,centro_oeste,0
4843,23,2804.09,5173.94,35,5.4,737,472.54,1,0,29834.38,5018.1,-859.58,98391.7,negocios,sim,viuvo,fundamental,autonomo,sudeste,1
4844,29,9392.94,47926.58,30,8.55,513,853.91,3,3,1849.34,2674.86,4645.0,5212.44,outros,sim,viuvo,medio,temporario,centro_oeste,0
4845,60,2858.53,40641.0,57,13.5,813,1698.59,17,1,28347.14,853.23,2007.0,159618.86,consumo,sim,solteiro,fundamental,temporario,sul,1
4846,61,4683.54,12577.78,22,12.19,455,779.56,11,0,16243.69,2734.94,-1102.72,120331.16,casa,sim,divorciado,superior,autonomo,sudeste,0
4847,65,5424.04,35516.07,9,16.61,460,2229.58,1,1,24193.11,4110.47,3719.56,215392.69,consumo,nao,viuvo,medio,clt,sul,1
4848,23,5281.71,2531.4,38,10.4,811,759.45,12,1,26094.31,3627.38,-1202.68,74385.37,casa,sim,divorciado,medio,estudante,nordeste,0
4849,26,4458.46,27880.31,55,23.14,442,1767.92,16,2,14853.92,6593.63,5801.39,144523.34,casa,sim,viuvo,fundamental,temporario,centro_oeste,0
4850,69,4467.43,19009.14,14,4.18,545,1403.95,15,1,5112.93,3983.52,1738.24,126000.65,veiculo,nao,casado,pos,autonomo,norte,0
4851,70,4377.12,19850.65,70,23.0,468,670.79,15,2,21594.3,3732.9,1186.74,122072.7,casa,nao,viuvo,pos,autonomo,centro_oeste,1
4852,59,2791.32,13625.65,50,13.44,508,1470.38,16,2,33478.36,7404.12,653.71,93342.56,negocios,sim,viuvo,medio,temporario,norte,0
4853,24,8670.39,15005.46,67,4.12,449,2394.98,13,0,894.14,4443.39,1709.35,82050.44,consumo,sim,viuvo,superior,estudante,nordeste,0
4854,21,4404.02,23187.42,37,24.33,563,2370.49,15,1,7943.68,8876.67,4293.08,50603.96,consumo,nao,viuvo,fundamental,temporario,centro_oeste,0
4855,21,5874.48,13790.6,14,14.72,538,856.5,14,2,30604.23,5382.93,2257.21,152074.14,negocios,nao,divorciado,pos,temporario,nordeste,1
4856,57,4197.62,23723.02,17,21.39,483,1424.65,12,3,2441.99,8466.28,3217.86,154816.81,educacao,nao,divorciado,medio,temporario,centro_oeste,0
4857,66,4161.43,28769.32,39,25.08,707,529.99,3,0,354.65,7998.67,-1352.35,146724.16,negocios,sim,divorciado,medio,clt,centro_oeste,0
4858,54,3980.2,34855.57,44,4.82,434,1268.16,16,4,30723.13,4019.3,4843.1,215138.01,veiculo,sim,casado,medio,clt,nordeste,0
4859,32,2010.28,33310.13,54,10.29,609,925.87,1,0,26884.06,5707.67,2321.55,71673.57,veiculo,nao,viuvo,superior,temporario,norte,1
4860,61,4510.88,13510.51,58,6.85,542,2336.4,4,3,8885.79,1696.81,2286.37,35447.48,veiculo,sim,solteiro,medio,autonomo,sul,0
4861,21,4067.39,4283.13,56,6.35,680,1647.82,13,1,33826.08,4979.67,168.34,13012.72,negocios,sim,viuvo,pos,estudante,norte,1
4862,65,6908.74,40387.02,44,26.7,555,609.03,13,4,24934.82,4103.81,-1197.22,29256.07,consumo,nao,divorciado,superior,estudante,norte,0
4863,68,2645.94,42190.23,7,23.33,609,2482.23,15,3,4168.55,4611.87,821.31,58301.64,educacao,nao,casado,medio,estudante,sudeste,0
4864,58,3761.14,47039.47,40,12.75,744,1790.49,1,3,16118.3,2066.33,4584.25,13176.81,educacao,nao,divorciado,superior,estudante,norte,1
4865,68,3182.81,46166.88,60,20.5,477,492.45,14,4,30277.24,7862.88,2466.89,207627.6,negocios,sim,solteiro,pos,temporario,norte,0
4866,51,7396.55,31338.54,61,26.07,594,2034.96,2,0,23370.85,1179.75,256.21,71536.38,consumo,nao,divorciado,fundamental,clt,norte,0
4867,44,3235.06,43189.36,61,9.3,644,1473.54,10,4,20503.14,7140.21,2826.13,204761.7,casa,sim,viuvo,fundamental,temporario,nordeste,1
4868,36,5812.14,22884.38,6,4.34,714,1108.61,4,0,14594.99,8525.05,940.12,82748.19,veiculo,nao,solteiro,fundamental,autonomo,sul,0
4869,70,6546.29,38323.77,34,23.78,634,635.46,10,2,8681.55,1403.86,-55.2,118809.92,negocios,nao,casado,pos,estudante,centro_oeste,0
4870,57,4536.98,45967.72,46,21.34,714,824.79,1,3,21475.95,4186.32,3971.13,130832.74,outros,sim,divorciado,fundamental,autonomo,sul,1
4871,28,2321.74,38730.67,22,7.85,738,568.04,0,4,5384.38,5472.08,-495.44,87715.09,outros,nao,divorciado,pos,estudante,sudeste,0
4872,72,2344.52,21417.32,33,15.75,735,2043.78,17,3,28346.98,8926.34,2762.03,78661.2,negocios,sim,viuvo,medio,estudante,sul,1
4873,21,6347.58,19688.05,12,7.85,666,813.3,9,3,7335.14,7855.76,3922.68,145874.85,educacao,sim,divorciado,medio,autonomo,sudeste,0
4874,51,2530.93,15765.2,18,18.46,787,1270.31,8,4,4219.74,4020.95,-1319.19,198225.49,consumo,sim,divorciado,superior,estudante,centro_oeste,0
4875,28,5505.65,19201.39,6,19.54,429,2425.56,7,0,2521.02,8727.3,3626.63,164526.04,veiculo,sim,viuvo,pos,autonomo,sul,0
4876,55,5005.83,39836.24,70,10.64,619,2487.37,16,0,28521.86,3315.76,-1710.67,96975.21,veiculo,sim,casado,medio,autonomo,norte,1
4877,41,5478.84,34418.26,62,22.74,740,2015.74,14,0,16372.97,3389.92,4532.12,172773.54,outros,nao,solteiro,fundamental,estudante,sul,0
4878,42,5648.85,13869.5,32,15.37,461,2033.47,8,1,13953.17,4803.2,369.25,139212.42,veiculo,sim,viuvo,pos,temporario,norte,0
4879,56,3119.39,34874.85,6,20.95,747,2372.04,2,2,18241.61,7126.39,-601.37,112480.63,negocios,sim,divorciado,superior,clt,nordeste,1
4880,61,3044.05,19762.49,28,19.36,435,2028.63,12,4,20555.91,2133.43,-783.21,194668.76,educacao,sim,divorciado,superior,clt,sudeste,0
4881,39,6086.87,27878.65,34,14.82,734,1226.21,3,1,30825.27,6810.97,1598.49,111028.4,negocios,nao,casado,medio,temporario,sudeste,1
4882,74,3667.18,19351.8,17,11.03,494,319.92,5,4,12032.91,522.95,447.5,96630.1,casa,nao,viuvo,superior,temporario,nordeste,0
4883,46,1200.0,26234.14,49,8.9,687,663.42,11,3,6548.55,2731.08,1856.53,146764.37,educacao,nao,solteiro,pos,temporario,sudeste,1
4884,27,5967.76,35706.08,71,21.9,751,1211.35,17,2,30416.9,8782.98,4795.34,95378.5,educacao,nao,solteiro,pos,clt,sudeste,0
4885,18,2934.73,35766.44,61,19.41,745,795.75,3,3,16820.24,6079.96,-981.22,63109.51,casa,nao,viuvo,medio,clt,norte,0
4886,29,5640.84,36769.81,62,10.74,649,943.7,0,2,20282.6,4431.76,232.14,113309.09,consumo,sim,solteiro,superior,clt,nordeste,0
4887,57,7307.08,20292.27,60,27.21,783,316.72,7,0,5535.53,6719.99,-916.15,206350.66,negocios,nao,solteiro,superior,estudante,sul,0
4888,48,4830.17,33917.54,10,23.45,476,1460.94,12,4,30174.87,4199.68,3169.28,110391.64,outros,sim,viuvo,superior,autonomo,nordeste,0
4889,37,6592.38,13361.38,42,7.04,514,995.67,11,0,32842.99,1406.85,3059.88,217763.97,negocios,sim,casado,fundamental,autonomo,norte,0
4890,45,5076.84,24222.99,43,7.9,473,780.51,17,2,15665.23,4729.34,4818.22,180427.0,educacao,sim,viuvo,pos,estudante,norte,0
4891,65,7657.37,29031.36,12,17.06,707,1596.07,3,0,705.22,8620.92,3890.31,106761.03,negocios,sim,solteiro,superior,estudante,centro_oeste,0
4892,50,2888.21,33734.94,15,6.46,776,822.12,14,3,946.96,2817.12,3655.76,74250.73,outros,sim,solteiro,superior,clt,nordeste,0
4893,21,4785.21,43995.82,43,27.14,792,1284.93,13,3,10580.53,949.44,-547.99,142029.0,consumo,nao,divorciado,medio,estudante,nordeste,0
4894,20,6011.69,16366.97,53,19.31,628,751.65,14,4,17213.9,6801.44,4589.6,210038.11,casa,sim,viuvo,pos,autonomo,norte,0
4895,45,4457.26,40960.51,19,5.59,472,1758.79,16,4,15148.31,4362.44,-1743.0,91083.31,outros,sim,casado,pos,estudante,sudeste,0
4896,41,6873.99,16656.15,37,14.64,488,2161.63,5,1,19910.64,3344.99,3776.48,46988.52,educacao,nao,divorciado,superior,temporario,nordeste,0
4897,66,4022.33,27611.88,10,9.33,670,369.57,5,1,9008.51,4644.08,4553.64,28804.1,educacao,sim,solteiro,superior,clt,nordeste,0
4898,51,8524.87,40178.54,13,15.77,778,2082.05,8,1,7340.99,8405.0,-32.56,113719.28,educacao,nao,casado,pos,autonomo,centro_oeste,1
4899,61,8619.96,35403.31,44,9.93,815,2155.94,6,0,34094.51,2627.12,631.97,97709.09,negocios,sim,divorciado,superior,autonomo,centro_oeste,0
4900,51,5307.73,41760.57,42,23.96,708,2418.63,2,4,9820.67,2204.42,88.38,113124.02,educacao,nao,solteiro,medio,clt,norte,0
4901,37,5794.68,39577.09,55,21.31,772,2100.58,5,0,33128.38,5038.25,4592.32,106946.69,educacao,nao,solteiro,medio,autonomo,sul,0
4902,55,6945.01,15073.8,66,25.76,611,1461.55,6,2,20003.04,4438.12,1482.81,126323.79,consumo,nao,divorciado,fundamental,temporario,norte,0
4903,53,2663.04,47678.62,18,8.75,498,342.99,13,1,2449.67,1773.28,1035.01,69062.2,consumo,nao,solteiro,superior,temporario,norte,0
4904,59,2438.4,45133.43,28,13.25,606,352.72,0,0,20825.4,5435.59,2117.64,104623.6,veiculo,sim,solteiro,pos,clt,centro_oeste,0
4905,28,7061.55,22072.95,62,23.33,459,636.35,13,4,34494.11,5383.17,3898.18,94027.69,outros,nao,solteiro,fundamental,temporario,sudeste,1
4906,54,5293.18,4648.03,9,12.97,689,1217.27,14,2,29388.62,5646.16,3351.8,115901.58,casa,sim,divorciado,fundamental,autonomo,centro_oeste,1
4907,34,4392.29,16309.1,60,13.1,551,2396.62,2,4,10624.08,4015.22,3720.46,98936.7,consumo,nao,divorciado,medio,temporario,centro_oeste,1
4908,63,4820.02,40544.94,68,27.66,555,586.82,17,3,3342.71,2965.41,5590.13,143023.96,negocios,sim,viuvo,pos,estudante,sudeste,0
4909,63,1200.0,45764.6,12,22.5,421,1430.01,13,2,16115.38,3290.79,190.04,156301.75,negocios,sim,solteiro,superior,autonomo,sudeste,1
4910,53,4456.99,40341.07,15,24.66,819,2495.52,12,1,3454.37,7592.04,-186.21,88089.94,casa,nao,divorciado,pos,temporario,norte,1
4911,71,3444.52,20551.82,51,13.77,590,211.96,13,2,10418.49,5813.32,3268.96,160995.9,consumo,sim,viuvo,medio,estudante,sul,0
4912,48,6452.53,5072.41,37,18.06,733,289.0,14,3,32133.95,3883.2,-660.77,200719.54,veiculo,nao,viuvo,medio,temporario,nordeste,0
4913,19,6591.06,26050.02,71,14.81,627,806.2,7,0,22874.37,5712.77,3219.02,169068.97,consumo,sim,divorciado,medio,autonomo,centro_oeste,0
4914,52,5838.02,19625.4,41,14.81,676,702.34,9,1,27420.31,3471.72,5656.95,170504.08,outros,nao,divorciado,pos,clt,sudeste,0
4915,62,5511.83,8095.24,49,7.06,607,1336.76,10,1,18920.47,7832.51,1775.94,161258.31,negocios,sim,solteiro,pos,autonomo,sul,0
4916,23,2104.78,7316.33,21,24.21,694,1155.45,3,0,5884.45,6684.87,-125.28,86583.09,veiculo,nao,divorciado,pos,temporario,sul,0
4917,23,5863.16,9463.18,27,13.37,499,1534.05,1,0,5263.86,1358.06,5960.02,210073.04,outros,sim,solteiro,medio,autonomo,sudeste,0
4918,33,5932.92,11864.98,17,17.96,818,521.22,12,1,26801.69,977.45,1186.83,42243.17,negocios,sim,casado,medio,clt,nordeste,0
4919,66,7041.35,36797.28,15,24.57,591,1771.16,4,1,15025.82,784.05,-911.81,64497.24,outros,nao,casado,pos,clt,norte,0
4920,48,8612.78,19867.51,13,22.56,424,678.09,5,2,17499.97,734.03,1445.72,45660.46,negocios,nao,divorciado,pos,estudante,sul,0
4921,73,1753.39,22380.68,64,8.76,801,1228.62,1,4,6261.96,4723.73,-1116.25,106558.05,consumo,sim,viuvo,superior,clt,norte,0
4922,67,4100.74,29726.35,10,18.84,429,257.37,8,4,12658.54,2037.16,-1151.06,164501.79,negocios,sim,viuvo,superior,temporario,nordeste,0
4923,49,3463.92,46186.07,40,15.9,608,2031.04,10,1,4628.0,6233.53,-1429.38,56845.65,outros,sim,viuvo,fundamental,estudante,sul,1
4924,56,5110.51,36919.34,39,10.24,734,1634.89,16,2,7158.35,4603.48,1742.86,211342.85,casa,nao,solteiro,medio,temporario,nordeste,0
4925,36,4824.12,31879.92,9,4.98,568,664.35,8,0,31111.03,1294.55,1780.25,145383.31,consumo,sim,solteiro,pos,clt,norte,0
4926,23,4378.65,36344.36,61,19.11,503,1576.06,6,4,25084.08,549.57,3920.71,205933.69,outros,sim,solteiro,medio,clt,norte,0
4927,40,6649.69,35227.81,39,22.72,516,1193.86,14,1,29817.72,812.16,2444.41,133304.29,negocios,sim,viuvo,pos,clt,norte,1
4928,51,2817.45,33906.34,14,26.6,694,2096.94,5,0,30596.07,5033.36,4909.26,129189.89,educacao,nao,divorciado,pos,autonomo,sudeste,1
4929,28,2925.98,25086.52,14,12.52,649,2462.23,0,3,20635.87,5486.14,5008.59,212242.08,outros,sim,divorciado,pos,estudante,norte,1
4930,30,2956.39,28291.54,52,13.58,621,468.89,0,1,10647.27,3500.62,-466.82,208040.54,consumo,nao,viuvo,superior,clt,sudeste,0
4931,18,4151.41,23497.86,46,7.91,625,1317.05,15,2,17239.2,1170.65,-1478.1,152628.96,veiculo,nao,casado,pos,autonomo,sul,0
4932,59,2588.54,20470.61,33,27.63,547,778.61,12,2,660.1,8444.86,3709.37,25212.84,negocios,sim,casado,superior,autonomo,sudeste,0
4933,69,4712.57,14819.95,32,24.39,794,1919.26,3,3,28606.96,3948.57,-1722.14,25987.96,outros,nao,divorciado,medio,temporario,nordeste,0
4934,65,4502.12,18662.2,8,26.98,512,259.95,3,4,28092.11,4149.12,1272.23,7420.95,outros,nao,casado,superior,clt,sudeste,0
4935,39,3384.27,21998.1,8,15.89,755,1443.41,15,2,17791.58,3742.39,-1378.78,32436.24,educacao,nao,solteiro,medio,temporario,nordeste,0
4936,51,6372.78,28861.76,41,9.03,730,2168.46,11,3,13214.18,1005.47,1779.23,120405.14,consumo,sim,viuvo,superior,clt,nordeste,1
4937,72,4692.9,25244.32,30,17.76,422,1083.14,8,4,6041.05,6538.8,1707.51,98011.74,educacao,sim,viuvo,medio,autonomo,nordeste,0
4938,51,6712.77,7411.68,22,12.93,488,2123.92,6,3,2645.45,6150.89,4796.84,152655.78,consumo,nao,casado,medio,clt,sudeste,0
4939,34,4448.91,17968.8,31,12.35,640,520.79,6,0,11373.95,1897.95,3235.67,196272.86,casa,sim,solteiro,medio,autonomo,sudeste,1
4940,37,4756.45,19616.8,45,5.98,483,2310.52,14,1,32811.61,2782.95,1339.55,82836.89,outros,sim,casado,pos,temporario,sul,0
4941,59,3786.99,34665.13,25,5.76,761,2016.17,3,2,2406.44,5148.82,2172.94,191247.05,educacao,nao,casado,medio,estudante,sudeste,0
4942,43,4787.32,17646.59,29,13.09,596,1087.35,16,4,33219.87,3702.51,2483.22,197159.36,casa,sim,casado,superior,clt,sudeste,0
4943,65,6082.02,2861.99,24,26.23,754,483.06,4,3,18503.79,8982.4,-35.97,149164.33,negocios,sim,viuvo,pos,autonomo,centro_oeste,0
4944,67,4059.6,6337.32,49,21.35,467,1387.38,4,4,15430.75,4720.06,4248.11,183799.26,consumo,nao,divorciado,pos,estudante,sul,0
4945,20,5733.14,25113.43,9,22.25,429,1735.39,6,3,4303.54,7998.95,1844.18,203690.06,casa,sim,viuvo,pos,estudante,nordeste,0
4946,59,3337.06,11076.55,66,9.62,676,479.11,14,4,2498.17,2239.21,3175.18,100498.2,negocios,sim,solteiro,superior,temporario,norte,0
4947,39,6166.29,25005.32,42,21.63,740,2344.96,0,2,19056.16,5227.88,-1551.59,110673.99,veiculo,sim,solteiro,medio,temporario,norte,0
4948,47,3756.17,28626.34,22,13.75,816,1949.47,2,1,20951.47,3235.26,-935.14,113568.27,veiculo,sim,casado,fundamental,autonomo,centro_oeste,1
4949,33,6333.02,44971.42,56,5.43,735,2387.78,6,2,15193.38,8443.26,2798.51,101250.27,casa,nao,solteiro,superior,estudante,sul,0
4950,38,4909.76,32328.89,68,13.48,719,874.24,2,0,10056.56,5185.03,4005.03,208581.64,casa,sim,divorciado,fundamental,autonomo,nordeste,0
4951,36,7537.72,3912.35,9,7.15,443,1185.56,6,3,463.14,6058.54,702.23,20128.74,veiculo,sim,solteiro,pos,autonomo,sul,0
4952,20,2722.68,19823.24,19,24.49,661,737.05,7,3,9333.69,1146.18,5576.68,79914.79,negocios,sim,solteiro,superior,autonomo,sul,0
4953,62,2142.88,38602.29,15,24.17,705,815.18,11,0,25018.78,4645.34,4824.57,199414.49,casa,sim,solteiro,superior,estudante,nordeste,1
4954,26,3690.81,14355.59,10,10.9,577,517.07,5,2,21210.51,5425.52,2291.02,170359.03,casa,sim,casado,superior,clt,sul,0
4955,39,2307.7,44586.27,54,18.69,819,470.55,9,3,5533.34,2968.42,3191.22,63433.92,veiculo,sim,casado,pos,clt,norte,0
4956,29,2311.08,26569.99,18,12.73,815,1736.22,17,3,27770.34,6754.02,2826.7,145981.54,outros,nao,casado,pos,autonomo,sudeste,1
4957,27,5918.79,6706.37,31,7.7,762,544.11,8,3,5197.08,4465.93,584.14,423.83,educacao,sim,casado,pos,autonomo,nordeste,0
4958,39,4792.48,13496.01,59,19.59,771,489.57,14,0,27841.18,5271.14,-1311.58,117189.05,consumo,sim,solteiro,pos,clt,nordeste,1
4959,70,3936.57,43736.61,46,22.24,647,1420.24,4,1,17941.76,3567.91,4475.64,202056.38,outros,sim,solteiro,superior,temporario,sudeste,0
4960,71,4103.47,47611.42,50,22.59,748,1813.28,16,2,25092.79,6250.29,1792.35,136026.37,negocios,sim,viuvo,medio,autonomo,nordeste,0
4961,39,3724.97,41767.22,12,7.58,448,1985.05,10,0,2905.73,1376.96,4766.48,200001.01,outros,nao,solteiro,pos,temporario,centro_oeste,0
4962,46,7770.66,17090.79,70,16.3,512,1526.15,2,0,25934.57,4802.93,1121.38,16620.5,educacao,sim,casado,pos,autonomo,sudeste,1
4963,74,3476.09,37481.27,11,4.57,685,647.62,16,4,25251.05,8112.94,-1688.58,117415.02,casa,sim,solteiro,pos,clt,sudeste,0
4964,31,2420.16,12611.36,52,6.16,469,1509.89,12,2,6133.87,2499.06,-810.05,150535.27,outros,sim,casado,pos,clt,centro_oeste,0
4965,71,6232.89,19995.76,48,5.95,745,1631.85,6,2,4813.89,7881.81,-573.6,7316.56,educacao,nao,divorciado,superior,temporario,nordeste,1
4966,24,4411.64,34221.15,33,5.37,491,778.79,10,0,26204.36,8022.94,3901.61,190605.81,outros,sim,divorciado,fundamental,temporario,sudeste,0
4967,30,8469.79,46585.01,61,12.01,559,515.21,17,3,14565.48,2458.67,-1549.86,56426.8,educacao,sim,viuvo,pos,clt,norte,0
4968,37,3852.83,22483.52,64,12.58,523,2327.51,1,4,22669.02,1186.16,4590.72,190255.8,negocios,sim,solteiro,medio,estudante,nordeste,0
4969,20,6322.77,25060.56,10,20.75,636,402.6,0,4,316.78,6997.56,3587.28,61536.08,negocios,nao,divorciado,superior,autonomo,norte,0
4970,64,6747.96,12517.67,69,11.92,452,823.06,14,0,6427.71,8647.95,722.05,215929.49,veiculo,nao,divorciado,superior,clt,centro_oeste,0
4971,66,3861.6,20846.63,21,7.37,744,716.96,5,1,26107.35,2673.59,2271.36,195238.02,outros,nao,solteiro,pos,autonomo,sudeste,0
4972,39,3462.74,5367.35,58,26.73,775,2249.4,15,2,6960.31,8260.53,5470.94,188390.06,consumo,sim,solteiro,fundamental,autonomo,sudeste,0
4973,65,6134.46,41565.66,60,25.01,718,1344.55,13,4,2809.87,2269.42,-1256.01,151239.04,consumo,nao,divorciado,fundamental,clt,centro_oeste,0
4974,62,5834.81,3561.72,42,6.98,494,2399.26,16,0,6128.47,3554.09,1034.14,88324.28,educacao,sim,divorciado,medio,estudante,norte,0
4975,63,2260.9,33600.37,62,12.71,536,2101.47,13,1,29134.05,8030.2,1249.82,100773.08,educacao,nao,solteiro,medio,autonomo,sudeste,1
4976,63,2768.82,14931.59,60,8.03,510,1931.3,16,0,12128.57,3084.51,5712.7,129169.98,educacao,nao,solteiro,superior,estudante,nordeste,1
4977,50,1200.0,24162.98,40,27.02,660,590.13,11,3,18552.64,6923.41,5806.77,58815.96,casa,sim,solteiro,fundamental,autonomo,centro_oeste,0
4978,24,5871.7,15310.91,17,12.54,775,978.9,1,2,20212.36,1749.23,4762.58,56394.71,veiculo,nao,viuvo,pos,autonomo,centro_oeste,1
4979,70,4328.71,20703.22,34,6.35,771,2083.03,3,3,13042.35,3719.51,1179.57,106779.74,consumo,nao,solteiro,pos,clt,nordeste,0
4980,52,4508.13,27378.39,65,21.44,803,2461.79,15,0,3279.43,8496.27,5137.31,116352.23,veiculo,nao,viuvo,pos,clt,sudeste,0
4981,69,1755.4,31660.65,19,21.08,695,2216.78,5,0,8988.15,2423.4,1975.71,175433.04,casa,sim,solteiro,medio,temporario,centro_oeste,0
4982,72,2823.42,45283.02,71,9.78,508,2380.32,17,2,5523.4,6464.46,3223.64,163877.18,outros,nao,viuvo,fundamental,clt,nordeste,0
4983,28,3939.67,17615.14,17,11.72,579,1669.09,15,2,31833.2,8316.21,5437.62,137537.72,outros,sim,divorciado,superior,clt,sudeste,1
4984,40,3589.81,29111.02,49,13.96,537,1300.14,12,0,25903.07,7172.12,135.0,143933.05,negocios,sim,viuvo,pos,temporario,sudeste,0
4985,28,5012.1,43528.36,48,10.42,445,1374.15,2,1,28806.82,8557.91,4914.08,191766.01,consumo,sim,casado,fundamental,temporario,sul,0
4986,20,5850.24,15705.55,18,10.93,740,1243.7,3,3,28428.72,8521.86,1314.12,12782.46,negocios,sim,divorciado,fundamental,estudante,norte,0
4987,73,8885.3,41859.77,37,23.24,651,539.3,13,0,76.12,1465.91,4995.65,125535.98,negocios,sim,casado,medio,temporario,nordeste,0
4988,70,4763.97,46068.76,15,22.04,808,889.37,7,4,26215.26,5614.13,2477.68,13309.62,negocios,sim,solteiro,pos,clt,nordeste,0
4989,71,6807.72,41060.96,30,20.62,756,389.67,7,0,16871.95,4128.61,128.99,24203.58,casa,sim,divorciado,fundamental,estudante,norte,1
4990,68,3306.05,28428.65,69,20.48,679,385.46,1,3,27112.25,6303.27,4171.08,104643.9,casa,sim,solteiro,superior,temporario,sudeste,0
4991,54,1785.1,35356.26,9,16.53,437,903.46,8,3,33594.52,6811.67,-901.82,86178.31,consumo,sim,casado,pos,estudante,sul,0
4992,47,4165.86,24388.5,63,12.42,597,1725.41,0,0,12520.08,2584.52,-681.73,161465.27,outros,sim,solteiro,fundamental,temporario,centro_oeste,0
4993,74,1924.1,29675.14,50,21.29,609,1603.81,2,3,21167.49,7298.88,-644.3,180101.77,negocios,nao,divorciado,pos,autonomo,centro_oeste,0
4994,49,4826.41,46838.57,55,6.79,689,1477.95,16,2,10661.09,3978.22,4754.61,173807.79,consumo,sim,viuvo,pos,clt,norte,0
4995,54,3395.18,13925.99,24,7.39,646,1917.52,13,1,31283.24,6082.28,4995.77,127536.22,outros,sim,solteiro,medio,temporario,sudeste,0
4996,30,1282.31,38560.89,68,7.03,732,1160.64,17,0,8890.8,4135.5,2666.33,1322.66,veiculo,sim,viuvo,fundamental,clt,centro_oeste,1
4997,60,7924.85,25533.61,22,21.59,428,1205.68,16,0,12293.78,3441.99,379.12,5139.83,negocios,sim,casado,pos,estudante,nordeste,0
4998,64,3832.39,10547.73,39,18.2,465,1381.8,16,2,31078.09,6398.12,1274.83,41840.72,negocios,nao,solteiro,fundamental,clt,norte,0
4999,56,1852.29,31780.86,8,14.8,801,334.49,7,1,3529.76,5106.21,-367.89,59020.84,veiculo,nao,viuvo,medio,autonomo,sudeste,0
5000,46,6416.71,38555.42,64,15.43,594,1529.53,4,4,17290.54,7749.85,-1770.25,101395.91,consumo,sim,solteiro,fundamental,autonomo,norte,0
5001,29,3488.49,28378.39,52,23.86,749,1920.56,12,2,20344.99,7181.07,4749.16,83612.34,consumo,sim,divorciado,medio,estudante,sul,0
5002,19,6762.3,40603.19,16,6.92,762,791.65,11,0,20265.64,7880.83,-281.88,33254.95,consumo,sim,solteiro,medio,autonomo,sudeste,0
5003,53,3479.89,19147.02,49,13.2,468,2163.17,7,4,4202.58,7009.06,-1183.07,21215.05,outros,nao,solteiro,medio,autonomo,centro_oeste,0
5004,56,3826.38,44076.46,18,22.24,702,797.62,8,1,1382.17,8293.15,-771.91,4757.62,veiculo,sim,viuvo,fundamental,autonomo,norte,0
5005,62,5420.7,31998.56,35,19.79,489,1370.66,3,3,14582.47,1831.67,5423.28,15207.86,casa,sim,casado,fundamental,clt,sudeste,0
5006,72,5867.79,39043.75,39,14.44,481,2208.78,8,4,15885.07,5944.09,1033.19,132.67,consumo,nao,casado,pos,estudante,nordeste,1
5007,46,6183.27,14920.82,67,9.38,517,1892.46,17,3,32993.25,1200.47,3255.09,7101.91,educacao,sim,viuvo,pos,autonomo,nordeste,0
5008,65,4638.47,22798.84,27,26.71,722,1516.62,7,2,26448.22,4747.0,-1555.97,98405.55,educacao,sim,viuvo,superior,autonomo,nordeste,0
5009,58,5751.51,43887.59,6,13.79,457,1624.74,9,0,20952.25,7821.44,2327.11,148623.15,casa,sim,solteiro,medio,temporario,norte,0
5010,33,6142.13,4815.75,34,25.07,686,432.62,16,1,7353.98,6667.58,4024.03,92104.14,negocios,sim,viuvo,pos,autonomo,centro_oeste,0
5011,66,5161.02,20881.17,67,22.67,572,1802.43,15,2,31550.71,5454.89,-1288.43,57771.59,casa,sim,casado,pos,estudante,centro_oeste,0
5012,21,4543.22,38004.5,58,24.68,525,1599.67,14,4,6773.48,6398.88,531.63,135410.61,consumo,sim,viuvo,medio,temporario,centro_oeste,0
5013,52,2198.47,36343.57,9,4.41,515,376.12,0,0,33158.13,1972.96,711.75,139114.0,negocios,nao,casado,medio,clt,norte,1
5014,71,5878.51,41248.84,9,15.46,557,468.4,15,0,33107.74,8411.82,5120.84,156424.72,consumo,nao,divorciado,medio,estudante,sul,0
5015,55,4875.91,36142.26,55,10.23,559,2432.73,1,1,34226.23,2306.01,3388.25,62546.09,consumo,nao,viuvo,fundamental,clt,norte,0
5016,71,4055.49,45592.69,53,10.58,545,593.22,0,3,9905.66,1919.25,4949.83,210409.09,consumo,sim,solteiro,medio,temporario,nordeste,0
5017,21,7099.98,25170.81,42,10.48,627,2258.19,6,4,4812.0,1690.03,1129.23,37846.68,consumo,nao,solteiro,pos,clt,sul,0
5018,48,2229.9,30905.19,11,13.34,817,819.93,7,0,22007.22,8457.86,2810.81,211966.87,outros,sim,solteiro,pos,estudante,centro_oeste,0
5019,62,7759.27,41070.61,24,13.86,600,1099.0,2,2,14799.16,4417.28,2238.39,139284.76,casa,sim,casado,superior,estudante,nordeste,1
5020,54,4759.91,34426.94,61,19.22,493,1468.74,10,4,13597.48,5031.05,353.61,59903.16,educacao,nao,viuvo,superior,clt,sul,0
5021,68,5371.53,7143.58,15,11.21,664,1632.01,16,4,19470.79,3721.71,1494.88,43812.91,outros,sim,viuvo,pos,clt,sudeste,0
5022,44,4088.92,19198.34,19,10.55,751,1334.85,11,3,24131.25,731.87,110.8,50971.34,casa,nao,divorciado,medio,clt,sul,1
5023,56,1799.27,27642.88,35,12.65,659,988.38,17,3,11624.36,1066.63,-1673.67,142140.2,outros,nao,casado,pos,clt,norte,1
5024,41,4548.7,36839.65,54,20.48,632,1336.95,16,1,11729.02,633.96,5751.72,210758.6,negocios,nao,divorciado,fundamental,estudante,norte,0
5025,67,5402.54,27232.32,60,4.0,687,1805.59,14,1,21362.6,5081.47,5672.99,190909.57,consumo,sim,viuvo,superior,temporario,sudeste,0
5026,24,6017.21,37878.49,45,21.93,772,1099.84,3,4,2495.85,2144.61,4628.87,215903.09,consumo,sim,divorciado,medio,estudante,centro_oeste,0
5027,32,4443.54,40611.23,38,12.14,450,1444.97,11,3,24498.13,3918.03,-438.37,70854.48,casa,sim,divorciado,fundamental,clt,norte,0
5028,23,1200.0,14563.34,31,17.83,812,1059.68,1,0,27965.4,4412.76,-1642.71,85311.81,negocios,nao,casado,superior,autonomo,centro_oeste,0
5029,58,2025.01,30532.47,8,22.28,777,945.43,13,0,30791.33,5026.91,-271.56,164338.48,veiculo,nao,viuvo,medio,estudante,norte,1
5030,31,8493.64,27848.52,23,16.26,804,873.26,16,4,26384.15,8088.85,4998.19,55064.02,outros,sim,divorciado,fundamental,estudante,nordeste,0
5031,36,2833.44,12842.93,20,19.53,619,699.57,2,0,17736.02,867.49,-605.09,74165.38,consumo,nao,divorciado,medio,temporario,centro_oeste,0
5032,65,7368.69,24789.45,9,26.08,761,1944.99,9,3,30583.5,4700.95,21.45,63027.86,casa,nao,viuvo,superior,autonomo,norte,0
5033,38,3118.64,27459.86,55,4.72,452,2462.64,2,1,17184.57,1620.85,3591.8,89749.7,veiculo,nao,divorciado,fundamental,clt,sul,0
5034,26,4471.58,39688.96,29,12.39,585,247.27,9,0,27548.0,8375.41,1923.97,169826.76,negocios,sim,solteiro,pos,clt,sudeste,1
5035,19,5925.37,23475.02,39,26.24,771,634.87,8,0,2226.41,8298.38,3301.24,1953.93,casa,nao,divorciado,fundamental,estudante,sudeste,0
5036,30,3323.65,6181.68,19,24.1,528,2417.06,16,2,24816.27,1689.47,2591.88,5724.75,casa,sim,solteiro,fundamental,temporario,centro_oeste,0
5037,70,7665.99,24671.97,45,18.8,725,972.92,4,4,2943.53,1497.55,2665.31,810.95,educacao,nao,solteiro,fundamental,temporario,sul,0
5038,49,4936.31,40626.77,14,9.5,547,1082.42,13,0,969.61,1433.89,5007.32,140669.08,negocios,sim,solteiro,fundamental,temporario,norte,0
5039,74,5629.53,28492.12,50,11.93,655,1718.09,11,3,17578.49,1333.71,-101.51,80646.32,educacao,nao,solteiro,fundamental,temporario,nordeste,0
5040,30,4318.31,17008.37,54,24.59,681,998.23,13,2,4180.67,1843.83,-714.15,103633.9,casa,nao,viuvo,medio,clt,sudeste,0
5041,38,5985.7,44404.18,26,20.76,771,1323.07,17,3,11379.13,1823.36,1358.19,102586.19,negocios,nao,solteiro,pos,clt,sul,0
5042,27,7641.83,9582.14,20,10.86,556,2269.67,3,2,27098.47,1889.76,2370.01,44690.13,casa,nao,divorciado,superior,autonomo,norte,0
5043,40,4563.69,17372.93,57,7.17,734,1490.3,0,0,19259.92,1762.9,2025.35,173916.06,educacao,sim,viuvo,pos,autonomo,sul,0
5044,50,7913.48,22389.63,20,22.74,593,1727.16,11,2,25668.23,3712.27,2410.84,41067.25,outros,sim,divorciado,medio,temporario,centro_oeste,0
5045,64,3699.13,36077.99,17,17.83,577,683.63,2,4,27424.34,2658.11,1992.21,150540.18,educacao,nao,solteiro,fundamental,autonomo,norte,0
5046,38,6175.37,40526.48,28,27.12,451,786.57,8,4,16808.91,4045.17,2239.4,162667.94,negocios,nao,solteiro,fundamental,autonomo,nordeste,0
5047,61,5680.41,5164.5,69,13.76,450,2248.41,9,1,34497.45,8096.83,5468.97,56207.62,educacao,sim,casado,medio,clt,sul,0
5048,53,2876.55,38537.63,36,12.38,728,2308.79,10,4,7073.35,3491.71,-1410.92,156022.07,negocios,nao,casado,superior,clt,nordeste,0
5049,34,5184.86,35284.04,23,10.98,461,2052.19,0,0,2971.82,2935.03,5544.88,47737.43,outros,sim,viuvo,fundamental,estudante,centro_oeste,0
5050,69,4813.26,43206.68,39,15.57,464,463.19,10,2,11146.98,8272.01,2780.26,115695.21,consumo,sim,solteiro,superior,estudante,sul,0
5051,42,3264.25,43470.16,28,11.75,494,2079.0,14,3,26687.84,3233.66,-1426.91,157735.42,educacao,sim,viuvo,pos,estudante,sudeste,0
5052,26,5444.4,37877.41,49,5.76,554,224.61,0,3,3368.4,1537.05,-1383.04,32045.12,educacao,sim,divorciado,pos,estudante,sudeste,0
5053,72,5063.32,11154.22,34,11.49,485,1564.01,7,0,16335.93,5761.37,2657.84,148972.76,veiculo,sim,casado,superior,temporario,nordeste,0
5054,70,4669.34,16781.15,44,9.25,656,1746.61,6,0,19997.01,2895.26,3574.8,29320.4,casa,nao,casado,medio,estudante,nordeste,0
5055,20,4676.56,45102.55,34,23.57,748,1169.25,6,3,28278.72,4919.65,2258.19,15658.59,outros,sim,divorciado,medio,autonomo,sul,0
5056,69,4637.98,29716.89,37,9.65,632,1291.78,8,4,29606.3,7027.89,1701.14,76818.3,educacao,nao,viuvo,pos,temporario,norte,0
5057,72,4138.14,27013.61,35,15.01,686,1901.09,2,3,8362.71,5307.34,361.03,48026.66,consumo,nao,casado,medio,autonomo,sudeste,0
5058,65,5051.7,44164.78,32,20.15,777,2256.11,9,4,9593.32,7374.52,2931.35,32815.29,negocios,sim,divorciado,fundamental,estudante,nordeste,0
5059,32,3640.95,42276.04,69,7.58,777,619.26,1,4,23938.75,3429.97,5201.2,56860.43,consumo,nao,divorciado,medio,temporario,sudeste,0
5060,53,9582.26,35601.07,23,16.75,683,501.28,1,4,30092.27,1933.76,1494.82,167648.84,negocios,sim,solteiro,pos,estudante,sudeste,1
5061,48,2263.2,42642.48,59,24.33,447,1641.58,9,3,5892.55,3854.67,3626.4,189326.01,negocios,nao,viuvo,medio,clt,nordeste,0
5062,53,3747.48,7679.49,52,18.02,735,715.36,16,3,25292.38,4001.39,-1664.5,206144.61,educacao,sim,solteiro,fundamental,temporario,sudeste,0
5063,53,3889.66,36968.25,40,15.58,723,630.6,12,3,8318.5,6585.73,1709.48,209259.24,outros,sim,solteiro,pos,temporario,nordeste,1
5064,54,8472.89,46436.63,26,24.13,541,652.1,6,1,6323.34,6338.13,4141.42,138307.87,casa,nao,solteiro,medio,temporario,nordeste,1
5065,47,2423.76,4728.44,37,26.73,484,636.67,6,2,11814.42,3129.65,4766.9,152571.36,casa,nao,casado,superior,autonomo,norte,0
5066,57,5566.66,12648.58,62,23.7,472,1286.91,8,1,27812.96,8399.27,2389.11,67143.16,outros,sim,solteiro,fundamental,temporario,norte,0
5067,48,5247.11,38625.56,18,13.8,530,2417.38,0,2,25989.29,2842.5,2618.81,196903.04,negocios,nao,casado,medio,clt,centro_oeste,0
5068,18,5400.48,26162.15,44,18.68,717,2101.12,11,2,16754.52,8969.94,-720.18,76683.2,educacao,sim,viuvo,pos,autonomo,sudeste,0
5069,20,7025.42,6441.14,56,16.64,798,1440.54,2,0,24996.56,777.96,504.82,161660.44,veiculo,nao,solteiro,fundamental,estudante,nordeste,1
5070,72,6988.49,14692.09,47,11.28,481,368.3,12,0,14204.59,6226.8,3405.7,172661.28,casa,nao,viuvo,superior,clt,sudeste,0
5071,69,3988.28,17244.71,15,14.45,585,1741.2,6,4,7367.83,5771.79,4181.54,215135.98,outros,nao,casado,fundamental,estudante,sul,0
5072,51,5149.23,17108.35,39,23.9,753,1226.65,6,2,29505.5,5471.9,-1161.06,7045.35,educacao,nao,casado,superior,estudante,norte,0
5073,27,1444.62,42434.11,18,11.21,454,1985.8,7,0,1882.66,7122.67,5695.37,55247.56,casa,nao,solteiro,pos,temporario,centro_oeste,1
5074,62,4978.37,32622.66,67,25.35,797,1325.98,2,1,31535.75,5522.45,5637.82,103733.26,casa,nao,solteiro,pos,autonomo,norte,1
5075,26,3370.82,35938.74,29,27.79,427,1730.4,4,4,27610.68,5684.3,-336.75,175439.21,veiculo,nao,viuvo,medio,estudante,sudeste,0
5076,39,4464.51,3117.44,33,11.36,533,644.11,3,3,25325.32,7957.54,-1447.41,159617.79,consumo,sim,casado,fundamental,clt,sul,0
5077,36,1766.33,21951.8,62,6.95,432,2113.06,15,4,19919.33,2087.32,860.09,16606.03,veiculo,nao,viuvo,medio,estudante,norte,0
5078,18,5528.77,16960.84,34,26.97,724,1988.26,2,3,28350.47,5014.84,5677.82,188557.97,casa,nao,divorciado,medio,estudante,centro_oeste,1
5079,63,1746.18,41262.61,18,8.11,590,1047.71,2,3,987.69,6552.86,1655.5,90737.52,negocios,nao,solteiro,medio,autonomo,sudeste,0
5080,47,5066.91,45901.07,64,22.52,594,2415.65,4,1,20685.46,3116.96,646.8,188155.13,outros,nao,casado,fundamental,estudante,nordeste,0
5081,36,2592.29,21762.01,48,4.94,638,552.12,7,4,9136.41,2365.62,5178.55,194436.27,educacao,sim,solteiro,medio,autonomo,sul,0
5082,46,3270.65,46774.26,45,9.65,539,226.43,10,3,22374.4,1595.66,-752.68,201957.74,casa,sim,casado,medio,temporario,sudeste,0
5083,18,6878.52,3153.34,10,10.24,722,1950.48,7,1,23615.35,2732.85,5540.51,172863.87,educacao,sim,casado,fundamental,estudante,centro_oeste,0
5084,42,5858.25,17320.23,35,11.13,592,1573.32,9,1,7515.95,6161.66,4510.19,165744.71,educacao,sim,solteiro,fundamental,estudante,centro_oeste,0
5085,47,6868.57,37759.37,36,26.06,738,437.34,9,3,5418.23,5727.21,1191.91,112306.73,educacao,nao,divorciado,fundamental,autonomo,sul,0
5086,37,7607.51,18884.53,23,8.21,678,550.06,3,1,20561.01,1959.9,4341.49,122383.19,negocios,nao,casado,fundamental,estudante,sudeste,0
5087,65,3408.89,44403.79,43,8.17,689,483.64,0,3,32920.19,4674.81,4097.71,113636.88,consumo,nao,viuvo,medio,autonomo,sul,1
5088,32,7498.15,12440.15,22,20.6,815,567.1,12,2,23220.58,2317.04,2722.93,113450.3,veiculo,sim,casado,fundamental,clt,norte,0
5089,25,2162.09,38702.84,37,26.86,622,1250.46,16,1,16945.57,8455.77,4295.29,46350.12,casa,nao,viuvo,pos,temporario,nordeste,0
5090,48,6142.98,11677.45,58,13.34,540,298.23,1,0,32742.13,6655.14,2100.74,72157.5,negocios,sim,solteiro,superior,temporario,centro_oeste,0
5091,68,3911.99,11468.27,54,22.56,711,1384.98,16,3,28662.07,1973.29,4770.83,39006.19,veiculo,nao,divorciado,pos,autonomo,sudeste,1
5092,39,3125.46,22781.6,24,4.74,702,1584.47,16,1,25647.97,2962.55,4387.63,157893.8,casa,nao,divorciado,medio,clt,centro_oeste,0
5093,20,5906.05,45494.8,19,23.78,613,1867.49,14,2,15308.73,7751.17,5269.38,92492.95,educacao,sim,solteiro,medio,clt,nordeste,1
5094,73,6500.91,29138.2,6,21.36,553,2374.8,10,1,17198.79,5235.54,4420.77,53510.49,veiculo,nao,solteiro,fundamental,estudante,centro_oeste,0
5095,43,6447.48,31394.0,28,25.52,792,371.35,6,0,9261.69,3525.62,5383.38,175840.04,veiculo,nao,casado,medio,clt,norte,0
5096,27,5186.75,2942.84,7,19.3,520,261.57,10,0,28590.9,5586.58,-410.25,196994.98,educacao,sim,casado,superior,autonomo,sul,0
5097,53,5037.52,5075.99,14,26.59,451,502.8,0,4,9963.25,3810.6,363.03,1020.82,negocios,nao,viuvo,fundamental,autonomo,sul,0
5098,36,5748.36,5545.5,70,13.36,672,962.57,5,1,24631.27,8247.14,1729.25,193193.08,negocios,sim,viuvo,fundamental,autonomo,sudeste,0
5099,71,5346.78,39793.72,62,21.58,452,1398.84,7,2,30623.6,7925.1,93.98,5880.71,consumo,sim,solteiro,fundamental,clt,centro_oeste,0
5100,34,5774.44,13276.77,42,21.41,724,189.94,9,2,19325.78,1863.28,5194.28,156157.54,veiculo,sim,divorciado,fundamental,estudante,sudeste,1
5101,49,5167.2,17462.14,57,10.45,756,1786.3,4,1,5477.81,6258.31,-397.83,192926.42,educacao,sim,solteiro,fundamental,autonomo,sul,0
5102,48,6317.01,30252.85,38,26.09,706,2399.97,7,4,870.8,7619.5,1779.34,51869.4,outros,nao,viuvo,superior,clt,sudeste,0
5103,31,1871.03,29069.92,45,22.7,514,759.49,13,4,23563.37,2295.57,2268.76,207573.71,casa,nao,divorciado,fundamental,temporario,sudeste,0
5104,46,4563.71,21179.09,66,24.79,797,200.41,17,0,7862.22,7907.83,5009.83,158437.21,consumo,sim,casado,pos,estudante,sul,1
5105,24,2309.08,2695.66,11,12.7,455,1927.53,14,0,1367.35,4066.24,221.32,216432.74,consumo,sim,divorciado,pos,clt,nordeste,0
5106,54,5298.06,22956.92,29,24.19,462,1966.52,1,1,12014.88,3115.68,5762.88,43900.91,negocios,nao,solteiro,pos,clt,norte,0
5107,61,7755.47,36119.16,13,11.56,541,280.94,10,0,20374.29,8864.52,477.26,28223.76,casa,sim,casado,medio,estudante,sul,0
5108,72,3946.65,13203.39,58,27.15,636,1612.19,8,0,19303.64,6348.04,-528.66,145560.66,consumo,nao,divorciado,pos,clt,sul,0
5109,36,5029.05,34730.29,60,4.57,704,743.39,9,4,5859.37,2969.31,177.94,113284.99,negocios,sim,divorciado,superior,temporario,norte,0
5110,34,6161.68,3189.45,53,18.86,536,1648.27,14,0,21139.5,5002.37,5072.41,179252.32,outros,sim,solteiro,superior,clt,norte,0
5111,49,1200.0,43814.36,46,6.69,786,1865.2,5,0,14377.07,5969.45,-611.19,94393.52,negocios,nao,divorciado,pos,clt,centro_oeste,1
5112,57,3860.2,45726.78,37,21.25,746,696.76,9,1,16717.02,6551.47,-1551.02,438.26,veiculo,nao,solteiro,medio,estudante,sudeste,0
5113,74,5456.13,2612.0,7,12.73,512,784.96,15,2,30604.9,2279.82,474.41,106707.66,veiculo,sim,solteiro,superior,clt,centro_oeste,0
5114,19,1200.0,23330.74,57,24.9,444,1598.85,10,2,2748.54,5741.1,2447.51,146497.92,casa,sim,solteiro,superior,autonomo,norte,0
5115,31,3041.74,21328.9,65,24.94,700,1530.85,9,3,18475.48,7701.73,981.89,68689.13,negocios,nao,viuvo,pos,temporario,centro_oeste,0
5116,32,6781.54,40805.69,69,12.83,490,2235.91,16,3,6076.84,7331.11,-546.41,110466.64,outros,sim,divorciado,pos,temporario,sudeste,0
5117,32,6605.39,27102.83,28,23.44,532,1364.05,0,0,6397.06,3001.33,1040.65,132749.74,casa,sim,solteiro,fundamental,temporario,norte,0
5118,44,5473.77,30317.13,19,20.35,728,2035.46,6,3,21366.22,8746.64,3602.05,157979.5,veiculo,sim,casado,fundamental,estudante,sul,1
5119,67,6387.96,11714.02,49,14.24,495,1878.26,8,0,23439.82,607.0,1601.61,51842.56,consumo,sim,viuvo,fundamental,temporario,sudeste,0
5120,19,5187.19,6006.44,7,12.24,561,1724.42,0,4,21217.88,7121.63,2667.24,59147.23,consumo,nao,casado,pos,temporario,nordeste,1
5121,64,5799.71,34001.06,9,9.05,790,624.91,8,1,32322.28,3195.45,5587.01,151091.09,educacao,nao,casado,superior,estudante,centro_oeste,0
5122,53,4231.82,30740.76,60,5.52,692,821.16,16,4,27813.17,8500.25,4036.27,77956.11,outros,sim,casado,pos,estudante,centro_oeste,0
5123,53,5008.46,40370.96,69,16.42,668,1494.91,14,4,6951.36,7818.98,4469.89,165089.39,outros,sim,solteiro,superior,clt,centro_oeste,0
5124,56,3661.73,40933.1,32,16.96,819,332.99,0,0,22255.24,7989.87,446.5,58868.68,outros,nao,viuvo,superior,clt,sudeste,1
5125,24,7074.27,31212.1,39,14.66,728,284.51,15,1,21711.9,2640.87,2188.81,166077.49,consumo,nao,viuvo,fundamental,clt,norte,0
5126,60,7538.81,26995.44,41,26.81,603,295.58,14,0,22628.37,7269.53,887.87,34660.58,negocios,nao,solteiro,medio,clt,norte,0
5127,32,7283.84,44087.38,15,4.33,685,2317.43,15,4,15017.81,3327.55,1979.31,99513.27,educacao,nao,viuvo,superior,clt,centro_oeste,0
5128,47,4065.4,38957.52,20,24.41,633,1778.2,2,2,33166.73,4301.27,-927.37,42132.75,educacao,sim,divorciado,superior,estudante,norte,1
5129,56,3083.21,42650.34,25,23.22,565,2121.29,16,4,16230.58,8186.85,2244.07,113487.92,educacao,sim,divorciado,medio,autonomo,norte,0
5130,52,7098.55,47810.76,61,22.21,810,2415.13,0,2,27627.39,6623.85,2301.36,154036.21,consumo,nao,viuvo,pos,estudante,centro_oeste,1
5131,36,5779.03,20859.51,34,16.6,657,1806.25,0,4,16845.79,5944.82,2684.82,116034.39,casa,sim,viuvo,fundamental,autonomo,sudeste,0
5132,40,5391.45,35120.53,53,8.57,718,1375.55,6,2,27559.92,1596.27,29.96,35206.86,negocios,nao,solteiro,medio,temporario,sudeste,0
5133,45,3659.46,33807.09,18,24.71,583,1291.32,14,0,13847.43,5075.41,-72.68,202695.41,veiculo,sim,solteiro,superior,autonomo,sudeste,0
5134,20,5566.19,10423.49,68,21.87,498,1910.78,15,2,28.54,1549.87,1068.25,1049.19,veiculo,nao,divorciado,fundamental,autonomo,nordeste,0
5135,59,2846.5,31462.96,64,23.99,468,2193.52,11,3,17495.07,1137.7,2394.05,160720.16,casa,sim,divorciado,superior,estudante,centro_oeste,0
5136,23,5941.31,21978.06,37,9.66,741,2104.71,0,4,19179.92,8545.93,826.86,158970.96,negocios,nao,divorciado,superior,estudante,nordeste,0
5137,44,7282.0,23003.92,20,17.3,628,1323.63,15,4,4046.48,5535.39,3707.89,197132.68,veiculo,nao,solteiro,medio,clt,sudeste,1
5138,55,7735.88,10696.28,70,13.98,626,1974.54,4,2,23281.45,552.24,2763.96,189462.26,outros,nao,casado,medio,clt,sul,0
5139,22,6075.34,36385.64,59,19.35,468,1285.68,13,4,29880.73,4486.74,-919.78,33058.74,veiculo,sim,casado,medio,temporario,sul,0
5140,74,2312.36,34256.32,39,22.06,734,1071.77,5,4,30391.92,2937.32,-53.58,208146.91,consumo,sim,viuvo,medio,autonomo,sul,1
5141,39,5155.19,26719.2,23,8.17,525,870.6,10,4,13191.35,1808.23,2915.94,33216.76,veiculo,nao,divorciado,pos,temporario,nordeste,1
5142,18,8651.43,9630.72,47,8.18,659,306.55,1,4,14350.32,7462.53,2349.24,124039.85,casa,sim,divorciado,medio,estudante,nordeste,0
5143,55,3236.5,27837.35,30,5.05,560,646.7,17,1,30043.49,1805.68,845.74,34419.79,consumo,nao,casado,fundamental,temporario,norte,1
5144,49,4693.47,7056.07,50,7.77,510,1873.62,1,2,34941.51,1913.98,-459.31,83407.04,negocios,sim,divorciado,superior,autonomo,norte,0
5145,54,7344.34,17941.43,60,9.76,485,578.37,17,0,1841.2,2477.16,5379.37,174378.63,outros,nao,solteiro,superior,temporario,centro_oeste,0
5146,60,5910.84,19442.28,38,5.74,745,2270.73,16,0,2162.31,6555.76,1705.63,205936.12,veiculo,nao,solteiro,fundamental,estudante,sudeste,0
5147,45,9264.28,42695.86,9,12.54,457,362.31,2,4,1899.08,2121.22,-142.14,70594.49,negocios,nao,casado,fundamental,clt,centro_oeste,0
5148,65,3480.84,21408.07,43,20.2,420,298.61,12,1,16186.84,3231.56,3822.98,95917.63,negocios,nao,divorciado,medio,temporario,norte,0
5149,39,3018.44,29730.38,62,23.03,542,1296.11,6,2,27459.27,8169.94,196.18,176519.69,negocios,sim,casado,pos,autonomo,sul,1
5150,49,7003.43,42302.44,20,12.3,775,696.58,5,1,3278.87,5303.7,271.99,131159.35,consumo,nao,solteiro,medio,estudante,sudeste,0
5151,27,2647.42,21872.05,69,6.01,700,418.85,5,4,24113.16,1970.57,4651.04,197456.4,veiculo,sim,divorciado,medio,autonomo,norte,1
5152,53,4445.82,42708.51,29,22.22,747,318.89,4,4,5990.63,7809.18,5281.22,72321.93,consumo,sim,solteiro,fundamental,clt,sudeste,0
5153,32,4681.84,8708.99,51,13.39,501,1403.33,17,3,1153.65,4853.38,1851.07,41263.02,casa,nao,solteiro,pos,estudante,sul,0
5154,57,6664.78,19100.36,52,10.03,808,781.96,0,4,20845.5,7590.94,3131.86,120617.06,casa,sim,casado,fundamental,temporario,sudeste,0
5155,63,5905.68,6810.09,18,15.3,467,1469.38,6,2,20785.1,1169.33,1015.85,102679.25,veiculo,nao,divorciado,superior,clt,sudeste,0
5156,66,5622.72,28022.3,8,27.28,434,524.05,6,0,9915.32,1875.48,3142.27,193820.07,casa,sim,solteiro,fundamental,temporario,sul,1
5157,70,4075.62,46056.33,68,12.94,610,236.66,7,3,11278.28,1280.42,3878.52,19569.33,consumo,sim,viuvo,fundamental,autonomo,nordeste,0
5158,24,6987.01,32391.31,52,27.03,595,243.24,5,0,12389.62,4590.51,3823.87,10001.65,educacao,nao,solteiro,fundamental,autonomo,sul,0
5159,25,12046.48,30986.44,47,10.08,536,441.4,11,2,32523.1,3792.72,-1482.5,38275.4,casa,sim,casado,medio,estudante,sul,0
5160,70,6044.31,15156.22,26,6.53,487,2026.82,16,4,30321.19,4036.08,-1030.83,147802.36,consumo,sim,viuvo,fundamental,autonomo,sudeste,0
5161,39,4979.41,44865.36,13,7.77,548,1220.55,12,0,18462.8,3615.58,3722.08,71599.83,casa,sim,viuvo,pos,estudante,sul,0
5162,19,2463.85,23954.83,23,22.57,569,1627.36,3,2,33720.99,4105.27,2348.34,21436.69,outros,sim,viuvo,superior,estudante,sudeste,0
5163,34,3652.53,14648.59,42,16.9,660,2209.98,17,3,20360.2,3740.49,5557.97,195019.74,outros,nao,divorciado,medio,temporario,norte,0
5164,65,4415.32,47440.35,51,17.97,563,673.24,7,3,3553.63,1857.12,-992.23,167706.71,casa,sim,solteiro,pos,clt,sudeste,0
5165,38,3837.72,21752.14,27,27.23,517,2201.53,5,2,17050.64,5337.2,5919.46,194566.28,outros,sim,divorciado,pos,temporario,sudeste,1
5166,22,4771.06,19403.2,20,16.12,659,1909.87,12,1,31308.22,7887.93,-758.47,24613.69,consumo,nao,solteiro,medio,clt,sudeste,0
5167,59,8000.43,4090.74,22,6.81,653,1871.32,17,1,23193.01,8949.69,-1554.8,69338.6,veiculo,nao,viuvo,pos,temporario,sudeste,0
5168,29,7044.9,10612.42,69,21.24,594,2200.11,5,0,33343.33,1497.12,5212.13,137528.26,negocios,sim,casado,pos,temporario,sudeste,1
5169,38,4514.1,39318.21,47,8.99,464,472.04,3,3,18580.93,3995.49,2131.53,17361.92,educacao,nao,solteiro,fundamental,estudante,sul,0
5170,18,2625.1,24462.63,71,17.96,806,1433.96,14,1,31914.65,2549.28,436.13,218140.38,consumo,nao,solteiro,medio,estudante,sul,0
5171,52,7207.26,45946.8,6,24.51,627,1301.8,8,3,26830.58,5318.65,2660.05,218417.64,outros,sim,solteiro,pos,clt,sudeste,0
5172,43,4711.7,6316.8,36,15.45,531,1720.48,13,0,28795.04,3563.11,1144.72,114092.16,outros,sim,casado,superior,estudante,sul,0
5173,67,1692.3,30525.43,36,11.54,710,732.13,8,1,34700.94,7960.91,5911.19,218614.49,educacao,nao,solteiro,pos,temporario,sul,0
5174,37,6082.37,35259.28,32,17.81,587,475.4,0,1,10578.47,8449.24,4237.07,206121.82,outros,sim,divorciado,medio,estudante,nordeste,0
5175,29,6646.24,30763.83,31,7.05,485,2438.39,6,3,21982.0,3263.24,3316.33,133987.2,casa,sim,divorciado,fundamental,estudante,nordeste,0
5176,27,1200.0,26609.43,11,11.38,700,1260.38,15,0,8975.84,3529.55,712.33,18616.12,outros,sim,solteiro,pos,estudante,sudeste,0
5177,29,3315.8,28812.57,8,16.1,457,718.29,16,2,29886.42,5047.18,-1598.41,27821.75,consumo,sim,solteiro,medio,temporario,nordeste,0
5178,43,4601.18,33874.51,57,10.1,530,478.48,6,2,20505.64,5901.93,4419.47,65430.94,casa,sim,viuvo,superior,clt,norte,0
5179,22,6122.12,41778.49,35,4.94,685,1557.15,12,1,6154.22,6895.9,-1427.12,181211.96,casa,sim,solteiro,medio,clt,centro_oeste,0
5180,40,3871.66,17803.68,16,18.04,709,522.81,1,3,14743.6,1350.61,-917.54,118724.35,educacao,sim,viuvo,superior,temporario,sul,0
5181,66,3302.14,23414.26,28,13.63,816,604.66,3,4,6361.01,934.29,2794.17,182786.9,negocios,sim,casado,pos,estudante,sudeste,0
5182,61,6108.9,31433.89,67,13.37,703,2388.99,12,0,16028.3,6264.94,4104.0,156637.02,casa,nao,solteiro,medio,temporario,sudeste,0
5183,54,3957.02,16796.83,36,27.92,512,247.66,0,4,2715.54,4568.84,1389.77,179296.74,veiculo,nao,divorciado,pos,temporario,sul,0
5184,68,5775.7,10634.62,71,6.68,704,613.45,13,4,33784.83,6218.39,2794.6,58447.77,consumo,nao,divorciado,pos,autonomo,norte,0
5185,62,2799.27,46460.68,16,7.7,720,1737.23,17,4,20881.61,3063.66,5794.43,154114.86,veiculo,sim,viuvo,fundamental,autonomo,nordeste,1
5186,55,2365.8,11360.16,14,25.03,690,683.19,1,0,34673.17,1963.47,394.08,17041.22,educacao,nao,solteiro,pos,estudante,norte,0
5187,67,6159.48,13089.36,43,7.13,718,602.1,10,1,6081.84,1445.64,-1457.02,151722.88,negocios,sim,casado,superior,temporario,centro_oeste,0
5188,25,5254.54,30650.22,51,26.02,746,1471.08,6,3,13454.54,7183.83,-69.39,107186.5,outros,sim,divorciado,medio,estudante,norte,0
5189,64,6460.42,6020.26,70,20.13,647,1794.62,11,1,32593.37,3925.75,1682.48,73794.17,outros,nao,casado,superior,estudante,nordeste,1
5190,34,3841.33,4049.17,36,16.68,817,1179.07,16,1,24218.77,1204.43,4263.44,153170.01,outros,sim,solteiro,fundamental,estudante,centro_oeste,0
5191,59,3368.81,5412.62,19,10.68,677,1992.59,1,2,2451.32,2597.51,1470.18,1483.17,educacao,nao,solteiro,pos,autonomo,nordeste,0
5192,70,7249.29,8108.5,41,12.63,442,2071.29,12,4,30911.47,7822.91,2793.53,169775.4,consumo,sim,casado,pos,clt,sul,0
5193,46,2058.67,22028.46,26,23.82,489,1625.56,3,0,6609.23,4593.09,2613.31,117869.07,veiculo,nao,divorciado,pos,estudante,nordeste,0
5194,23,7052.63,40231.36,17,5.38,618,1520.54,9,0,9163.38,7753.41,2005.06,94731.98,consumo,nao,casado,superior,clt,centro_oeste,0
5195,39,7176.91,18059.72,11,22.45,594,2073.83,7,4,25611.42,8535.35,-559.67,116534.06,outros,nao,divorciado,pos,temporario,nordeste,0
5196,41,6348.16,21952.68,53,23.87,745,214.87,9,2,24874.19,1069.14,-1269.44,59753.45,casa,nao,viuvo,fundamental,clt,sul,0
5197,71,3561.95,29811.42,48,20.94,689,1364.67,13,0,23120.81,8517.4,-216.8,135742.05,consumo,nao,solteiro,pos,estudante,sul,1
5198,71,3330.26,16247.57,16,5.31,420,478.66,10,4,189.21,3654.06,307.54,50291.58,outros,sim,solteiro,fundamental,autonomo,nordeste,0
5199,50,4421.9,22180.47,42,21.82,602,694.01,6,1,8728.35,6435.31,-336.97,204032.56,consumo,sim,divorciado,pos,estudante,norte,0
5200,72,2468.93,20077.18,64,21.36,638,2381.68,11,0,12071.36,3926.59,-298.87,171564.12,casa,nao,solteiro,pos,temporario,sudeste,0
5201,42,3068.95,18055.7,59,4.31,812,188.61,10,3,14011.68,5724.25,2945.45,194442.41,outros,nao,casado,superior,clt,norte,1
5202,41,5960.52,20171.89,35,25.41,683,892.27,1,3,2587.72,6193.01,1745.12,157342.29,veiculo,nao,solteiro,pos,temporario,sul,0
5203,65,5968.83,3005.86,9,7.17,492,538.12,11,0,23638.23,1630.37,151.61,17803.45,casa,sim,solteiro,fundamental,clt,centro_oeste,0
5204,56,2910.77,42824.86,47,27.06,496,1503.37,6,3,31193.74,4164.55,39.19,114651.37,outros,sim,solteiro,fundamental,autonomo,centro_oeste,0
5205,47,6017.02,46969.28,40,5.7,546,2138.68,2,1,34638.53,2256.03,-682.77,154850.22,negocios,sim,solteiro,fundamental,temporario,centro_oeste,0
5206,44,5617.75,41743.58,66,9.71,580,1086.86,9,1,27929.31,1514.1,3596.06,135770.28,outros,sim,divorciado,fundamental,temporario,centro_oeste,1
5207,58,7517.8,2761.27,42,20.57,463,2122.27,9,3,7091.0,5531.52,1912.3,150612.64,veiculo,nao,divorciado,fundamental,temporario,nordeste,0
5208,60,5824.45,36665.29,54,7.29,735,1201.35,13,0,17895.0,6282.24,3383.46,117849.26,veiculo,sim,viuvo,fundamental,autonomo,nordeste,1
5209,45,6705.45,28576.06,40,8.44,447,2288.98,7,0,32050.73,2689.33,1152.03,139266.63,casa,sim,viuvo,superior,temporario,nordeste,0
5210,19,5658.74,6784.96,41,4.27,446,2144.91,13,4,2330.85,562.27,-1136.93,123378.87,consumo,nao,divorciado,pos,estudante,nordeste,0
5211,23,6563.87,44945.09,26,23.84,470,594.86,5,4,7991.53,8751.46,4619.68,17220.02,consumo,nao,viuvo,fundamental,temporario,nordeste,0
5212,26,2483.19,37817.88,32,4.9,473,2233.35,10,4,9265.73,4536.22,-1475.68,128753.91,consumo,sim,divorciado,pos,clt,sudeste,0
5213,44,4580.86,9110.98,25,19.18,645,626.75,17,3,21335.15,6040.52,1066.39,102514.01,veiculo,nao,viuvo,fundamental,estudante,nordeste,0
5214,53,4729.83,46363.89,36,17.98,747,1317.72,10,0,33303.2,1139.39,2764.03,111032.0,outros,sim,divorciado,superior,autonomo,norte,0
5215,63,4361.25,8242.04,68,16.27,797,634.73,12,1,16890.65,5771.85,3383.06,16424.87,negocios,sim,viuvo,medio,estudante,sul,0
5216,31,5599.0,23187.93,28,13.0,743,1076.59,6,4,19736.41,6982.1,1957.65,198869.77,consumo,nao,solteiro,medio,estudante,sudeste,1
5217,62,5941.88,9733.4,36,11.19,694,2466.6,12,3,22395.17,902.8,4431.45,184559.23,educacao,sim,viuvo,medio,clt,sudeste,0
5218,55,5506.06,9333.68,68,26.97,656,1955.13,15,4,29803.67,4950.36,1940.79,11005.91,casa,nao,viuvo,superior,estudante,nordeste,0
5219,20,4481.5,46535.16,15,22.85,543,1465.45,15,2,10021.57,1707.11,4719.38,197887.47,casa,sim,solteiro,medio,estudante,centro_oeste,0
5220,38,3475.69,28531.59,22,26.15,586,2350.31,16,2,21918.71,1748.82,125.48,185602.47,consumo,nao,viuvo,superior,clt,sudeste,0
5221,35,6774.93,14292.46,38,21.61,768,1014.51,5,3,32385.51,5725.81,1885.79,170915.8,casa,nao,casado,superior,clt,centro_oeste,0
5222,68,5429.52,37826.17,33,23.9,462,581.84,15,3,32862.7,5763.69,-1558.69,204655.56,outros,nao,solteiro,pos,clt,centro_oeste,0
5223,70,2966.5,42323.62,28,27.14,750,2103.17,6,3,13392.5,5207.05,2709.66,145132.85,consumo,sim,divorciado,superior,autonomo,sul,0
5224,64,4451.36,44250.98,57,14.89,744,208.25,15,0,3912.8,4836.44,1339.94,26960.73,educacao,sim,solteiro,superior,temporario,nordeste,1
5225,48,1662.06,44950.82,38,25.77,443,2046.66,0,1,32353.71,4494.9,3513.27,35173.66,veiculo,sim,divorciado,fundamental,estudante,norte,1
5226,46,4863.67,43703.97,30,5.03,516,230.71,16,2,32233.79,4590.38,3990.2,15825.34,consumo,nao,divorciado,superior,temporario,norte,0
5227,35,4442.92,31571.42,37,6.59,544,839.76,3,3,3403.54,3342.91,1577.48,92239.37,educacao,sim,divorciado,superior,temporario,sudeste,0
5228,62,3765.96,18082.23,64,15.77,785,1004.76,3,4,2847.02,2687.3,2945.76,36023.63,educacao,nao,viuvo,pos,estudante,norte,0
5229,22,7652.28,44613.33,70,14.9,595,918.99,10,1,6479.84,2757.98,3909.85,7605.83,consumo,nao,divorciado,superior,clt,sudeste,0
5230,33,2718.92,8073.59,22,14.52,730,744.76,9,3,22639.71,8218.85,4726.87,113700.27,veiculo,nao,divorciado,fundamental,clt,sul,1
5231,25,6071.51,10180.39,8,16.89,660,430.97,2,3,10591.75,2767.02,-980.0,67542.66,educacao,nao,casado,superior,clt,nordeste,0
5232,46,8736.07,22239.15,8,16.92,452,187.38,9,1,8406.98,3683.37,2473.7,43697.56,negocios,sim,casado,pos,estudante,sudeste,0
5233,35,6739.08,15406.75,35,24.89,686,1977.33,14,0,27987.06,4784.71,5413.62,154244.02,negocios,sim,solteiro,superior,autonomo,nordeste,0
5234,29,4743.23,30515.84,47,12.3,674,1240.04,8,3,8536.06,6812.89,415.43,126103.11,negocios,sim,casado,pos,autonomo,centro_oeste,0
5235,39,2758.68,43691.24,9,11.59,768,555.71,10,1,33614.6,7105.33,3103.16,121333.1,educacao,sim,solteiro,superior,autonomo,centro_oeste,1
5236,67,2348.29,24841.93,39,20.85,788,370.65,15,1,15345.34,6634.27,402.06,77660.54,outros,nao,casado,fundamental,autonomo,centro_oeste,0
5237,49,4059.21,27701.11,32,19.56,654,825.98,3,1,14790.79,3075.76,4470.01,166209.9,educacao,nao,solteiro,fundamental,estudante,sudeste,0
5238,64,3563.4,21752.58,67,23.92,771,1002.15,5,1,33027.23,1886.28,3998.28,33520.53,consumo,sim,viuvo,medio,temporario,nordeste,0
5239,70,3504.82,34694.4,45,11.42,475,1250.49,16,0,4204.55,7444.73,5606.17,97778.02,outros,nao,casado,fundamental,temporario,centro_oeste,0
5240,69,4212.64,7081.34,33,4.15,665,414.44,2,0,4023.0,7933.14,3651.88,85161.72,negocios,sim,viuvo,medio,estudante,sul,0
5241,38,4615.96,4710.84,44,26.66,651,2453.42,4,4,15175.05,8259.87,2015.14,175206.35,outros,nao,solteiro,medio,temporario,centro_oeste,0
5242,68,5673.38,31680.9,14,5.06,488,803.49,4,0,20547.34,7795.91,2420.71,40995.31,consumo,nao,viuvo,pos,autonomo,centro_oeste,0
5243,69,2571.97,26836.97,37,20.32,635,1203.81,14,2,17782.28,3571.7,4279.44,217147.42,casa,sim,solteiro,medio,autonomo,sul,0
5244,72,3571.96,21034.79,27,11.72,692,1824.92,2,2,33421.95,1804.8,3955.5,34973.55,veiculo,nao,solteiro,superior,clt,centro_oeste,0
5245,38,4512.59,17696.67,17,14.16,586,899.64,6,3,34760.7,6198.64,-881.08,96807.55,outros,sim,casado,superior,autonomo,sudeste,0
5246,31,4448.13,4857.24,31,24.11,686,371.39,7,1,1430.26,6020.05,533.2,133443.95,casa,sim,casado,superior,temporario,nordeste,0
5247,51,8105.56,33465.31,48,14.07,718,1053.57,1,4,5791.84,2607.14,3523.44,92958.61,consumo,nao,viuvo,superior,autonomo,norte,0
5248,71,5218.04,21676.77,44,7.46,655,1462.66,2,3,19377.04,5771.88,-1013.12,192704.08,veiculo,sim,viuvo,superior,temporario,norte,0
5249,69,1895.54,22759.7,69,22.11,579,2132.87,6,2,33254.55,8985.06,3346.99,141734.6,veiculo,sim,divorciado,pos,autonomo,nordeste,1
5250,50,5552.73,43151.74,24,4.49,526,1033.59,1,4,9796.79,1932.54,4934.83,149887.57,consumo,sim,solteiro,medio,estudante,sul,0
5251,26,5782.19,36058.43,52,10.59,684,2243.69,17,1,12847.58,3717.91,1068.4,193918.9,negocios,sim,viuvo,medio,estudante,nordeste,0
5252,42,4574.77,12484.66,42,16.91,780,1446.89,8,2,8087.1,3823.92,-99.58,28394.27,consumo,nao,casado,fundamental,temporario,sudeste,1
5253,58,2615.89,32401.08,63,14.51,604,1844.57,0,2,33859.88,2315.02,4861.34,98351.71,veiculo,nao,divorciado,fundamental,autonomo,norte,0
5254,49,7964.5,8517.62,65,18.89,621,249.98,10,0,5384.98,7198.59,1955.93,88404.55,veiculo,nao,viuvo,fundamental,temporario,sul,0
5255,37,2874.21,11329.91,52,13.15,784,2258.09,13,0,19759.72,6512.07,4691.6,165201.65,consumo,nao,solteiro,fundamental,estudante,norte,1
5256,37,5989.39,34993.79,33,13.37,538,675.2,10,4,803.39,2344.24,-1190.84,185302.19,casa,sim,divorciado,medio,estudante,nordeste,0
5257,21,5160.09,8228.01,41,12.37,743,936.02,10,0,21058.55,7791.26,-148.07,98980.14,veiculo,sim,divorciado,medio,autonomo,norte,1
5258,34,5881.46,15248.82,49,25.29,522,1394.88,1,0,13735.85,4119.3,-1791.88,25762.76,consumo,nao,divorciado,pos,autonomo,sudeste,0
5259,56,7872.34,43361.74,59,4.42,523,2406.81,13,0,19797.77,5182.72,1695.55,167481.99,negocios,sim,casado,medio,temporario,centro_oeste,0
5260,31,5810.95,36093.35,21,26.55,532,981.97,17,2,2808.88,6321.59,5080.37,172305.95,casa,sim,casado,pos,clt,centro_oeste,0
5261,74,3794.4,44790.41,63,12.6,441,691.56,6,1,3187.45,7930.34,3233.16,60598.42,outros,sim,divorciado,superior,autonomo,nordeste,0
5262,22,6790.79,42623.42,58,12.76,604,2408.89,2,1,3228.48,2428.1,-1660.85,37728.11,veiculo,nao,solteiro,fundamental,temporario,sudeste,1
5263,51,3664.02,16722.36,11,21.42,561,2055.64,3,4,29231.49,5534.94,-1606.99,31105.22,casa,sim,divorciado,medio,temporario,sudeste,1
5264,46,5094.4,31273.17,23,13.32,512,1719.13,11,4,25346.2,6208.39,3818.44,22244.08,outros,nao,viuvo,medio,temporario,norte,0
5265,65,2472.45,19730.65,21,18.8,722,1130.36,11,4,4493.1,8034.24,-1076.16,63902.8,educacao,sim,solteiro,superior,temporario,centro_oeste,0
5266,68,2940.09,34218.25,44,25.69,626,1155.46,15,1,11061.62,7064.49,-82.05,157549.92,negocios,nao,solteiro,superior,estudante,norte,0
5267,48,4892.5,18354.79,19,24.31,498,2385.56,7,0,15275.13,8272.69,3647.77,62885.02,veiculo,sim,divorciado,fundamental,temporario,centro_oeste,0
5268,53,5462.56,2559.94,25,16.37,496,339.98,15,4,3452.25,1139.48,140.82,184283.02,veiculo,nao,divorciado,superior,clt,norte,0
5269,57,1735.7,6774.19,18,21.2,743,1937.4,4,2,29399.08,4116.38,2023.49,73532.97,educacao,sim,solteiro,superior,estudante,centro_oeste,0
5270,47,5695.12,37581.06,10,13.42,528,1574.67,9,4,12702.77,3103.79,1283.38,155139.02,casa,nao,divorciado,fundamental,autonomo,sul,0
5271,28,3325.03,6322.24,36,22.63,577,2426.77,11,0,23467.17,4726.06,881.46,46560.25,veiculo,sim,solteiro,superior,clt,norte,0
5272,42,7103.44,29773.73,27,8.08,467,1475.5,4,4,22469.15,7391.89,170.18,25154.88,casa,sim,casado,fundamental,clt,nordeste,0
5273,31,4166.46,41528.92,39,5.1,741,830.85,6,1,32000.55,4686.77,1378.61,53121.74,veiculo,sim,solteiro,medio,temporario,centro_oeste,0
5274,44,2777.48,36220.11,19,16.98,562,1989.41,14,3,25967.72,798.79,-374.27,137781.43,outros,sim,viuvo,superior,temporario,nordeste,0
5275,53,4936.45,21311.47,24,9.17,701,2466.66,10,0,1205.03,6201.97,5646.51,146122.25,consumo,sim,viuvo,superior,clt,sul,0
5276,29,3150.78,11991.49,64,21.49,582,2285.29,11,3,5427.43,587.49,668.01,136461.76,negocios,sim,solteiro,superior,clt,centro_oeste,0
5277,32,7084.1,44475.46,59,6.43,740,863.79,11,2,15570.86,1330.9,3886.0,92875.48,educacao,sim,divorciado,superior,autonomo,sudeste,0
5278,64,4800.95,28271.19,23,4.2,581,983.53,14,4,3255.7,6685.69,482.69,123108.25,consumo,sim,casado,superior,temporario,norte,0
5279,39,4526.98,20946.61,16,20.22,778,1931.18,17,0,13714.05,7563.5,245.12,207122.99,negocios,sim,solteiro,medio,clt,norte,0
5280,29,5865.24,45363.63,70,16.02,709,1567.8,7,1,34209.56,3203.97,1965.16,16451.56,educacao,nao,divorciado,medio,temporario,nordeste,0
5281,58,2991.09,12283.31,50,26.85,612,206.94,6,3,7191.38,5336.55,3913.59,18171.28,outros,sim,viuvo,pos,clt,norte,0
5282,58,2479.52,22623.83,38,9.94,613,509.12,16,4,24665.57,5151.07,-1769.44,108558.45,veiculo,nao,solteiro,medio,autonomo,sudeste,0
5283,65,5535.03,7443.38,52,6.96,668,378.34,8,4,9097.86,972.58,-465.34,176424.1,outros,sim,solteiro,superior,autonomo,sul,0
5284,61,2820.59,8182.05,20,4.55,697,594.65,16,0,1195.66,5131.2,4239.71,193280.4,outros,sim,viuvo,superior,clt,sul,0
5285,74,2819.98,20636.13,34,14.66,702,887.39,15,0,3444.28,593.25,953.14,160703.28,veiculo,sim,solteiro,superior,clt,sudeste,0
5286,50,6306.16,34334.55,31,6.42,433,2423.9,13,1,3636.32,7469.75,4872.07,48594.22,casa,nao,casado,fundamental,temporario,sudeste,0
5287,34,5745.12,17919.67,53,22.62,525,1749.41,12,0,10465.49,6859.14,-760.77,166953.35,educacao,sim,viuvo,superior,autonomo,sudeste,1
5288,67,2543.11,33876.71,18,5.73,594,307.05,16,2,33619.27,2911.55,4541.35,47861.23,educacao,sim,divorciado,fundamental,temporario,norte,0
5289,33,3685.56,39136.17,38,26.1,634,1589.09,4,2,21723.13,2729.81,3052.44,3292.3,casa,nao,solteiro,superior,clt,nordeste,0
5290,34,3173.28,42429.8,61,16.98,455,1193.06,8,4,4304.89,2116.04,-485.78,33537.07,casa,nao,solteiro,medio,clt,norte,0
5291,65,7997.37,4534.74,18,20.71,499,1929.37,9,0,2458.97,8598.48,-1703.72,213002.06,veiculo,sim,divorciado,medio,autonomo,sudeste,0
5292,68,6430.82,37704.79,13,7.14,604,2230.71,3,1,33977.12,7689.2,5074.84,157156.38,consumo,nao,divorciado,superior,temporario,sudeste,0
5293,37,4042.48,9194.97,60,6.15,598,331.29,9,1,5997.67,7620.76,453.28,32312.19,outros,nao,divorciado,superior,autonomo,sudeste,0
5294,59,5837.15,34270.93,63,12.49,666,2453.44,11,2,9466.06,4462.81,82.65,68314.31,veiculo,nao,solteiro,fundamental,estudante,nordeste,0
5295,70,2358.86,19410.64,34,16.49,447,314.34,9,1,29458.99,7397.93,-365.98,194271.27,negocios,sim,viuvo,superior,estudante,centro_oeste,0
5296,63,3589.24,34704.6,9,17.81,738,1879.11,11,3,19421.29,5528.29,969.08,156993.25,casa,nao,casado,medio,estudante,sudeste,0
5297,18,4988.75,12229.0,41,11.91,540,2275.27,1,4,7933.56,3045.43,2286.1,53624.0,casa,sim,viuvo,superior,clt,nordeste,0
5298,55,5614.02,31847.08,25,10.54,640,1923.99,8,3,23256.02,4158.7,1925.98,214943.62,veiculo,sim,viuvo,medio,estudante,nordeste,0
5299,27,4624.57,8210.89,44,27.55,798,529.83,16,3,13003.51,3977.26,4839.51,128057.08,outros,sim,solteiro,medio,clt,sudeste,0
5300,66,5246.42,10223.42,15,10.54,571,662.54,4,0,20354.95,3490.51,-260.75,120865.13,casa,sim,divorciado,pos,estudante,sul,0
5301,21,4941.01,30458.02,59,7.31,545,275.54,8,4,3387.06,2559.52,4022.94,129041.61,outros,nao,casado,fundamental,temporario,nordeste,0
5302,74,4505.56,17823.1,51,12.63,525,484.09,11,2,30806.99,3885.08,5291.89,161228.77,outros,nao,divorciado,pos,estudante,sul,0
5303,28,4266.94,34521.9,48,11.29,680,321.56,11,0,20841.67,5593.98,-1512.46,57938.55,veiculo,sim,divorciado,pos,autonomo,norte,0
5304,41,4032.72,33674.75,39,14.12,802,304.44,3,3,151.73,2167.59,4059.48,5268.86,casa,sim,viuvo,superior,temporario,sudeste,0
5305,31,5217.49,30784.35,20,18.97,643,1484.1,2,2,19567.67,1705.69,340.94,143123.39,educacao,nao,divorciado,pos,autonomo,sul,0
5306,64,5539.47,35739.59,67,18.48,499,357.94,13,4,12672.53,6366.94,1692.0,104257.59,negocios,nao,solteiro,medio,autonomo,sul,1
5307,40,5157.05,38624.05,23,20.76,798,1166.14,9,3,31693.36,4973.88,-1323.62,178505.3,casa,sim,viuvo,pos,estudante,sudeste,0
5308,60,2678.53,43969.76,30,7.76,436,1826.42,16,4,4849.24,3493.44,495.91,204021.31,educacao,sim,solteiro,superior,clt,nordeste,0
5309,21,3001.93,6163.47,67,5.1,584,215.11,17,4,11679.98,8217.17,-925.64,134360.2,veiculo,sim,divorciado,superior,temporario,nordeste,0
5310,43,5517.99,28505.48,8,22.98,470,1662.2,2,1,26758.98,4421.22,16.32,130931.61,negocios,nao,viuvo,pos,estudante,norte,1
5311,69,7449.01,36569.35,14,9.21,433,1936.67,6,1,7883.17,3319.76,-1544.23,139940.35,educacao,sim,divorciado,superior,clt,norte,0
5312,70,5074.35,12370.84,56,11.58,819,1425.07,14,1,10960.42,2338.18,5523.26,17235.4,consumo,sim,solteiro,superior,temporario,nordeste,0
5313,29,4059.0,14494.76,30,14.94,454,1283.37,5,1,26993.46,3246.96,5183.51,79865.29,outros,nao,casado,pos,temporario,centro_oeste,0
5314,40,5203.81,14646.88,44,21.19,782,1875.55,3,3,24931.59,2826.85,3277.76,144642.5,casa,nao,viuvo,fundamental,estudante,centro_oeste,1
5315,41,2753.72,28541.15,44,7.93,637,1408.98,2,4,12588.89,7867.88,736.59,115936.44,veiculo,sim,viuvo,fundamental,temporario,norte,0
5316,50,7156.1,19160.76,60,25.66,548,1361.54,9,2,16359.5,8081.9,5557.75,172628.91,consumo,nao,divorciado,medio,estudante,nordeste,0
5317,48,5135.87,32807.31,46,11.72,765,2040.21,6,4,19332.3,4006.93,5780.16,26048.85,consumo,nao,casado,fundamental,temporario,norte,0
5318,24,3594.98,30265.91,34,27.58,421,2123.13,16,3,31078.53,2718.09,4397.34,140091.78,casa,sim,solteiro,fundamental,autonomo,sudeste,0
5319,61,4499.77,32398.59,42,10.85,696,1034.73,17,1,23152.71,1607.96,3516.53,184644.15,negocios,nao,casado,superior,temporario,sul,0
5320,30,3851.33,13980.45,54,21.42,726,1143.91,1,4,20737.46,6587.11,764.63,145933.46,negocios,nao,divorciado,fundamental,estudante,sul,0
5321,35,7161.01,37415.4,31,13.04,565,2037.76,16,2,28382.83,7972.24,5089.6,16963.55,consumo,sim,viuvo,pos,clt,sul,0
5322,65,4435.97,32713.62,17,24.08,540,1444.09,1,0,10651.45,3994.5,2099.34,145869.2,negocios,sim,casado,superior,clt,norte,0
5323,57,5079.66,8444.56,38,15.1,423,1773.41,12,3,15539.1,7936.64,3132.32,187106.15,casa,sim,solteiro,medio,clt,centro_oeste,0
5324,40,5832.71,11607.86,71,24.89,428,354.41,17,4,24032.89,2603.86,-448.7,32671.36,veiculo,nao,solteiro,superior,autonomo,centro_oeste,0
5325,70,3466.62,16193.91,13,22.09,437,401.26,6,1,14135.69,5674.06,-1632.79,136116.25,outros,sim,casado,fundamental,temporario,centro_oeste,0
5326,40,5148.68,45089.89,17,18.06,602,1413.78,2,1,16767.79,1189.28,5902.63,106981.43,casa,sim,viuvo,medio,autonomo,centro_oeste,0
5327,50,5293.98,17348.92,71,10.0,632,2080.61,1,3,5613.43,5286.56,3047.54,49387.29,educacao,nao,divorciado,pos,temporario,centro_oeste,0
5328,32,2002.66,3404.5,60,10.24,589,914.38,6,4,21350.78,5928.79,3545.4,97213.13,educacao,sim,casado,medio,estudante,norte,0
5329,28,5254.85,8943.97,13,27.79,701,2408.67,17,1,22408.22,5977.23,-1406.95,93033.45,outros,nao,viuvo,superior,clt,sudeste,0
5330,46,4717.63,3963.82,20,26.21,564,1943.95,8,2,29966.5,7119.67,1487.58,125728.9,educacao,sim,solteiro,medio,estudante,sul,0
5331,50,5033.94,20829.19,51,7.32,736,1993.57,7,3,2989.38,1305.33,417.19,164615.8,outros,nao,solteiro,pos,autonomo,norte,0
5332,63,4864.13,38770.48,57,8.9,681,2114.96,0,4,31485.28,2867.77,4718.04,21306.52,veiculo,nao,divorciado,pos,temporario,sul,0
5333,40,5266.51,22994.83,54,6.56,794,770.41,11,0,3007.51,6391.05,1987.16,44275.79,outros,sim,solteiro,medio,clt,nordeste,0
5334,69,7207.22,40674.23,62,8.83,710,946.36,3,0,26085.44,5532.64,1199.21,141257.57,consumo,sim,casado,medio,temporario,sul,0
5335,52,2676.89,4662.58,39,10.97,471,454.76,12,4,20615.58,8570.35,-646.76,27062.63,negocios,sim,solteiro,medio,clt,sudeste,0
5336,21,4184.13,23872.39,63,24.1,643,1062.43,14,2,14212.22,7165.52,1191.67,144600.11,negocios,sim,casado,fundamental,autonomo,nordeste,0
5337,60,5999.91,38311.93,45,6.28,682,263.13,13,3,32321.7,4503.33,1024.2,144536.8,casa,sim,casado,superior,clt,norte,0
5338,50,5665.67,33199.86,37,25.17,425,1923.45,9,0,15979.92,5036.85,4338.61,74058.72,outros,nao,divorciado,pos,estudante,centro_oeste,0
5339,40,5626.93,41303.56,48,27.33,437,2041.93,11,0,866.16,6107.44,4810.66,217509.34,negocios,sim,viuvo,pos,temporario,sudeste,0
5340,44,9756.44,14959.48,34,10.76,428,675.6,7,3,18220.6,586.94,1158.08,104255.55,casa,nao,divorciado,superior,estudante,sul,0
5341,35,5905.44,25288.71,46,14.95,488,1316.57,12,1,18636.04,3595.81,1400.22,211607.29,casa,nao,solteiro,superior,estudante,norte,0
5342,53,6835.69,33297.98,61,16.7,772,1739.02,12,4,26053.11,1536.17,5806.76,39323.05,educacao,sim,solteiro,fundamental,autonomo,centro_oeste,0
5343,50,4247.27,10166.29,69,8.94,516,1902.69,3,2,12538.71,2535.24,1149.94,205782.18,veiculo,nao,casado,medio,autonomo,centro_oeste,0
5344,43,3012.76,39619.21,44,21.56,494,2429.1,5,4,2587.76,7550.81,3103.21,126806.09,consumo,sim,viuvo,pos,clt,centro_oeste,0
5345,34,4234.23,16671.89,6,17.92,598,645.52,13,2,12231.35,5162.01,-748.59,217751.98,negocios,sim,casado,superior,estudante,sudeste,0
5346,40,6081.53,6745.48,47,6.69,579,752.4,7,3,21091.39,7813.91,1545.32,131528.66,veiculo,sim,casado,superior,clt,nordeste,0
5347,46,5532.29,37339.41,22,25.5,817,2161.0,4,3,19066.35,8054.95,84.46,204884.22,casa,sim,casado,superior,clt,centro_oeste,0
5348,44,5525.85,34578.32,21,11.25,461,405.53,17,0,29644.75,7350.57,94.71,76886.38,consumo,nao,solteiro,pos,estudante,nordeste,0
5349,35,4414.18,42707.43,64,7.75,756,2003.25,15,3,9457.08,6977.64,25.8,139230.55,veiculo,sim,casado,superior,autonomo,sudeste,0
5350,51,4127.16,43089.4,35,27.56,511,489.35,13,4,19924.21,1911.84,1902.65,7052.75,casa,sim,solteiro,superior,temporario,norte,0
5351,30,4476.26,15172.92,58,6.47,543,1257.57,7,1,34145.6,2788.99,494.32,128283.22,negocios,nao,casado,fundamental,temporario,sudeste,0
5352,46,6104.06,31682.01,30,5.43,614,1554.0,9,1,10978.22,6484.66,4571.0,82498.03,veiculo,nao,viuvo,pos,clt,nordeste,0
5353,24,6313.31,47960.1,46,9.7,810,1961.48,17,2,15263.5,3058.91,1699.98,181283.99,negocios,sim,solteiro,superior,temporario,centro_oeste,1
5354,44,2988.77,13593.2,49,11.66,514,445.71,9,3,34797.85,3688.77,-1372.12,109297.4,veiculo,sim,solteiro,superior,temporario,norte,0
5355,62,6172.22,24015.89,64,14.41,557,2091.81,14,1,5054.27,8458.99,1621.48,115085.54,educacao,nao,solteiro,superior,clt,centro_oeste,0
5356,64,3628.7,43912.57,18,20.44,683,2153.29,15,1,20075.6,6499.88,-1026.11,216309.4,casa,sim,divorciado,superior,autonomo,nordeste,1
5357,57,5644.06,7190.12,43,12.78,688,2020.92,14,4,12962.22,1406.4,-652.21,195912.99,casa,nao,solteiro,medio,clt,sul,0
5358,60,4454.46,44735.37,32,17.42,566,2354.56,10,4,1614.98,6630.22,-744.69,204934.55,veiculo,sim,solteiro,pos,temporario,centro_oeste,0
5359,21,7618.42,24711.08,36,4.14,472,2203.56,6,2,26627.4,7247.19,4383.89,37328.95,negocios,sim,solteiro,fundamental,clt,norte,0
5360,37,4047.47,43133.36,62,13.24,735,1961.71,6,1,6959.11,8263.16,1550.46,193646.89,negocios,sim,viuvo,medio,temporario,sul,0
5361,55,5121.5,30772.4,14,26.68,780,1524.06,14,1,31221.95,6323.55,-1792.38,94116.25,consumo,sim,solteiro,fundamental,temporario,norte,0
5362,63,5891.87,33050.32,42,22.6,660,2056.01,7,1,14624.7,1313.52,2191.34,187498.21,casa,nao,viuvo,fundamental,temporario,sudeste,0
5363,51,3226.87,37670.85,31,21.78,769,2442.77,4,2,5061.89,7004.85,-230.28,111898.75,educacao,sim,divorciado,medio,clt,nordeste,1
5364,66,4668.86,5554.69,65,11.31,521,1658.58,3,0,8610.51,6078.54,3795.21,146681.57,negocios,nao,casado,fundamental,autonomo,sudeste,0
5365,33,4320.15,31063.46,20,15.72,765,742.84,11,3,29150.52,4377.13,5544.71,55181.04,casa,sim,viuvo,medio,estudante,sul,0
5366,26,3875.14,44539.14,21,24.27,743,755.0,17,2,13085.78,6964.57,-471.33,42814.15,consumo,nao,solteiro,fundamental,estudante,norte,1
5367,22,4008.5,46003.63,11,25.12,780,2026.69,6,0,8969.35,4963.5,356.4,122628.85,veiculo,nao,solteiro,medio,clt,sul,1
5368,51,6801.63,46558.63,35,21.05,792,2475.52,11,1,8713.12,8424.47,3755.8,31524.44,veiculo,sim,solteiro,medio,estudante,norte,0
5369,55,3722.61,31885.4,6,14.96,558,667.92,5,1,20411.65,8418.57,3132.52,137446.1,consumo,sim,casado,superior,clt,sudeste,1
5370,34,5819.53,31314.55,39,5.76,468,2430.6,7,4,8988.85,2416.32,4661.0,7199.62,veiculo,sim,viuvo,fundamental,clt,nordeste,0
5371,62,5366.27,27637.16,20,6.86,719,802.43,7,4,32736.65,4244.95,3263.64,43991.34,casa,nao,divorciado,fundamental,clt,nordeste,0
5372,60,2285.44,30143.68,32,4.01,687,1137.7,6,3,1727.86,2187.42,-310.48,60540.71,outros,nao,divorciado,superior,temporario,centro_oeste,0
5373,38,5734.5,30351.37,45,12.62,679,2286.92,15,3,5454.92,3311.1,4715.78,37118.68,veiculo,nao,solteiro,fundamental,estudante,sudeste,0
5374,31,2255.68,4429.58,51,4.56,672,2411.41,16,4,15013.49,2396.29,-545.7,26028.72,casa,nao,viuvo,pos,temporario,sul,1
5375,60,5930.57,6543.64,10,14.44,436,1495.33,4,3,7289.67,4851.31,-1146.19,168014.35,veiculo,nao,viuvo,pos,clt,sudeste,0
5376,56,3887.06,30683.45,15,18.34,687,2384.21,6,1,27251.76,505.47,5528.15,92102.52,educacao,nao,casado,medio,temporario,nordeste,1
5377,27,4815.06,16796.85,26,18.3,613,2134.41,0,1,32078.99,7226.91,2753.64,56047.12,casa,sim,casado,superior,autonomo,nordeste,0
5378,32,2470.3,16214.86,40,17.33,432,2190.04,13,3,21006.49,1850.99,783.01,67024.75,consumo,sim,viuvo,superior,clt,nordeste,0
5379,45,5020.29,11301.55,64,9.43,762,2194.34,12,2,29890.68,2830.04,199.73,174627.29,veiculo,nao,casado,superior,autonomo,norte,0
5380,47,6468.51,38948.68,15,16.46,431,1076.1,15,2,28020.52,1986.74,-1139.3,49703.62,casa,sim,viuvo,pos,temporario,sul,0
5381,27,3347.46,46376.95,10,27.52,513,251.15,10,4,5551.94,3508.6,2567.71,167593.44,negocios,sim,casado,pos,estudante,norte,0
5382,72,3707.1,31062.99,47,14.67,537,561.99,16,4,2735.2,1154.77,4988.33,160586.61,casa,nao,casado,fundamental,temporario,sul,0
5383,40,5618.32,45516.61,70,24.99,733,352.77,2,3,22016.15,7800.71,3503.41,14856.61,consumo,sim,solteiro,medio,clt,sul,1
5384,39,5663.31,42716.73,60,13.15,452,742.36,6,1,34388.34,4027.06,4143.74,199335.27,veiculo,sim,solteiro,medio,clt,centro_oeste,0
5385,21,1200.0,12415.68,43,18.95,573,308.28,8,2,29116.77,8355.87,2867.7,124095.36,casa,sim,viuvo,medio,estudante,sul,0
5386,67,8427.73,9485.43,7,15.56,566,822.5,13,1,21570.5,899.17,-1722.9,184492.35,educacao,sim,casado,pos,autonomo,sul,0
5387,31,5751.4,12127.2,44,20.53,585,1546.39,3,2,3883.02,1967.06,1671.72,70000.98,consumo,nao,divorciado,pos,autonomo,nordeste,0
5388,74,6054.45,6877.53,36,25.54,768,507.26,5,1,27289.94,7604.53,-1520.85,151785.82,consumo,nao,divorciado,fundamental,temporario,centro_oeste,0
5389,46,4541.63,29021.0,35,14.58,550,912.52,1,2,23903.93,4442.39,-1165.84,132539.9,veiculo,nao,solteiro,superior,clt,sul,0
5390,67,1460.36,15360.58,38,22.18,561,700.0,16,2,32685.82,1005.27,-429.45,59407.49,casa,sim,divorciado,pos,clt,centro_oeste,1
5391,28,6014.5,44037.71,43,25.18,583,400.64,8,3,24829.25,896.78,5137.15,187355.71,negocios,nao,solteiro,fundamental,temporario,centro_oeste,0
5392,27,3782.66,30410.05,53,22.95,577,1748.55,0,4,3623.5,8106.25,-122.06,179052.4,casa,sim,viuvo,medio,estudante,centro_oeste,0
5393,63,5779.08,18862.28,18,4.59,801,2251.82,4,2,21321.85,2724.51,1723.75,147410.39,outros,nao,casado,superior,autonomo,norte,0
5394,64,4406.16,47301.15,10,4.0,527,1841.1,10,1,14131.67,3992.51,5036.53,190995.42,outros,sim,viuvo,superior,temporario,sul,0
5395,48,5228.47,45870.35,9,25.19,465,1767.38,8,0,14748.38,8124.58,3489.32,48183.06,educacao,nao,divorciado,pos,autonomo,nordeste,1
5396,19,3405.01,37926.99,32,21.5,588,2460.6,9,3,22153.37,6174.91,-765.34,156245.88,veiculo,nao,solteiro,pos,temporario,sudeste,1
5397,71,6355.9,38521.61,39,27.0,453,1876.56,1,4,31488.41,7048.81,1806.25,63397.97,veiculo,sim,viuvo,medio,temporario,sudeste,0
5398,40,2660.92,46965.79,57,11.02,739,289.28,15,1,26592.33,4507.76,4213.31,206683.31,consumo,sim,viuvo,pos,autonomo,norte,1
5399,71,8842.02,29820.76,34,22.91,776,686.33,14,0,780.61,6409.62,1662.3,124233.07,consumo,nao,divorciado,medio,autonomo,norte,0
5400,67,8828.31,42540.9,41,23.24,752,1658.91,3,0,5144.96,5466.71,-104.08,186804.77,negocios,nao,viuvo,fundamental,clt,sul,0
5401,66,7738.86,5449.66,70,24.58,741,1662.58,6,1,12711.58,1947.45,3219.38,39521.86,casa,nao,casado,fundamental,estudante,nordeste,0
5402,57,7095.86,27709.84,55,20.61,588,2111.63,1,4,23964.14,5367.84,1378.93,69981.92,casa,sim,solteiro,medio,estudante,centro_oeste,0
5403,56,4647.81,25364.49,51,7.32,699,548.5,2,3,22196.81,8367.46,2207.31,167870.24,casa,nao,divorciado,medio,clt,norte,0
5404,48,6899.78,4216.44,30,20.34,578,2456.42,15,3,17629.05,3434.48,-825.2,78929.37,negocios,nao,viuvo,medio,clt,nordeste,0
5405,19,4626.88,6456.32,16,18.51,761,1377.8,2,1,15054.66,4697.97,5259.34,19784.46,casa,sim,casado,medio,temporario,centro_oeste,0
5406,40,2003.67,3493.67,66,12.01,498,2315.36,6,4,27634.74,4036.72,5384.1,144572.59,consumo,sim,solteiro,medio,estudante,sul,0
5407,59,7505.76,15877.68,42,9.01,476,1408.08,17,2,3349.39,6353.34,565.3,24209.97,educacao,sim,solteiro,fundamental,temporario,centro_oeste,0
5408,64,6831.88,4934.76,11,25.24,810,613.64,5,2,20826.37,5829.65,482.36,122238.75,casa,nao,divorciado,fundamental,clt,sul,1
5409,49,4743.59,21753.77,37,7.41,564,994.36,12,4,28297.26,4554.98,-469.31,184061.07,casa,nao,divorciado,fundamental,temporario,sudeste,0
5410,58,2594.67,39479.96,12,14.13,544,693.11,1,3,9534.23,901.88,2769.49,128407.09,outros,sim,viuvo,medio,temporario,sul,0
5411,19,3744.84,30429.26,70,18.95,687,793.0,15,1,7078.8,2748.56,-247.38,110126.95,educacao,sim,solteiro,superior,temporario,centro_oeste,1
5412,44,1521.94,33157.44,40,27.32,557,2245.63,16,3,23571.09,3173.48,2993.03,50257.39,casa,nao,solteiro,superior,autonomo,norte,1
5413,46,6501.15,3933.55,57,20.1,718,1055.56,16,1,6147.08,6726.18,5576.73,35839.77,consumo,sim,divorciado,fundamental,temporario,sudeste,1
5414,68,1914.04,40698.45,37,11.32,591,603.8,11,3,17087.78,3868.44,-389.43,4100.62,casa,nao,divorciado,pos,autonomo,norte,0
5415,35,5316.3,9151.66,7,5.46,733,1025.74,17,0,32298.95,3715.59,-37.94,176159.05,veiculo,nao,casado,pos,estudante,sul,1
5416,31,3281.35,16270.61,48,11.62,452,1612.04,12,0,2124.06,4289.84,-1088.71,6686.7,consumo,nao,divorciado,pos,estudante,sul,0
5417,38,2231.93,26014.12,49,11.03,711,646.06,6,4,31820.25,4171.86,656.4,188914.45,educacao,nao,solteiro,medio,temporario,norte,1
5418,27,5229.04,44814.7,21,23.66,551,298.28,16,0,6662.73,6600.2,5076.62,87308.17,consumo,sim,divorciado,medio,estudante,sudeste,0
5419,49,4199.16,47915.79,53,13.04,589,2203.32,4,2,16882.15,6197.62,-1675.58,200250.61,outros,nao,casado,medio,estudante,sul,0
5420,54,6308.74,38111.06,20,6.36,792,734.99,15,0,4628.03,6984.38,3162.95,34343.67,consumo,nao,divorciado,pos,clt,sul,0
5421,63,2518.31,35683.8,51,24.88,612,2352.36,16,0,24845.41,2263.01,1195.39,178204.22,negocios,sim,viuvo,superior,autonomo,norte,1
5422,73,3436.83,26509.55,55,4.43,449,289.37,8,3,34922.08,6802.32,676.86,190427.85,negocios,nao,solteiro,medio,estudante,norte,0
5423,22,1200.0,32786.04,15,4.07,603,1689.94,4,1,10573.47,3017.68,-456.86,91922.07,consumo,sim,viuvo,medio,autonomo,nordeste,1
5424,32,1200.0,9071.3,25,15.39,516,1723.36,2,3,32364.3,500.53,4695.29,216160.77,negocios,sim,solteiro,pos,clt,sul,0
5425,35,8036.75,14748.42,16,5.66,609,541.99,9,2,25548.76,5936.47,4617.76,46504.13,outros,sim,solteiro,medio,clt,sudeste,0
5426,32,8550.48,47301.25,54,8.25,507,1723.34,12,3,33789.81,600.27,-1480.91,24535.23,consumo,sim,solteiro,superior,temporario,sudeste,0
5427,65,4966.91,47072.48,21,27.65,677,1079.32,10,3,23512.84,1332.95,2697.25,213692.33,veiculo,sim,solteiro,medio,estudante,sul,1
5428,25,3317.11,17195.24,48,24.26,514,1065.7,11,0,23870.2,849.62,1436.68,56405.63,consumo,nao,solteiro,medio,estudante,norte,0
5429,19,4262.79,13467.71,33,22.34,606,2215.75,0,2,33031.03,5654.09,-1751.32,6252.49,casa,nao,viuvo,fundamental,estudante,sudeste,0
5430,67,6372.43,12943.07,11,20.1,801,2389.6,0,3,25459.51,2267.04,581.63,86489.74,educacao,nao,casado,pos,autonomo,norte,0
5431,72,3874.1,24561.33,64,5.15,675,574.66,4,1,29660.82,7377.91,-333.45,218083.11,outros,sim,casado,medio,estudante,sul,0
5432,30,5227.74,12681.38,52,24.06,703,1767.11,16,0,9960.04,3528.61,4154.9,184938.2,negocios,sim,divorciado,fundamental,temporario,nordeste,0
5433,36,4777.04,32006.6,23,15.31,728,538.93,9,2,5910.85,3349.02,1689.05,21192.74,casa,nao,solteiro,superior,clt,norte,0
5434,46,3776.14,5904.3,64,6.36,787,261.2,6,4,22401.94,4875.74,4424.44,79167.02,outros,sim,solteiro,pos,temporario,norte,0
5435,47,3852.85,7217.31,52,11.22,774,526.91,11,1,8841.26,7087.84,5756.78,118013.57,veiculo,nao,casado,pos,clt,centro_oeste,0
5436,74,5327.98,15100.51,59,16.05,763,1652.4,7,1,15044.38,6419.38,1330.78,175204.42,veiculo,sim,divorciado,superior,autonomo,sul,0
5437,41,3041.6,37873.67,17,4.33,556,1865.33,2,0,29945.32,2255.62,2532.15,42305.56,veiculo,sim,solteiro,fundamental,clt,sudeste,0
5438,18,5613.11,17209.67,6,10.06,669,1356.33,9,3,22087.81,6989.81,5788.55,19999.81,veiculo,sim,viuvo,fundamental,estudante,norte,0
5439,42,3951.16,23922.16,10,12.06,747,2387.86,12,1,33035.71,4807.88,-503.05,161405.68,consumo,sim,solteiro,fundamental,clt,sudeste,1
5440,49,5029.26,32376.3,41,15.13,643,1952.88,16,0,12414.97,8892.94,-1377.44,4703.15,outros,sim,solteiro,medio,temporario,norte,0
5441,47,7291.13,38378.57,57,4.05,470,554.95,6,0,9821.77,4892.88,1863.01,113416.86,consumo,sim,casado,superior,temporario,sudeste,0
5442,47,4497.25,16473.46,66,17.57,623,662.42,3,1,7479.98,2932.54,2005.38,155391.89,casa,sim,solteiro,medio,estudante,centro_oeste,0
5443,70,6455.65,35759.11,69,8.74,506,1562.91,15,1,34172.91,6969.71,5446.39,146734.08,negocios,sim,casado,fundamental,autonomo,sudeste,0
5444,64,1574.34,15516.07,45,18.33,695,953.26,6,2,15037.33,748.97,1753.94,112218.98,negocios,nao,casado,fundamental,clt,centro_oeste,0
5445,32,3953.35,31823.21,47,9.74,763,182.07,2,2,32202.75,6659.37,1663.02,171886.97,educacao,nao,divorciado,superior,temporario,centro_oeste,0
5446,38,4849.84,23015.05,25,13.67,700,236.36,9,2,12071.84,5117.03,2085.31,129821.05,casa,nao,divorciado,pos,clt,sudeste,0
5447,56,8262.0,44661.57,6,18.97,640,1126.79,1,1,10070.45,1993.01,1675.84,181157.45,consumo,nao,solteiro,medio,temporario,sul,1
5448,41,1272.09,47185.25,18,19.76,659,1394.79,17,0,26979.22,704.88,5210.37,127774.97,consumo,nao,solteiro,fundamental,temporario,sul,1
5449,42,4626.82,37722.6,9,4.73,635,1695.7,14,3,21632.22,895.94,3018.88,95135.5,educacao,sim,solteiro,fundamental,autonomo,nordeste,1
5450,27,7422.04,44153.63,51,16.84,599,1950.48,7,2,18363.2,1195.19,4411.15,131501.55,casa,sim,casado,superior,estudante,nordeste,0
5451,32,3386.96,8710.94,39,23.6,510,2427.52,9,0,15407.71,4645.65,-593.94,93513.86,outros,sim,viuvo,pos,clt,nordeste,1
5452,60,4416.89,32278.11,56,8.95,690,2126.17,7,0,16325.2,6514.49,5032.61,46103.02,negocios,nao,viuvo,superior,estudante,sul,0
5453,66,5397.13,11525.74,15,16.77,559,1005.78,8,4,29205.72,1637.32,5766.36,103708.28,negocios,sim,viuvo,pos,temporario,nordeste,0
5454,62,5132.12,15102.07,66,14.74,482,1420.49,16,4,5358.96,1851.24,5663.66,208577.8,consumo,nao,divorciado,superior,autonomo,nordeste,0
5455,35,7618.39,26288.46,53,24.4,740,680.93,13,0,1786.46,7419.22,5865.64,129342.02,consumo,nao,divorciado,medio,temporario,sudeste,0
5456,25,5607.25,36260.42,65,14.53,640,2427.51,11,2,208.21,2437.35,3639.18,160241.33,casa,sim,solteiro,fundamental,estudante,nordeste,0
5457,27,7189.99,35327.98,48,26.65,628,1422.23,17,2,17325.1,7537.18,3437.74,144604.22,veiculo,nao,casado,fundamental,autonomo,sudeste,0
5458,40,4151.98,42060.4,28,19.66,627,759.23,2,2,28630.14,1307.88,-1274.76,101506.49,consumo,sim,divorciado,medio,estudante,nordeste,1
5459,47,3467.05,27947.01,47,17.47,451,1859.78,16,4,23483.95,7613.89,406.78,89585.62,outros,nao,solteiro,superior,estudante,sul,0
5460,68,4393.7,44648.59,45,11.01,633,1311.91,3,2,34665.71,6726.96,4339.0,43643.18,outros,nao,casado,pos,temporario,sul,0
5461,69,2713.61,42898.93,17,18.32,637,2492.4,4,1,21348.79,1755.17,1016.57,3402.77,casa,sim,divorciado,fundamental,autonomo,nordeste,0
5462,18,5670.32,41132.12,12,7.15,624,353.33,11,3,17818.24,3372.52,3040.05,189896.07,negocios,nao,viuvo,fundamental,clt,sul,0
5463,58,4105.42,12943.16,48,13.99,422,958.3,2,4,20356.81,3331.45,2774.61,61072.27,veiculo,sim,viuvo,fundamental,autonomo,sudeste,0
5464,35,3590.78,26680.88,12,10.83,720,2365.1,8,0,30876.05,1637.67,2729.55,130203.29,educacao,sim,viuvo,fundamental,temporario,sul,0
5465,29,5697.59,35998.77,12,20.09,665,1249.98,6,4,512.35,3705.51,1089.38,101694.19,veiculo,nao,divorciado,fundamental,autonomo,sul,0
5466,49,2741.31,46912.66,10,22.34,722,903.36,0,3,16327.5,6261.6,5101.61,24008.62,casa,sim,solteiro,pos,autonomo,nordeste,0
5467,19,6186.9,3029.95,47,26.29,621,1583.3,3,4,14390.95,6709.67,141.85,7801.51,outros,sim,solteiro,fundamental,clt,sul,0
5468,37,3938.99,17383.71,67,9.33,551,1721.63,8,4,33366.12,2224.68,4208.88,207148.02,educacao,nao,viuvo,pos,autonomo,centro_oeste,0
5469,49,6886.37,18076.94,38,25.23,753,395.31,1,0,6554.08,6635.17,-1602.05,79625.25,casa,sim,divorciado,superior,autonomo,centro_oeste,0
5470,33,4093.07,15628.32,16,24.3,560,781.78,16,2,894.13,2766.62,4739.57,69111.71,outros,sim,viuvo,superior,estudante,sudeste,0
5471,51,5937.44,39692.81,39,24.7,601,896.82,7,0,22108.86,861.28,4113.32,18694.57,veiculo,nao,divorciado,fundamental,clt,sul,1
5472,44,5123.21,4550.75,37,21.77,426,750.28,13,0,21875.66,2154.39,5835.81,630.5,veiculo,sim,solteiro,pos,estudante,sul,0
5473,63,6139.02,18854.28,45,10.43,485,1068.28,3,4,11176.84,3409.02,-857.94,159245.01,consumo,nao,divorciado,pos,temporario,sudeste,0
5474,28,4997.9,34881.65,34,25.07,465,956.52,10,1,18891.26,805.22,4468.15,195061.54,negocios,nao,viuvo,pos,temporario,sudeste,0
5475,21,1805.88,21006.66,41,18.39,589,1876.9,2,0,20883.63,1310.07,610.4,56029.17,veiculo,sim,solteiro,medio,temporario,sul,0
5476,48,6615.83,9054.89,27,21.77,524,1569.53,3,4,12356.37,3528.1,133.85,98402.67,consumo,nao,solteiro,fundamental,autonomo,sul,1
5477,32,4642.17,30293.79,65,8.93,552,1175.73,12,2,14717.91,8358.99,-200.72,136551.24,consumo,sim,casado,medio,temporario,sudeste,0
5478,58,6221.13,26278.77,41,7.78,726,644.01,6,0,4962.91,5904.32,3803.74,36736.2,negocios,sim,solteiro,fundamental,autonomo,norte,0
5479,23,6042.44,47173.67,26,10.64,693,1155.88,17,1,26985.87,8442.21,5551.17,81462.32,consumo,sim,solteiro,fundamental,autonomo,norte,0
5480,50,3408.07,36557.94,6,16.27,739,598.72,17,0,13621.35,816.51,3286.92,107691.08,negocios,sim,viuvo,superior,clt,sudeste,0
5481,74,3153.37,47371.01,50,14.0,746,2388.98,2,3,22592.51,7878.82,273.31,141803.58,casa,nao,viuvo,fundamental,estudante,nordeste,0
5482,23,5979.64,10979.05,31,25.3,519,583.15,11,4,14932.04,1653.42,1318.68,216035.79,veiculo,sim,casado,superior,clt,sudeste,0
5483,35,4254.15,37152.57,22,4.31,666,2172.13,14,1,5678.95,2514.03,79.98,109316.23,casa,sim,solteiro,fundamental,autonomo,norte,0
5484,66,6485.57,27599.54,37,5.92,767,1608.15,4,4,24522.39,1352.68,-1255.66,56586.03,casa,sim,viuvo,pos,clt,sudeste,0
5485,48,4479.24,34919.18,38,11.81,541,2061.1,15,1,14606.78,3995.18,4185.13,143744.5,consumo,nao,viuvo,superior,estudante,sudeste,1
5486,27,6642.14,23773.59,59,8.03,570,2241.46,13,2,6487.43,2220.84,-985.16,25245.08,veiculo,nao,casado,medio,temporario,nordeste,1
5487,30,5561.95,12163.78,41,13.76,632,2045.25,5,1,32672.4,6784.5,3264.58,1232.96,negocios,nao,viuvo,pos,temporario,nordeste,1
5488,61,5318.35,4581.02,52,21.22,739,1547.16,1,0,31266.18,6916.87,1540.52,82752.6,veiculo,nao,divorciado,fundamental,clt,nordeste,1
5489,67,4126.78,40642.12,48,27.84,478,799.43,7,0,25450.54,2969.14,-1233.35,15312.2,veiculo,nao,divorciado,pos,estudante,norte,0
5490,38,5218.37,39573.78,62,8.85,606,1711.21,6,2,20162.16,7298.21,551.77,105007.44,educacao,nao,divorciado,fundamental,clt,sudeste,0
5491,45,6947.13,9895.56,6,10.38,516,191.24,9,0,21881.62,1891.06,-1211.48,71900.01,veiculo,nao,casado,pos,autonomo,centro_oeste,0
5492,62,4702.41,31855.73,30,22.45,705,1055.72,4,4,12607.25,842.15,3108.22,196725.48,outros,sim,viuvo,pos,estudante,centro_oeste,1
5493,28,5756.11,36066.88,53,10.53,516,2170.48,5,4,9203.25,1902.85,3404.06,39233.1,outros,nao,solteiro,superior,autonomo,nordeste,1
5494,29,4883.45,27871.94,15,20.89,562,1526.84,16,1,20722.24,2589.1,5179.16,152625.2,veiculo,sim,solteiro,superior,temporario,sudeste,1
5495,62,5024.29,16933.92,35,18.0,558,784.65,15,1,25900.28,927.79,432.07,138939.64,veiculo,sim,solteiro,medio,clt,centro_oeste,0
5496,28,7902.14,42583.04,32,24.52,448,2249.86,13,0,17330.01,1433.18,-425.92,218931.8,educacao,sim,solteiro,fundamental,temporario,sul,0
5497,61,6963.11,31731.05,59,4.8,687,215.42,6,2,31344.16,3072.97,1901.81,125166.75,veiculo,sim,viuvo,superior,temporario,sudeste,0
5498,46,4942.93,35269.9,69,27.51,521,2228.39,8,4,13594.22,7745.8,4552.41,177600.74,veiculo,nao,viuvo,superior,temporario,sul,0
5499,74,5186.02,32171.21,13,27.14,616,1941.93,5,1,13176.52,7771.51,2613.51,77272.06,educacao,sim,solteiro,medio,temporario,norte,1
5500,19,3536.63,35318.63,20,4.54,698,519.59,7,3,14893.24,8945.39,5562.98,15885.58,veiculo,sim,casado,superior,estudante,norte,1
5501,71,4488.65,9100.56,57,15.99,734,325.94,9,1,24646.95,1333.06,-1107.82,88989.72,veiculo,sim,solteiro,medio,temporario,sul,0
5502,30,5356.92,44478.05,17,13.63,787,2386.87,15,2,960.97,515.65,3810.26,147953.82,educacao,sim,divorciado,medio,temporario,nordeste,1
5503,19,6331.1,15504.39,38,10.1,470,335.52,14,2,12383.33,5307.7,3372.11,55956.0,casa,nao,viuvo,medio,clt,nordeste,0
5504,59,6148.6,40563.08,68,27.47,671,2439.13,3,4,26002.16,5627.59,98.6,30521.7,negocios,sim,solteiro,pos,clt,nordeste,0
5505,48,2803.33,43148.98,70,8.19,551,1155.86,17,2,19416.79,2507.49,-178.24,23066.07,outros,nao,casado,superior,clt,sudeste,0
5506,65,6558.57,32130.67,68,10.33,727,1000.13,1,3,10845.76,7274.85,1179.76,116366.62,consumo,nao,divorciado,medio,temporario,sul,0
5507,24,4640.21,29722.68,14,4.2,575,1688.1,0,4,22985.16,8625.6,715.67,73696.2,negocios,sim,viuvo,superior,temporario,centro_oeste,0
5508,22,3023.42,7461.69,15,17.93,425,1330.83,15,4,31539.61,3319.34,812.83,168056.23,consumo,sim,solteiro,pos,autonomo,nordeste,0
5509,50,7205.49,22348.07,17,24.66,762,1084.91,5,4,17679.43,8539.6,3833.22,140545.56,consumo,nao,divorciado,fundamental,temporario,sul,0
5510,68,7433.9,30329.82,56,18.93,724,1665.18,15,0,25873.23,1386.33,-1095.61,206313.39,outros,sim,viuvo,medio,estudante,nordeste,0
5511,41,5274.74,6225.05,17,19.64,552,992.15,1,0,6944.55,4542.95,4036.95,215638.17,outros,nao,viuvo,medio,autonomo,sul,0
5512,63,6075.83,7571.52,34,5.59,754,259.7,4,2,16554.82,2175.93,2095.42,132.76,educacao,nao,divorciado,superior,autonomo,norte,0
5513,69,6181.41,47703.4,60,21.16,584,2093.16,14,1,10195.26,5467.67,-442.92,51741.22,consumo,nao,viuvo,fundamental,clt,norte,0
5514,67,7312.39,17616.65,38,13.82,585,1373.96,3,3,34747.62,1104.61,3421.83,53171.33,consumo,nao,divorciado,pos,estudante,sul,0
5515,46,6110.52,18412.83,68,15.37,539,1773.11,9,2,7655.67,4787.08,1115.48,193411.17,outros,sim,solteiro,fundamental,clt,sul,0
5516,57,2410.16,13944.58,38,18.04,617,1514.4,12,2,33159.37,1971.96,-763.08,29172.41,consumo,sim,solteiro,superior,estudante,centro_oeste,1
5517,47,8417.65,31893.9,31,27.41,817,1604.93,6,0,14305.23,4048.33,2785.01,91857.17,veiculo,nao,viuvo,fundamental,estudante,centro_oeste,0
5518,56,6718.18,24024.95,69,21.96,440,687.94,2,1,17442.2,6348.44,695.52,11715.65,negocios,nao,casado,superior,clt,norte,0
5519,50,3882.86,38464.61,42,20.41,657,2348.41,14,2,18336.21,3337.17,411.94,105189.44,outros,nao,divorciado,pos,estudante,centro_oeste,0
5520,47,2946.67,25818.51,18,14.37,489,1218.72,11,3,8463.32,5093.8,1926.73,8451.13,veiculo,nao,solteiro,superior,estudante,centro_oeste,0
5521,42,5708.66,3201.43,47,4.83,469,2314.62,16,0,8362.78,8757.7,2254.89,159413.85,veiculo,nao,divorciado,medio,autonomo,centro_oeste,0
5522,55,4299.13,24462.28,57,16.93,442,2052.05,12,3,13161.18,7940.19,3682.31,113980.97,casa,sim,casado,superior,temporario,centro_oeste,0
5523,60,5393.99,5011.02,61,19.86,529,1850.59,13,2,26082.03,8974.22,2038.97,219560.51,consumo,sim,divorciado,superior,estudante,norte,0
5524,70,6138.13,40118.78,6,20.9,712,1247.47,11,1,24527.01,2004.85,2361.39,216982.59,casa,nao,casado,pos,estudante,nordeste,0
5525,52,3780.4,7671.44,13,18.59,714,232.53,12,4,34916.19,4700.13,2649.46,172593.83,negocios,sim,viuvo,superior,clt,nordeste,0
5526,23,2791.01,12371.41,47,11.21,739,911.29,7,2,3093.21,7166.05,5432.67,64395.09,casa,sim,casado,pos,temporario,sudeste,0
5527,51,5494.47,23428.42,54,9.3,478,1722.47,16,1,26575.37,8396.53,-1010.22,24695.34,casa,nao,viuvo,superior,clt,norte,0
5528,35,3839.9,11380.87,49,6.16,463,947.12,14,3,6822.7,2547.58,3374.5,34464.26,consumo,nao,viuvo,pos,autonomo,sul,0
5529,19,5062.97,27034.51,31,20.87,812,409.98,4,0,17885.71,8895.94,-1508.5,151800.57,veiculo,nao,casado,fundamental,estudante,sudeste,1
5530,22,2382.01,23461.78,55,27.3,788,1381.2,16,3,6873.36,4251.48,221.08,29565.38,veiculo,sim,divorciado,medio,autonomo,norte,0
5531,51,4346.07,45839.78,44,16.6,700,538.39,4,3,32763.51,7062.9,4369.3,62432.0,veiculo,nao,casado,fundamental,temporario,centro_oeste,0
5532,71,6086.91,6521.0,67,20.16,755,890.43,12,2,17751.78,4906.27,1018.71,20334.45,outros,sim,casado,fundamental,clt,norte,0
5533,46,5890.68,28741.31,30,20.62,741,1344.44,16,1,16432.79,3029.62,-1591.76,11351.54,consumo,nao,divorciado,medio,estudante,sudeste,0
5534,43,3380.96,35278.18,55,7.87,650,449.77,7,1,10759.04,1425.65,2204.02,85621.39,outros,nao,viuvo,medio,temporario,sudeste,0
5535,23,2697.12,8307.03,15,8.6,610,441.07,3,1,15713.37,1875.73,1614.33,91290.05,veiculo,nao,casado,medio,clt,sudeste,0
5536,56,4828.37,31459.03,54,9.0,811,667.41,17,0,3874.42,6002.86,5429.32,42246.51,casa,nao,casado,superior,clt,centro_oeste,1
5537,21,5809.86,41822.88,54,26.39,690,1552.99,14,4,23946.63,5207.87,5549.29,202448.35,casa,nao,casado,superior,estudante,norte,0
5538,65,5529.32,38333.78,22,4.37,772,2345.02,8,4,19973.36,4178.43,374.64,133677.46,outros,sim,casado,pos,clt,norte,0
5539,64,3878.11,45050.27,10,16.99,502,734.57,17,2,3484.72,5821.8,4598.45,64234.04,consumo,nao,solteiro,superior,estudante,norte,0
5540,74,5336.08,35286.65,71,13.05,509,1849.99,2,4,3583.19,4812.82,2214.93,183644.77,casa,nao,solteiro,superior,temporario,sul,0
5541,34,7504.24,20426.4,11,19.82,671,619.36,9,3,10253.68,1701.2,2413.3,121630.24,consumo,sim,casado,fundamental,estudante,norte,0
5542,27,5169.26,44380.54,36,9.29,801,1654.39,3,3,16558.75,2723.17,-909.79,97964.28,educacao,sim,divorciado,medio,clt,norte,0
5543,35,1860.33,12753.73,6,27.07,668,499.51,3,3,7793.36,4170.23,4724.91,165314.33,casa,nao,viuvo,superior,autonomo,nordeste,0
5544,63,5165.76,29058.45,33,11.95,597,2141.28,6,2,4596.69,3881.57,2926.43,80734.19,outros,sim,solteiro,superior,temporario,nordeste,0
5545,30,8479.12,37337.44,60,26.22,429,1902.62,10,2,3371.96,8171.47,5650.54,176650.98,veiculo,nao,casado,pos,estudante,nordeste,0
5546,68,2482.7,42188.79,39,18.14,481,1759.29,3,0,10678.76,8506.28,4306.64,946.02,casa,sim,solteiro,fundamental,autonomo,nordeste,1
5547,26,4853.5,44202.67,21,13.95,512,214.02,9,3,22036.42,5039.46,1839.65,54142.9,casa,sim,viuvo,pos,temporario,nordeste,0
5548,20,4392.6,6366.39,32,21.61,500,2120.47,14,2,23742.79,2758.03,4886.76,116688.51,educacao,sim,casado,superior,autonomo,centro_oeste,0
5549,30,4972.59,35535.69,12,17.27,700,529.97,2,1,9900.36,7290.41,682.08,183988.3,casa,sim,solteiro,medio,temporario,nordeste,0
5550,60,5149.65,11786.75,45,7.33,693,1417.69,0,2,15420.34,2045.6,4931.23,163645.24,veiculo,nao,viuvo,superior,temporario,sul,0
5551,52,6851.95,37949.93,6,20.91,571,1981.86,13,4,21996.1,4683.42,-896.33,205501.5,negocios,nao,solteiro,pos,clt,centro_oeste,0
5552,38,4952.61,34381.38,29,17.91,815,1645.48,7,2,12601.56,8951.08,824.91,57368.5,negocios,sim,viuvo,superior,clt,nordeste,0
5553,55,7099.07,10751.53,10,17.58,577,2080.14,3,2,34251.31,7935.52,4972.3,202961.9,casa,nao,divorciado,medio,temporario,norte,1
5554,54,4588.22,40393.77,21,21.72,598,1824.54,15,1,24245.5,8401.47,-1613.04,25238.13,veiculo,sim,divorciado,pos,clt,sudeste,0
5555,49,4169.75,23511.39,10,19.68,630,1934.1,7,4,20244.75,1331.96,4974.98,43786.54,negocios,sim,casado,fundamental,clt,centro_oeste,0
5556,47,3595.47,27245.45,67,12.79,649,873.14,2,0,17426.66,4428.25,-1487.32,102731.78,negocios,nao,viuvo,superior,clt,centro_oeste,1
5557,23,1529.24,46698.87,56,11.64,496,1059.53,5,4,17218.13,7037.38,3339.39,46387.27,veiculo,sim,solteiro,superior,temporario,centro_oeste,1
5558,32,5296.41,32376.46,67,10.02,540,1343.37,10,4,10210.49,1826.12,3177.34,6947.07,negocios,sim,casado,superior,clt,nordeste,1
5559,48,8497.2,29279.62,51,17.8,695,1539.89,5,0,2703.44,7036.19,-1351.23,140683.66,consumo,sim,solteiro,medio,estudante,sudeste,0
5560,25,5624.82,3262.71,38,11.2,758,1784.68,16,2,29326.99,3405.19,4738.08,89684.18,outros,nao,divorciado,superior,clt,norte,1
5561,45,6036.15,11564.27,17,6.89,589,1468.93,11,2,31689.38,8041.3,-1129.83,203012.53,negocios,sim,divorciado,superior,autonomo,sudeste,0
5562,24,4056.54,3708.73,69,22.78,466,1828.26,1,4,34107.83,4049.62,4840.7,216429.84,outros,sim,viuvo,pos,temporario,sul,0
5563,62,4360.2,17665.72,66,9.02,760,529.74,6,1,14139.09,2627.27,5868.41,203620.61,veiculo,nao,divorciado,pos,autonomo,sul,0
5564,23,6572.35,18175.13,33,7.96,652,1095.58,6,3,33124.22,8293.35,3442.54,113569.03,veiculo,nao,divorciado,superior,temporario,nordeste,0
5565,23,8415.65,26630.02,20,24.38,594,2298.87,2,0,24582.67,6558.73,5456.09,67787.31,negocios,sim,divorciado,fundamental,clt,sul,1
5566,54,7478.31,33884.46,31,20.85,654,683.34,0,4,14774.27,4435.26,3077.5,210136.14,consumo,sim,casado,fundamental,clt,nordeste,0
5567,30,6249.44,10660.21,32,22.39,749,513.29,2,3,32148.45,8668.75,5852.16,82161.27,negocios,sim,viuvo,pos,clt,sudeste,0
5568,38,4863.27,29875.28,66,12.41,420,1907.95,12,1,33898.49,5620.29,4415.37,83353.96,outros,nao,solteiro,medio,autonomo,sul,0
5569,35,5177.49,44222.42,10,18.82,564,631.08,4,0,18687.61,5489.87,3498.37,139715.82,casa,nao,casado,fundamental,temporario,sul,0
5570,30,3443.69,10917.86,47,26.37,796,1241.65,7,0,27287.58,3570.44,5913.49,139514.31,veiculo,sim,viuvo,fundamental,estudante,sul,0
5571,61,2193.3,32488.51,56,10.78,540,1831.45,2,4,27180.95,7595.08,1974.08,23007.46,veiculo,nao,divorciado,fundamental,clt,nordeste,0
5572,57,2771.76,4574.31,56,5.66,809,1304.85,17,3,21309.19,5474.9,1972.59,42148.48,outros,sim,solteiro,fundamental,autonomo,sul,1
5573,31,4889.64,26667.22,18,8.1,532,2271.51,17,1,14797.15,5784.01,4842.79,2.92,consumo,sim,divorciado,pos,autonomo,nordeste,0
5574,57,4274.41,36240.04,33,25.54,606,2217.3,12,2,4702.0,8457.79,3459.46,21772.24,negocios,nao,casado,pos,estudante,sul,0
5575,58,2155.0,4048.9,28,10.76,447,1346.85,5,2,34928.34,2794.37,-675.15,75407.29,outros,nao,divorciado,fundamental,estudante,nordeste,1
5576,48,4732.82,17681.78,32,15.79,710,2409.17,10,0,2508.27,7222.75,602.19,208702.13,outros,sim,viuvo,medio,clt,norte,0
5577,50,4226.83,42447.04,11,16.83,515,856.92,6,2,4720.09,7391.52,2760.7,175857.84,outros,nao,divorciado,pos,temporario,centro_oeste,0
5578,71,2688.87,12759.33,11,27.04,759,722.63,16,3,13117.57,1038.77,-1675.14,50116.1,veiculo,sim,divorciado,medio,temporario,sul,0
5579,43,4133.68,35390.79,7,11.24,471,1734.97,10,3,13949.24,6639.84,2181.08,25564.53,negocios,sim,viuvo,pos,clt,norte,0
5580,39,4222.28,30356.84,69,16.51,466,1508.85,2,0,9350.38,7558.24,24.71,219714.2,veiculo,sim,viuvo,medio,temporario,norte,0
5581,48,3690.05,9947.79,33,26.99,607,762.57,1,4,2732.77,5059.11,47.02,158444.35,casa,sim,divorciado,superior,temporario,nordeste,0
5582,65,6468.01,36247.69,21,8.83,453,1041.02,14,0,31479.5,1445.05,5183.64,115130.3,outros,sim,viuvo,fundamental,temporario,sul,0
5583,58,1374.78,26709.69,58,18.35,551,720.62,13,4,17964.05,1170.89,401.05,215250.13,veiculo,nao,casado,medio,temporario,sul,0
5584,22,1225.56,7597.17,38,5.53,695,729.79,13,4,33944.48,700.19,5206.28,209903.82,veiculo,nao,viuvo,fundamental,temporario,sul,1
5585,44,4805.91,45696.4,30,10.31,621,1032.76,5,3,30728.81,3611.92,2363.02,25488.73,consumo,nao,viuvo,fundamental,estudante,sul,0
5586,60,4973.03,24884.27,13,5.66,643,2324.19,12,2,17290.46,5780.33,5437.35,139920.9,outros,nao,solteiro,superior,temporario,norte,0
5587,30,5527.59,36401.18,31,11.92,456,2116.96,4,0,13587.78,5346.05,3887.95,151783.51,consumo,nao,casado,pos,temporario,sudeste,0
5588,74,3829.85,12405.36,48,8.95,691,1368.81,11,1,8926.69,4833.09,1429.37,189996.82,veiculo,nao,solteiro,fundamental,estudante,sudeste,0
5589,64,3147.74,8741.84,47,23.16,456,1288.43,5,2,34756.72,4046.64,-1525.54,109699.51,outros,sim,solteiro,pos,temporario,norte,0
5590,66,4786.83,36229.46,31,15.12,648,253.03,2,0,21177.01,6287.39,5154.83,149563.66,casa,sim,viuvo,fundamental,autonomo,nordeste,0
5591,22,4005.16,33159.0,46,13.72,736,1252.53,14,3,29425.13,8007.55,3717.25,78008.66,casa,nao,viuvo,medio,temporario,centro_oeste,1
5592,51,7591.93,14971.9,56,20.62,710,1627.16,14,4,34463.45,7525.11,-748.87,88265.92,consumo,nao,casado,superior,temporario,centro_oeste,1
5593,48,4216.39,36455.9,67,26.73,561,1986.33,14,3,7838.11,6577.84,5494.19,123910.52,negocios,nao,divorciado,medio,estudante,sul,1
5594,53,4704.27,25477.15,40,11.24,481,1005.87,11,4,32369.43,2984.78,2011.22,47101.4,outros,nao,divorciado,pos,clt,sudeste,0
5595,66,9255.75,18361.18,21,5.6,752,2312.98,11,2,27806.72,8493.84,-1569.54,174296.71,veiculo,nao,solteiro,fundamental,clt,sudeste,0
5596,38,4449.43,38303.58,14,6.63,506,2129.25,13,1,15912.66,7820.4,507.83,109449.26,casa,nao,divorciado,fundamental,autonomo,norte,0
5597,48,5801.08,30563.62,16,24.57,618,370.78,10,0,33207.74,8556.08,4906.47,187285.74,veiculo,nao,divorciado,medio,estudante,sudeste,0
5598,56,5963.36,25580.71,6,24.3,514,2274.84,15,2,20646.34,5761.98,1469.09,173113.92,consumo,sim,viuvo,medio,temporario,sul,0
5599,60,6116.52,37676.37,42,15.41,431,696.96,13,0,13778.99,3330.29,4500.71,123660.46,veiculo,sim,casado,fundamental,clt,centro_oeste,0
5600,61,5321.08,27289.69,20,7.54,586,2322.1,9,3,5596.69,4343.32,1341.61,151292.47,veiculo,sim,casado,fundamental,temporario,sudeste,0
5601,37,5148.91,45203.32,20,16.64,640,1643.18,10,4,25476.37,3282.61,-755.19,186599.34,negocios,sim,casado,superior,temporario,sul,0
5602,74,4980.6,39721.53,53,20.04,723,1135.65,17,0,27091.07,3482.91,-281.96,74519.6,veiculo,sim,viuvo,fundamental,estudante,nordeste,1
5603,18,3763.21,18797.53,27,11.97,710,1192.57,9,2,7241.9,4117.38,5073.41,160377.5,casa,sim,solteiro,medio,autonomo,norte,1
5604,46,5385.93,23653.83,60,5.98,752,1485.67,1,2,13014.45,8447.54,-386.34,203251.13,negocios,sim,casado,medio,temporario,sul,0
5605,52,8451.56,46058.65,15,11.73,745,2137.79,15,1,1926.47,4728.5,5496.47,6860.86,casa,nao,solteiro,fundamental,estudante,sudeste,0
5606,21,6979.23,43231.8,28,20.57,580,2121.66,0,1,19503.9,3937.17,450.62,109852.28,negocios,nao,solteiro,pos,temporario,nordeste,0
5607,43,5347.05,11198.94,9,27.48,556,1142.58,4,3,21002.29,5934.67,5778.77,31859.13,casa,sim,solteiro,fundamental,estudante,centro_oeste,0
5608,51,6340.49,14980.82,41,8.56,660,2149.74,5,1,29688.94,2933.93,-1044.7,84802.74,outros,nao,casado,medio,autonomo,nordeste,1
5609,52,3235.48,19081.13,14,25.95,611,1274.93,0,0,915.25,574.85,2477.47,182326.02,outros,sim,divorciado,medio,clt,nordeste,0
5610,24,4331.08,42533.13,21,14.96,538,1148.72,3,3,4187.65,6704.1,-1522.46,43783.96,educacao,sim,divorciado,fundamental,clt,nordeste,0
5611,33,6506.13,44697.49,54,19.92,432,744.35,3,0,1104.87,3325.85,201.42,7902.05,outros,sim,solteiro,superior,clt,nordeste,0
5612,31,7476.9,39006.48,64,24.73,610,2100.8,9,1,33055.7,2518.61,4871.78,62602.11,educacao,nao,solteiro,superior,temporario,nordeste,1
5613,54,3412.44,15044.73,41,17.38,607,1618.55,15,0,17951.06,5047.73,-341.35,171491.11,outros,nao,casado,fundamental,temporario,sudeste,0
5614,36,3929.54,42861.45,69,5.48,796,1180.19,5,2,8610.0,1869.34,5153.9,23666.48,consumo,nao,solteiro,pos,autonomo,sul,0
5615,50,8726.48,3996.09,55,10.38,745,1716.71,7,1,668.57,2862.76,2800.5,128964.71,educacao,nao,solteiro,fundamental,autonomo,nordeste,0
5616,59,4973.27,21737.56,55,23.27,527,2177.55,12,1,3378.19,4854.54,3867.32,163361.5,casa,nao,viuvo,medio,estudante,sudeste,1
5617,63,8082.05,19682.1,71,17.27,464,638.95,12,1,25205.52,8782.31,1003.43,125487.02,outros,nao,casado,fundamental,autonomo,norte,0
5618,28,5172.34,26853.4,11,11.9,735,1090.47,17,2,16809.92,2573.32,5882.21,205669.52,consumo,sim,divorciado,medio,estudante,sul,0
5619,69,5243.12,28009.15,21,18.0,614,1062.3,9,3,25704.85,4469.8,4647.29,166600.69,consumo,sim,casado,fundamental,clt,centro_oeste,1
5620,27,4250.12,12755.9,34,10.45,436,356.37,13,4,9281.69,4988.14,5311.6,19368.56,veiculo,nao,divorciado,fundamental,clt,centro_oeste,0
5621,19,6496.6,11807.28,46,9.78,721,955.04,15,3,15384.23,6559.72,-662.5,188253.19,casa,nao,casado,pos,autonomo,norte,1
5622,20,7244.0,39062.28,71,23.88,558,1947.36,7,2,21835.19,4937.02,281.1,120535.12,negocios,sim,casado,pos,clt,norte,0
5623,29,2937.0,5966.95,12,13.6,488,767.75,15,2,7431.11,6733.92,4759.75,212893.09,outros,nao,viuvo,fundamental,clt,centro_oeste,0
5624,67,4165.59,24944.51,21,10.58,683,2061.32,17,2,10063.3,7845.79,3422.21,216752.58,casa,nao,divorciado,pos,autonomo,nordeste,0
5625,29,6447.14,11219.91,25,13.82,734,2396.19,2,0,4956.26,2903.67,1201.81,36026.05,consumo,nao,viuvo,medio,autonomo,sudeste,0
5626,57,4566.81,17040.31,50,26.1,730,699.61,13,2,24912.84,7603.12,1822.07,54657.39,negocios,sim,solteiro,pos,clt,centro_oeste,0
5627,41,3911.91,15116.9,68,8.34,529,1130.43,11,3,20380.2,2733.2,1620.59,143771.67,outros,sim,casado,fundamental,clt,sudeste,0
5628,20,6617.18,34737.76,67,8.45,656,484.69,14,4,15563.54,7379.47,2551.24,12257.37,veiculo,sim,solteiro,fundamental,clt,sul,1
5629,43,6786.22,23248.94,55,12.49,606,1785.77,9,0,19856.79,5911.56,2014.45,88217.27,educacao,sim,solteiro,superior,temporario,norte,0
5630,19,3990.64,16124.6,57,5.45,767,1298.7,3,3,5942.61,5332.54,1746.83,217451.5,educacao,nao,viuvo,medio,autonomo,sul,0
5631,45,5182.26,40326.52,33,5.8,495,1545.81,7,0,28451.01,4443.43,755.95,115704.88,consumo,sim,viuvo,medio,temporario,sul,0
5632,49,2624.75,6403.68,46,4.26,748,1986.57,12,0,26441.38,5136.11,1701.15,72892.08,casa,sim,solteiro,fundamental,estudante,norte,1
5633,47,3188.13,37369.41,17,7.51,558,1980.74,16,0,6370.12,2493.92,-415.72,40851.79,educacao,nao,casado,medio,estudante,sudeste,0
5634,34,5023.5,13798.23,39,19.37,667,1377.06,1,0,30999.92,4733.56,-311.24,165030.13,casa,nao,casado,fundamental,clt,sudeste,1
5635,61,4856.53,44269.87,25,8.71,620,2226.98,3,0,13789.15,5672.3,3568.65,204666.64,consumo,sim,casado,medio,temporario,nordeste,1
5636,52,3059.62,2752.94,67,13.07,559,2342.08,4,2,16227.3,3743.31,5723.65,203375.34,casa,sim,viuvo,medio,estudante,norte,0
5637,32,3511.25,27828.18,30,20.93,512,1643.25,10,4,18594.11,3745.61,-143.35,14326.29,negocios,sim,casado,fundamental,autonomo,centro_oeste,0
5638,42,2882.92,30813.06,32,4.76,565,269.1,0,3,27751.39,3453.07,5320.94,16660.91,veiculo,sim,divorciado,medio,temporario,sudeste,0
5639,24,5619.11,28767.17,32,9.02,662,1980.24,17,3,5740.33,7452.17,3079.45,217937.53,outros,nao,divorciado,superior,estudante,norte,0
5640,70,1258.25,39583.2,65,27.9,666,2249.25,12,0,9275.65,3767.76,5632.02,209718.84,casa,sim,solteiro,pos,estudante,sudeste,0
5641,60,2979.16,7603.46,67,18.33,669,1471.4,16,4,32774.58,5432.77,1282.98,48277.93,casa,sim,divorciado,fundamental,autonomo,sudeste,1
5642,34,1446.71,21407.8,34,19.84,682,1804.83,0,2,32823.01,8763.8,3584.43,43487.68,consumo,sim,casado,superior,clt,norte,1
5643,56,5554.24,41800.02,71,16.39,440,1006.02,4,0,28314.01,755.8,2442.09,129710.84,outros,nao,divorciado,superior,temporario,sudeste,0
5644,56,1555.08,42937.46,55,27.18,577,1344.88,8,3,5895.17,2369.18,5824.45,69781.04,veiculo,nao,casado,fundamental,clt,nordeste,1
5645,52,4857.11,25174.67,61,7.46,545,2031.61,13,3,20824.2,8364.42,-1328.14,158002.98,casa,nao,solteiro,fundamental,autonomo,norte,0
5646,21,7751.14,27887.49,66,5.62,579,2212.23,11,2,15608.97,6592.0,-1341.76,45262.23,veiculo,nao,casado,fundamental,autonomo,centro_oeste,0
5647,68,7812.18,37257.83,27,23.59,572,447.3,7,3,2825.99,3699.9,4940.31,177367.72,consumo,nao,viuvo,medio,clt,centro_oeste,0
5648,72,1549.37,37972.27,42,4.1,490,219.87,5,3,2644.17,1263.04,-1382.73,62122.86,consumo,nao,viuvo,pos,estudante,centro_oeste,0
5649,73,5337.14,42907.7,24,17.48,805,1046.73,5,2,29989.29,4868.44,5277.48,30617.06,outros,nao,solteiro,medio,estudante,centro_oeste,1
5650,73,3019.85,40895.51,26,4.03,420,1086.93,6,1,3167.48,7162.9,-1066.65,75277.86,educacao,nao,divorciado,pos,estudante,norte,1
5651,70,2652.36,21356.26,36,12.36,658,1974.13,12,4,9498.65,4094.56,-923.05,4351.88,negocios,sim,divorciado,superior,autonomo,norte,0
5652,60,4595.75,32063.78,9,19.62,604,199.95,15,3,5275.36,7673.84,779.95,141885.98,educacao,sim,viuvo,fundamental,autonomo,centro_oeste,1
5653,21,7010.92,24487.2,20,17.14,701,1952.49,8,2,20128.63,2969.15,3868.84,14916.74,consumo,sim,casado,fundamental,autonomo,norte,0
5654,44,5879.39,7867.25,59,17.44,752,1424.28,16,3,26600.76,4708.87,2700.38,32467.05,casa,nao,casado,pos,autonomo,nordeste,0
5655,31,3512.75,39886.48,16,7.78,679,1798.95,5,1,9281.4,1266.56,5289.85,174551.08,educacao,sim,viuvo,superior,autonomo,norte,0
5656,30,6069.06,29880.24,47,11.07,726,1361.48,15,4,27371.63,4967.35,3111.17,111230.84,educacao,sim,divorciado,medio,autonomo,centro_oeste,0
5657,65,1200.0,5139.24,56,21.04,529,2014.48,0,3,6123.88,7818.98,2846.46,130443.98,negocios,sim,solteiro,medio,temporario,sudeste,1
5658,64,3444.7,33297.51,23,4.56,817,1194.0,13,3,12485.76,1793.72,2648.9,61881.09,negocios,nao,casado,superior,autonomo,sul,0
5659,47,3317.0,15381.1,36,18.29,454,982.35,17,1,8500.84,5681.32,1367.23,213893.95,consumo,nao,solteiro,fundamental,estudante,sul,1
5660,59,4940.98,5651.57,63,16.41,687,1656.72,4,1,15901.94,3171.2,3185.62,217149.15,consumo,nao,viuvo,superior,estudante,sudeste,0
5661,25,4434.91,30099.8,61,12.25,478,1211.11,12,4,34335.3,3504.03,5789.79,80436.09,educacao,nao,casado,superior,temporario,norte,0
5662,30,4545.35,35815.49,66,12.03,513,883.95,1,3,25787.9,572.95,5782.74,173341.14,educacao,sim,divorciado,superior,temporario,sudeste,0
5663,67,4485.5,26036.44,47,23.17,750,2299.43,15,0,7201.63,5030.43,-935.15,176487.99,negocios,sim,viuvo,pos,temporario,nordeste,0
5664,43,4840.33,2757.0,64,13.17,690,1857.99,8,4,33825.2,8875.3,1753.47,201016.52,veiculo,sim,casado,medio,autonomo,centro_oeste,1
5665,49,5772.24,28748.16,32,5.92,673,636.76,7,0,23846.9,1748.34,2820.21,189573.57,negocios,nao,viuvo,pos,clt,centro_oeste,0
5666,44,5068.8,2800.71,45,27.09,751,1897.05,16,2,15896.11,2491.16,3784.22,96674.25,educacao,sim,casado,superior,clt,norte,0
5667,29,4288.17,44651.58,50,7.13,531,765.56,16,2,32068.84,2423.55,544.05,79413.26,consumo,sim,casado,fundamental,autonomo,centro_oeste,0
5668,65,5523.15,14662.38,70,23.14,676,1180.55,4,1,26699.08,5278.12,5866.89,205705.31,outros,nao,viuvo,fundamental,clt,sudeste,0
5669,61,6287.02,42130.8,30,4.33,500,684.42,17,2,25521.77,2114.22,1439.01,89771.75,casa,nao,solteiro,pos,autonomo,centro_oeste,0
5670,56,3799.15,3050.97,63,12.75,612,442.85,3,0,7032.63,8589.06,425.84,114432.82,veiculo,nao,divorciado,medio,temporario,sudeste,0
5671,38,4693.08,6923.35,39,16.36,581,1105.83,14,3,4478.75,6418.75,4284.55,21144.51,negocios,sim,solteiro,superior,clt,sudeste,0
5672,54,6891.43,23039.08,12,4.71,667,1467.79,14,3,30296.66,5815.02,2786.79,64692.55,casa,nao,divorciado,fundamental,estudante,centro_oeste,0
5673,72,2815.03,37016.64,49,21.62,445,880.92,9,4,23805.44,533.76,5255.41,35845.7,veiculo,sim,casado,pos,temporario,sudeste,0
5674,55,8048.46,45386.56,70,10.25,430,354.01,10,2,28603.48,4499.94,-970.34,18119.0,negocios,nao,viuvo,superior,temporario,centro_oeste,1
5675,46,2389.52,26209.81,35,16.99,432,759.16,7,2,26801.39,7380.2,-1373.58,81568.93,negocios,nao,casado,fundamental,clt,centro_oeste,0
5676,33,4178.34,18673.46,42,23.02,526,749.93,7,0,31608.76,4809.45,5556.54,113400.1,veiculo,nao,solteiro,fundamental,estudante,centro_oeste,0
5677,47,3089.66,4527.23,67,18.19,650,1550.55,9,1,13143.23,6775.37,1678.72,171446.85,casa,sim,viuvo,superior,temporario,norte,0
5678,39,8738.27,29058.78,66,14.93,483,834.58,15,2,12256.85,6297.49,-113.98,133700.87,veiculo,nao,divorciado,medio,estudante,nordeste,1
5679,52,3893.97,19791.99,32,12.07,816,1418.36,8,2,8290.19,8400.48,3996.11,181381.59,casa,nao,divorciado,superior,clt,nordeste,0
5680,20,3898.49,43865.57,56,5.08,585,1271.19,10,4,3690.03,3616.48,5980.07,51215.81,negocios,sim,solteiro,fundamental,estudante,sul,0
5681,28,4132.65,24342.69,47,25.91,541,797.95,12,1,16901.38,7515.62,5990.2,174914.89,consumo,sim,casado,superior,temporario,sudeste,0
5682,62,4972.09,37327.84,48,18.21,777,1899.62,16,0,17437.74,2713.66,5712.76,11356.67,consumo,nao,solteiro,superior,temporario,nordeste,0
5683,39,4208.8,41093.58,53,19.16,490,1728.81,15,4,4006.12,5239.02,-578.54,60980.94,veiculo,nao,viuvo,pos,clt,sul,0
5684,42,4560.8,6971.63,27,14.57,495,1758.23,6,2,21123.37,5752.52,4832.55,97621.73,veiculo,nao,divorciado,medio,estudante,centro_oeste,1
5685,49,1200.0,22558.51,26,12.95,572,1185.91,15,0,12717.84,4263.1,-831.16,210577.78,consumo,sim,casado,medio,clt,nordeste,0
5686,42,4902.89,43164.14,7,5.12,448,914.5,7,4,15968.45,1370.11,983.21,19959.02,educacao,sim,solteiro,medio,autonomo,sul,0
5687,61,4832.05,21812.72,62,8.06,692,1550.52,1,1,17850.87,4190.72,-409.05,57768.67,outros,sim,divorciado,superior,autonomo,nordeste,0
5688,31,6669.42,28214.52,24,14.21,730,2405.09,1,4,10868.87,2174.38,976.96,33533.21,negocios,nao,solteiro,medio,clt,sudeste,1
5689,61,7156.31,42226.23,50,9.8,561,1186.79,3,1,23976.93,4642.17,134.05,93564.25,negocios,sim,viuvo,pos,estudante,centro_oeste,0
5690,29,4462.13,13083.01,51,5.07,767,1723.46,6,1,17844.78,675.3,5195.07,72353.53,veiculo,sim,solteiro,fundamental,estudante,norte,1
5691,39,6269.21,43203.47,52,17.1,422,1206.25,7,1,15450.11,4609.04,5904.38,20261.7,casa,sim,casado,fundamental,temporario,nordeste,0
5692,51,2817.18,20564.79,62,15.14,632,2343.64,3,0,14335.81,3707.3,-444.4,105873.83,casa,nao,divorciado,pos,autonomo,norte,0
5693,68,6181.22,29483.02,63,14.11,712,794.14,3,4,829.96,614.82,-788.59,106819.82,negocios,sim,solteiro,pos,estudante,centro_oeste,0
5694,31,3769.54,17425.8,6,22.82,570,1243.49,0,2,26993.03,5793.45,-517.89,138648.29,veiculo,sim,viuvo,medio,clt,sul,0
5695,51,2667.54,26483.92,61,18.39,798,1325.27,16,2,33827.15,3160.53,2612.37,185016.94,negocios,sim,divorciado,superior,autonomo,sul,1
5696,21,4465.94,4742.5,19,4.03,592,1870.46,4,1,4584.05,5450.18,5080.23,214134.85,casa,nao,divorciado,superior,temporario,sudeste,0
5697,22,7320.85,5469.33,48,22.29,787,1853.44,11,2,10130.48,8030.3,4014.91,22851.71,outros,nao,solteiro,superior,temporario,norte,0
5698,61,5125.81,21369.89,50,15.58,683,1895.51,8,2,29642.16,7847.48,1492.04,74451.53,educacao,nao,divorciado,pos,temporario,sudeste,1
5699,58,7493.68,17740.31,9,16.4,512,1880.42,6,1,24804.02,4780.34,5680.62,213911.96,negocios,sim,viuvo,pos,clt,sudeste,0
5700,39,3452.28,30518.53,24,25.35,752,1269.84,4,2,10933.88,4505.71,2400.63,124868.57,educacao,sim,casado,fundamental,clt,norte,0
5701,53,6686.13,4224.91,66,6.62,432,540.91,1,2,22733.68,5033.11,4321.73,87319.08,veiculo,nao,viuvo,medio,autonomo,nordeste,0
5702,39,3626.11,10128.92,15,18.39,495,2199.42,1,3,32103.39,3817.74,2099.94,95674.63,consumo,nao,solteiro,superior,temporario,centro_oeste,1
5703,33,5205.59,12036.43,21,10.77,731,933.61,12,3,7688.57,3008.32,3396.67,185386.85,negocios,nao,divorciado,pos,clt,nordeste,1
5704,42,5190.03,22542.38,11,4.88,780,435.94,8,3,23787.29,1839.89,1135.82,190024.43,consumo,nao,viuvo,fundamental,clt,sul,0
5705,35,5990.69,13730.98,17,14.5,575,478.77,17,0,28419.15,8278.27,-1390.1,64923.03,casa,nao,divorciado,medio,autonomo,nordeste,0
5706,64,5251.33,8763.65,48,10.81,682,1327.84,2,4,3335.66,1023.96,2978.41,67944.5,veiculo,nao,solteiro,pos,clt,centro_oeste,0
5707,41,3469.47,29689.6,61,4.04,698,1168.17,16,3,32707.79,3433.47,453.06,153959.62,casa,sim,casado,medio,estudante,sul,0
5708,36,6384.55,36346.17,45,15.83,715,1719.38,1,3,33576.57,1914.74,2494.97,14857.24,veiculo,nao,divorciado,medio,estudante,sul,1
5709,48,7916.98,33679.7,24,11.47,782,1599.53,13,3,25657.36,1014.54,3281.03,186112.21,educacao,nao,solteiro,fundamental,temporario,centro_oeste,0
5710,61,3749.15,15066.19,62,14.42,454,429.2,17,2,18046.2,1968.38,1723.36,1523.27,negocios,nao,casado,medio,autonomo,nordeste,0
5711,33,1496.58,41377.24,30,4.28,497,868.46,2,2,21138.55,4375.71,-574.87,101427.76,outros,nao,divorciado,superior,estudante,norte,1
5712,71,5698.78,30337.91,26,13.64,787,2259.31,8,0,22695.27,5251.05,4480.4,174356.47,casa,nao,casado,medio,autonomo,sudeste,0
5713,44,4203.88,30467.33,39,15.29,637,1958.7,16,4,5394.61,8102.1,-454.86,201139.38,casa,sim,casado,fundamental,temporario,centro_oeste,1
5714,55,4564.01,12184.6,15,15.18,631,2199.66,14,4,10320.96,6312.63,-791.27,137935.83,consumo,sim,divorciado,pos,clt,norte,0
5715,72,5801.12,13520.69,29,21.21,581,231.01,3,4,3530.75,7316.69,675.38,116769.1,educacao,nao,divorciado,fundamental,autonomo,centro_oeste,0
5716,42,3978.49,24101.13,58,27.79,564,2296.05,3,3,12966.16,5203.07,-1346.01,153396.62,veiculo,sim,solteiro,medio,estudante,nordeste,0
5717,29,4316.07,13320.86,46,4.67,517,2177.7,6,1,26078.65,2210.76,955.14,185264.94,casa,sim,solteiro,superior,temporario,nordeste,0
5718,60,4619.78,33807.54,71,13.5,579,1229.28,8,1,30992.94,7723.77,4109.19,2852.83,consumo,nao,divorciado,pos,clt,norte,0
5719,18,7445.56,16539.23,57,24.56,449,1742.72,5,4,12994.69,4533.38,4364.36,133379.33,veiculo,nao,viuvo,superior,autonomo,nordeste,0
5720,44,4854.13,9412.19,29,19.02,537,811.03,1,1,21563.77,7055.62,1762.43,168715.19,casa,sim,casado,pos,clt,norte,1
5721,73,2575.79,9398.43,56,27.61,817,1707.92,8,3,20819.29,553.98,-367.65,203595.95,veiculo,nao,casado,medio,autonomo,sul,0
5722,41,2647.42,8288.86,63,21.12,485,2033.15,7,3,16538.91,4287.93,5795.2,87908.57,veiculo,sim,solteiro,pos,autonomo,nordeste,0
5723,56,5050.61,22508.63,47,21.38,712,1301.85,5,0,24297.3,3380.49,4625.8,198381.5,casa,nao,solteiro,medio,temporario,centro_oeste,0
5724,47,2767.03,2638.32,56,5.83,433,245.59,14,0,5278.35,3026.22,-1759.12,138608.53,consumo,nao,casado,fundamental,clt,sudeste,0
5725,30,1987.85,27177.94,39,10.61,713,1145.92,5,0,2619.67,6236.19,2934.7,73346.84,outros,nao,viuvo,pos,clt,nordeste,0
5726,36,5943.96,16072.78,66,18.01,525,1861.95,16,3,12181.2,7508.62,5572.98,216351.51,educacao,nao,viuvo,superior,clt,centro_oeste,1
5727,47,6032.1,27637.79,21,16.54,700,1812.71,0,1,33925.98,7843.63,5447.86,12897.55,veiculo,nao,viuvo,fundamental,estudante,centro_oeste,0
5728,23,4137.35,45061.86,34,22.3,618,1308.22,9,1,33359.13,7306.21,1315.56,191347.31,educacao,sim,casado,medio,autonomo,sudeste,1
5729,41,5328.59,42041.67,22,27.85,730,2466.85,17,4,22157.59,7399.14,2968.56,116239.22,veiculo,sim,solteiro,fundamental,temporario,centro_oeste,0
5730,41,5138.62,28727.56,12,8.96,686,451.55,5,2,20254.77,7598.21,3007.38,128635.34,casa,sim,viuvo,medio,autonomo,centro_oeste,0
5731,65,5884.35,21522.2,46,14.28,643,547.23,11,0,22162.5,6395.32,3893.99,183113.78,outros,nao,solteiro,superior,autonomo,sudeste,1
5732,25,5888.55,34275.5,13,24.8,713,779.32,13,1,15028.16,6959.25,5543.68,203961.12,veiculo,nao,solteiro,fundamental,estudante,norte,1
5733,66,1200.0,44502.84,20,24.12,806,2044.22,6,2,10093.57,2379.86,1838.36,197001.58,negocios,sim,viuvo,pos,temporario,norte,0
5734,41,4367.1,24774.39,56,23.61,658,1949.74,11,2,194.41,8636.61,-1318.55,102630.31,negocios,sim,solteiro,pos,autonomo,centro_oeste,0
5735,55,5732.23,7018.5,21,18.89,489,1972.81,11,3,672.21,4776.72,3831.42,156655.57,veiculo,nao,divorciado,superior,clt,nordeste,0
5736,49,4061.18,37357.01,62,27.84,466,2220.73,8,4,34025.79,2733.44,5579.83,165514.68,veiculo,sim,viuvo,medio,estudante,sul,0
5737,35,4865.16,2976.8,9,12.59,639,1207.55,6,0,26060.3,4363.64,4990.55,76191.35,negocios,sim,viuvo,fundamental,temporario,nordeste,0
5738,71,6151.26,37291.05,36,6.79,592,919.09,8,1,24155.36,7497.76,-1608.91,66754.97,educacao,sim,solteiro,pos,estudante,norte,0
5739,30,4945.67,6363.71,10,7.18,663,1572.89,2,3,29555.28,6386.15,5084.5,180733.34,negocios,sim,solteiro,medio,estudante,centro_oeste,0
5740,20,7514.25,7351.05,9,14.46,686,1130.9,8,0,21242.66,1797.14,-651.15,117880.02,educacao,sim,solteiro,fundamental,estudante,sudeste,1
5741,60,6828.58,38067.66,58,23.32,494,1395.31,5,2,23367.37,4228.5,5834.84,49075.9,consumo,sim,casado,medio,estudante,centro_oeste,0
5742,53,4586.58,33873.24,10,14.87,717,505.3,6,0,27653.92,6918.62,3982.09,193707.0,negocios,nao,viuvo,pos,estudante,nordeste,0
5743,68,4443.52,28066.59,64,18.67,816,1099.61,4,2,4380.72,6398.79,-816.0,108833.58,outros,sim,solteiro,superior,estudante,sul,0
5744,44,1200.0,39836.63,45,12.59,549,1276.51,9,0,6567.21,2111.37,-1014.0,191873.67,outros,nao,solteiro,pos,estudante,nordeste,0
5745,18,4212.3,41237.27,37,21.16,791,382.86,0,3,19458.8,6814.37,367.47,36231.46,consumo,nao,casado,superior,temporario,nordeste,0
5746,19,2364.12,23316.81,66,7.68,791,2487.23,1,2,3390.96,6236.16,-10.26,196015.8,outros,nao,divorciado,medio,clt,sul,0
5747,42,5198.21,47831.59,31,16.48,587,267.66,3,4,23079.82,2577.19,-1768.59,89025.7,consumo,sim,casado,superior,autonomo,sudeste,0
5748,32,5075.17,18769.89,32,8.44,738,2313.28,10,0,29127.03,3114.4,5144.71,64362.08,outros,sim,solteiro,superior,clt,nordeste,0
5749,70,6052.54,10303.6,33,15.25,792,366.06,4,4,29315.71,4064.94,-813.52,81178.53,outros,nao,viuvo,pos,estudante,norte,1
5750,24,7314.01,40991.93,48,14.33,760,2173.57,8,2,11315.98,6226.69,5917.06,132609.84,outros,nao,viuvo,medio,autonomo,sudeste,0
5751,68,4752.72,21408.45,61,18.51,575,1451.92,2,2,7094.07,8587.25,258.59,66090.96,negocios,nao,casado,medio,autonomo,nordeste,0
5752,30,8904.75,42289.73,41,16.23,686,635.5,7,3,33555.18,8955.31,2680.73,141601.32,outros,nao,divorciado,fundamental,temporario,sul,1
5753,24,5218.41,5283.07,24,27.42,657,716.68,8,3,31933.58,6358.57,3647.39,110892.92,outros,nao,casado,medio,clt,norte,0
5754,33,2441.61,7552.87,64,25.61,585,995.73,5,4,10972.83,4005.73,549.22,144210.72,casa,sim,casado,superior,autonomo,norte,0
5755,26,3788.27,4332.41,45,11.06,675,2022.13,0,4,31295.55,1081.88,1756.55,74203.57,veiculo,sim,viuvo,medio,temporario,nordeste,1
5756,40,4129.06,29891.5,60,6.91,793,521.38,11,1,30835.34,5540.39,4228.88,57049.93,consumo,sim,casado,superior,temporario,nordeste,0
5757,36,5865.83,40349.82,34,5.55,430,741.98,3,1,11831.14,4594.68,-1295.97,148252.42,casa,nao,viuvo,fundamental,clt,norte,0
5758,48,3094.95,20821.07,19,8.75,780,1787.01,8,4,12711.62,6201.12,1021.25,116443.98,educacao,sim,casado,superior,estudante,sudeste,0
5759,48,4263.64,6626.64,68,9.33,567,1604.46,12,4,32616.37,8697.99,4361.88,31327.57,veiculo,sim,solteiro,pos,autonomo,sul,1
5760,18,4510.13,19492.83,50,25.33,751,1156.31,1,4,25965.58,1917.85,789.35,143621.8,outros,nao,casado,pos,clt,sudeste,1
5761,25,3993.38,18336.1,26,26.2,463,320.44,12,4,21613.48,3650.27,-1337.71,60913.88,outros,nao,casado,medio,clt,nordeste,0
5762,27,6260.55,31777.97,61,9.53,776,1475.72,6,3,33351.38,5397.28,-335.54,80170.82,educacao,nao,viuvo,superior,estudante,sudeste,0
5763,29,5954.38,32172.9,6,22.21,599,711.79,9,4,30271.33,3481.07,3481.43,188137.35,negocios,nao,divorciado,pos,estudante,sul,0
5764,23,6899.82,7187.58,67,24.06,786,1600.07,1,3,2616.35,1996.42,5746.29,44506.23,negocios,nao,casado,medio,temporario,sudeste,0
5765,35,4204.15,21618.04,44,13.06,591,816.88,8,4,17457.78,5587.65,-15.46,94773.42,negocios,nao,solteiro,medio,temporario,centro_oeste,0
5766,49,6964.55,31734.41,44,24.92,718,2454.37,6,2,31349.97,834.74,2236.72,18890.32,veiculo,nao,solteiro,pos,temporario,norte,0
5767,35,2344.81,14278.19,6,27.73,658,1550.18,3,4,3890.71,3704.87,75.98,99067.21,negocios,sim,casado,pos,temporario,sul,0
5768,36,2300.91,21022.15,17,27.23,500,1505.43,9,0,2527.92,8767.92,5401.8,202620.3,consumo,nao,casado,pos,autonomo,nordeste,0
5769,44,2615.16,30423.12,53,21.81,519,2121.3,11,4,30066.97,4564.76,5220.87,122896.13,veiculo,sim,solteiro,pos,clt,sudeste,1
5770,49,4816.58,20830.62,42,12.92,635,2484.14,7,4,27208.39,1363.51,1251.39,191031.28,negocios,nao,casado,medio,clt,centro_oeste,0
5771,36,6964.28,3904.17,14,9.45,614,1987.68,11,3,5852.17,7591.46,-1510.92,119255.19,outros,nao,solteiro,medio,clt,sul,0
5772,30,3716.14,12629.03,49,27.83,666,1557.84,6,4,6338.39,2021.83,2938.72,12889.44,consumo,nao,casado,pos,temporario,norte,0
5773,41,3941.95,37811.68,55,10.63,742,2183.38,14,2,29141.28,2632.07,3096.3,110980.97,educacao,nao,viuvo,medio,temporario,sul,0
5774,19,4411.17,13806.94,23,14.52,729,600.41,5,1,7320.59,8680.72,3018.36,51181.69,outros,nao,casado,pos,estudante,nordeste,0
5775,46,5831.09,39705.87,51,10.34,443,1953.01,14,0,5039.35,7088.37,508.84,95175.66,educacao,nao,solteiro,superior,estudante,nordeste,0
5776,71,3940.27,23744.31,70,15.91,618,1757.37,6,0,31764.51,3236.22,-1613.59,52187.15,veiculo,sim,solteiro,superior,estudante,sudeste,0
5777,40,3839.85,24017.91,37,6.65,479,1486.74,10,4,28176.83,6001.79,-1549.18,24873.26,veiculo,sim,solteiro,superior,temporario,sul,1
5778,24,2378.29,37558.49,21,23.42,625,2190.87,1,0,14132.49,4646.02,4275.6,46579.31,consumo,sim,viuvo,pos,estudante,nordeste,1
5779,58,3770.9,19939.85,69,16.12,634,1826.4,1,1,21911.43,8086.22,2342.61,88293.85,veiculo,sim,viuvo,fundamental,temporario,sul,0
5780,25,6919.43,13350.87,66,14.07,818,1842.82,17,2,15063.89,5262.5,315.22,181054.96,outros,nao,solteiro,fundamental,autonomo,sudeste,0
5781,29,4963.67,7278.97,36,12.72,575,2290.6,0,1,9606.22,6116.9,5333.33,169275.51,veiculo,nao,casado,medio,autonomo,centro_oeste,0
5782,26,3468.26,33071.9,34,17.91,600,1802.64,9,4,34538.08,1767.67,5097.74,8075.52,consumo,sim,solteiro,medio,temporario,sul,0
5783,68,7025.06,23882.39,61,22.72,624,772.58,8,0,19097.39,2623.84,4565.99,170913.18,educacao,sim,solteiro,medio,temporario,sul,0
5784,73,3746.62,39328.01,6,25.66,472,606.01,11,0,22314.74,725.61,3050.17,6760.87,consumo,nao,viuvo,fundamental,temporario,sudeste,1
5785,50,7355.92,23324.2,26,24.2,443,1370.62,0,1,14289.4,5500.08,2996.83,16695.22,veiculo,sim,casado,superior,estudante,norte,1
5786,53,7326.49,21373.89,41,14.69,703,725.0,3,3,17525.94,5281.4,2339.92,167580.61,casa,nao,casado,fundamental,clt,norte,1
5787,54,4900.82,16097.77,49,24.02,540,1803.16,6,1,10070.14,3116.43,-371.02,86508.67,consumo,nao,viuvo,superior,temporario,sul,0
5788,52,2102.61,11573.97,47,16.69,565,2135.09,16,4,15024.82,2473.13,3873.12,70722.13,negocios,nao,casado,pos,temporario,norte,0
5789,49,8921.1,40284.88,30,19.32,816,857.01,6,0,21973.37,4350.78,2261.77,82597.24,negocios,nao,viuvo,pos,clt,sudeste,0
5790,74,5497.1,6832.12,63,20.19,519,2299.26,10,1,28424.34,1382.15,2458.85,115314.41,casa,sim,divorciado,fundamental,clt,norte,1
5791,59,4217.0,43546.81,48,13.59,781,1912.82,10,3,28081.6,7750.11,3569.7,133441.13,casa,sim,solteiro,fundamental,clt,nordeste,0
5792,23,6521.03,3724.37,41,15.67,671,2472.49,7,3,399.68,7570.99,1101.7,147476.86,veiculo,sim,divorciado,medio,temporario,centro_oeste,0
5793,40,6064.15,26262.48,67,20.62,526,640.99,14,2,18721.36,5567.24,3694.24,21159.07,outros,sim,casado,superior,estudante,sudeste,0
5794,73,7159.69,5153.95,12,11.39,801,1250.79,12,2,13066.08,8163.43,135.73,36175.59,educacao,nao,casado,medio,estudante,centro_oeste,0
5795,41,3607.77,37972.12,52,21.93,668,1665.51,7,0,21246.54,5714.63,4950.81,95511.69,educacao,sim,divorciado,fundamental,clt,sudeste,0
5796,29,5373.25,12123.09,67,12.5,545,1949.97,5,0,30858.57,4672.77,5891.36,190106.54,casa,nao,viuvo,fundamental,estudante,norte,1
5797,67,2665.43,28249.48,49,18.05,600,2295.68,5,0,27126.32,5599.83,2816.33,167791.23,casa,nao,divorciado,fundamental,temporario,sudeste,1
5798,53,5999.4,44198.3,43,24.1,568,2247.75,16,2,11575.63,1226.21,1176.53,41070.58,veiculo,nao,viuvo,pos,autonomo,norte,0
5799,50,4758.7,32041.28,30,4.56,758,727.8,2,4,25870.67,2348.66,448.99,63235.65,casa,sim,casado,pos,clt,sudeste,1
5800,41,5305.82,10613.56,23,9.77,606,1160.13,3,0,3548.25,5245.72,5163.25,83301.8,outros,nao,casado,pos,temporario,sudeste,0
5801,25,4536.57,38748.84,42,17.47,434,1846.47,4,0,4485.49,1454.09,748.29,189179.35,veiculo,sim,viuvo,superior,clt,nordeste,0
5802,39,4348.22,22587.32,65,6.55,695,486.97,14,3,7894.49,7381.54,4549.63,215230.73,consumo,sim,solteiro,fundamental,temporario,nordeste,0
5803,42,3237.18,3099.54,36,8.93,722,2405.73,12,2,13991.12,1946.91,1386.92,16794.61,negocios,nao,solteiro,superior,clt,norte,1
5804,71,6222.77,24647.81,13,21.98,578,1912.93,17,1,17873.79,4056.83,5061.72,107107.1,outros,nao,casado,superior,temporario,norte,1
5805,35,7481.47,39468.05,37,4.62,788,2102.91,12,0,13924.64,4618.82,1568.3,79745.93,outros,nao,solteiro,superior,estudante,norte,0
5806,26,3798.0,22063.07,12,18.64,590,2285.27,8,4,21972.91,1842.41,2707.9,70783.53,negocios,nao,solteiro,superior,clt,sul,0
5807,42,5796.37,37008.48,67,4.82,525,592.85,0,3,4346.17,2558.41,-843.34,109795.72,negocios,sim,divorciado,fundamental,clt,centro_oeste,0
5808,74,5577.93,34601.43,41,6.78,700,1159.34,15,2,18251.8,4617.33,5809.33,158112.01,outros,sim,casado,superior,temporario,sudeste,0
5809,45,4814.58,23289.51,20,13.37,471,1691.87,12,1,9534.19,1407.7,2591.27,129906.35,negocios,nao,solteiro,pos,temporario,sul,0
5810,39,2052.13,17209.36,47,27.15,814,2088.11,1,4,12762.7,2090.92,3030.98,93358.12,educacao,nao,casado,medio,temporario,norte,1
5811,56,2457.12,35557.57,41,17.1,693,1892.17,17,0,17810.96,697.14,-821.45,158894.64,casa,sim,viuvo,medio,clt,sudeste,0
5812,54,3394.23,19285.79,39,11.49,546,461.95,11,3,4642.98,4804.82,3586.27,90527.34,negocios,sim,casado,fundamental,estudante,sudeste,0
5813,35,1200.0,10238.96,45,13.87,452,1677.96,11,3,13588.17,7489.39,1526.35,143371.54,outros,sim,casado,superior,autonomo,nordeste,0
5814,73,7334.46,17099.27,67,17.65,654,862.2,6,3,26625.71,7391.91,1500.66,36944.17,educacao,sim,solteiro,fundamental,estudante,centro_oeste,0
5815,51,5461.87,42396.18,62,18.87,654,1123.07,5,3,9714.93,3516.62,1891.62,74702.93,outros,nao,casado,superior,estudante,sul,0
5816,21,4746.07,15394.2,23,10.43,737,2486.61,6,1,26759.87,6343.26,2380.25,125104.92,educacao,sim,divorciado,superior,temporario,centro_oeste,0
5817,41,1200.0,13190.7,21,8.74,533,544.37,0,2,8081.79,8914.22,4467.2,201938.55,veiculo,sim,casado,medio,estudante,sudeste,0
5818,70,1517.03,8570.61,71,15.89,504,422.16,8,2,26396.04,4098.95,867.05,4238.05,educacao,sim,divorciado,medio,clt,sudeste,0
5819,40,4795.79,5010.59,48,19.48,585,1129.21,1,4,6804.0,8267.55,5069.72,159907.69,consumo,nao,casado,fundamental,autonomo,centro_oeste,0
5820,50,8346.88,46939.5,7,23.6,747,2184.78,10,3,33292.5,7117.64,-935.7,106462.96,consumo,nao,divorciado,superior,temporario,sul,1
5821,52,3542.44,26923.35,40,18.23,783,556.32,3,2,5381.8,2003.11,2338.37,163841.05,outros,nao,viuvo,fundamental,autonomo,norte,0
5822,58,6354.84,35698.82,13,20.62,561,365.49,11,3,34994.55,4275.99,3489.0,25264.58,consumo,nao,viuvo,superior,estudante,nordeste,0
5823,67,3936.18,37670.29,7,15.62,439,1151.73,6,4,8014.65,8411.76,5769.02,130181.53,educacao,sim,viuvo,superior,estudante,nordeste,0
5824,26,4899.43,18530.42,18,17.6,464,1646.93,5,3,24857.11,1924.22,1305.77,92788.35,veiculo,sim,solteiro,superior,clt,centro_oeste,1
5825,47,6986.43,38850.22,22,19.25,637,538.89,2,1,10678.8,989.9,3492.1,68538.1,casa,sim,casado,pos,estudante,centro_oeste,0
5826,48,4177.29,46247.53,11,9.67,429,2046.65,6,0,2876.52,2771.75,4333.27,7147.04,outros,nao,solteiro,superior,estudante,sudeste,1
5827,26,3557.81,36250.16,61,26.42,709,2142.52,1,4,871.23,541.27,4694.07,115594.25,negocios,nao,divorciado,medio,autonomo,nordeste,0
5828,56,7352.53,34883.86,34,12.29,433,1392.42,4,0,5155.03,1580.35,5352.31,75213.98,outros,nao,casado,fundamental,clt,centro_oeste,0
5829,24,4882.0,22166.64,42,18.51,589,250.68,8,2,14282.63,4123.3,897.88,202841.45,negocios,sim,solteiro,medio,autonomo,nordeste,0
5830,44,6764.17,40780.07,63,17.46,739,1377.36,11,0,20307.45,6997.71,4771.25,165238.27,negocios,nao,casado,superior,estudante,sudeste,0
5831,36,3566.55,6542.1,61,24.48,607,676.9,8,4,16748.15,2316.63,5663.93,19146.35,casa,sim,divorciado,medio,clt,sudeste,0
5832,26,7332.01,36610.61,60,6.73,689,1214.95,1,0,22066.05,7722.09,1861.09,68196.64,consumo,nao,solteiro,medio,estudante,sudeste,0
5833,64,5292.53,18970.71,18,25.22,553,1942.59,12,3,3353.89,8897.13,3591.64,57141.72,negocios,sim,casado,superior,clt,nordeste,0
5834,31,5582.62,28251.81,55,7.29,737,306.25,7,3,23674.93,4445.52,719.31,150489.59,consumo,nao,casado,fundamental,estudante,sudeste,0
5835,32,5036.93,43129.85,71,7.47,590,180.35,11,3,27481.43,8933.14,199.21,126535.96,casa,sim,divorciado,pos,temporario,norte,0
5836,66,3890.15,30028.39,6,24.69,721,489.6,17,2,8072.85,5411.41,368.13,78977.4,casa,nao,solteiro,pos,autonomo,sudeste,0
5837,68,4796.97,3663.96,63,10.17,800,285.26,0,2,27717.02,1011.92,-1398.91,48794.21,outros,nao,casado,fundamental,temporario,sul,0
5838,19,4003.34,35378.52,63,18.68,572,784.17,17,2,8750.19,1439.83,2711.68,96906.54,casa,nao,divorciado,pos,estudante,sul,0
5839,33,6527.18,44770.62,61,15.13,512,1117.9,17,3,15542.64,4859.98,4921.88,55202.36,casa,sim,divorciado,superior,autonomo,centro_oeste,1
5840,58,4434.5,31711.54,32,26.42,793,1988.92,9,0,28203.27,8335.42,439.44,41686.61,educacao,sim,casado,pos,autonomo,centro_oeste,1
5841,62,2106.29,41694.61,19,22.77,692,250.36,0,4,24052.73,1337.09,-1552.54,179452.45,consumo,nao,divorciado,pos,temporario,nordeste,0
5842,74,1777.04,40050.96,54,12.04,771,994.3,4,3,17630.62,5359.58,408.4,213039.0,outros,sim,divorciado,medio,clt,centro_oeste,0
5843,49,1691.91,41688.8,47,23.52,571,2336.31,4,4,12938.31,7393.51,4221.75,166099.67,negocios,sim,casado,pos,temporario,norte,0
5844,18,5912.35,18156.57,53,9.42,559,1517.2,10,0,19728.21,8856.3,1691.45,13735.77,consumo,sim,divorciado,pos,autonomo,sudeste,0
5845,67,2727.29,24074.44,22,18.77,469,2098.09,12,1,18192.04,8218.01,4183.53,206470.39,casa,sim,solteiro,superior,autonomo,nordeste,1
5846,27,5340.15,41085.52,17,22.04,729,1301.75,8,1,34000.47,1401.37,-107.22,99794.33,casa,nao,casado,medio,estudante,nordeste,1
5847,24,5045.83,43923.14,65,20.88,757,405.6,6,2,28915.32,1152.82,3207.21,58405.6,casa,sim,solteiro,fundamental,temporario,sul,0
5848,56,4683.52,9181.29,40,19.76,747,613.7,0,4,4075.07,2244.74,3901.84,169790.99,veiculo,sim,viuvo,medio,clt,sul,0
5849,52,5589.13,10759.72,62,23.92,536,1938.75,16,3,14433.38,2879.06,4511.74,826.75,negocios,sim,casado,medio,estudante,sudeste,0
5850,21,5084.95,18280.75,67,17.35,615,2184.73,17,3,20555.76,7859.34,3535.68,6687.47,casa,sim,solteiro,medio,autonomo,nordeste,0
5851,27,1200.0,37548.55,36,26.28,617,1264.7,0,1,24687.68,5984.3,5304.12,166893.4,negocios,sim,divorciado,pos,clt,centro_oeste,1
5852,51,4217.47,42311.64,23,7.48,468,1322.5,5,0,6207.66,8508.91,-817.07,35303.34,veiculo,sim,divorciado,superior,temporario,sul,0
5853,32,5565.19,28900.93,65,12.54,420,1224.28,17,3,29076.69,4060.21,2495.08,103906.26,educacao,sim,viuvo,medio,autonomo,sul,0
5854,56,7752.51,7653.7,53,22.79,553,222.6,7,0,22049.82,3986.07,1708.4,115452.83,negocios,sim,divorciado,fundamental,estudante,norte,0
5855,41,7835.62,16320.54,49,11.39,624,401.58,11,1,2360.3,2876.72,5994.41,218619.64,educacao,sim,viuvo,superior,temporario,sul,0
5856,51,2346.33,41494.55,69,14.63,815,2481.18,9,2,2068.43,4218.9,2484.94,72480.73,negocios,sim,solteiro,fundamental,clt,sudeste,0
5857,45,4170.49,18313.75,22,22.55,769,277.47,11,3,24016.24,7222.8,3545.01,66846.01,veiculo,sim,casado,superior,estudante,sudeste,0
5858,38,1980.99,7177.73,29,16.93,706,989.61,15,3,26444.24,6421.94,5368.44,104215.94,negocios,nao,solteiro,medio,clt,norte,0
5859,37,7535.79,16244.12,8,8.5,805,1782.39,6,0,10864.52,7212.72,-688.57,106464.66,negocios,nao,casado,superior,autonomo,norte,0
5860,57,6623.14,39205.14,31,8.2,729,1165.61,14,1,5668.43,7560.91,846.45,120639.7,negocios,nao,solteiro,medio,clt,sul,0
5861,47,5431.06,24953.32,35,11.23,630,2459.78,8,4,7694.25,536.47,721.86,193222.6,casa,sim,casado,fundamental,clt,sudeste,0
5862,51,5098.97,10306.56,35,11.27,784,255.95,3,2,13727.88,2516.93,-888.04,155985.52,outros,nao,divorciado,medio,temporario,sul,0
5863,50,7285.14,16724.77,15,7.28,787,2208.98,1,3,22115.64,6061.15,2568.0,189620.63,casa,sim,casado,superior,estudante,norte,0
5864,29,6980.39,45887.95,59,24.03,501,492.61,12,1,6570.21,4292.85,591.12,85040.82,veiculo,sim,casado,superior,temporario,sudeste,0
5865,70,6884.48,22154.07,38,10.78,533,655.19,10,4,27696.12,1498.35,-511.7,169624.87,consumo,sim,divorciado,pos,clt,centro_oeste,0
5866,50,5622.02,22592.77,34,23.25,807,1405.66,15,2,8710.57,1050.72,-1629.24,211443.38,consumo,nao,viuvo,fundamental,autonomo,sudeste,0
5867,58,4171.39,9464.67,63,27.36,422,2201.77,4,0,28334.79,8518.48,-1604.57,17329.76,educacao,sim,solteiro,superior,temporario,centro_oeste,1
5868,68,6180.82,16357.22,38,11.97,627,1140.67,12,3,32341.24,7711.82,1247.95,95724.87,consumo,sim,divorciado,superior,temporario,nordeste,0
5869,70,6268.88,39568.22,64,27.29,573,861.09,0,1,5745.61,3211.89,2965.28,131202.33,educacao,sim,viuvo,fundamental,autonomo,nordeste,0
5870,56,4456.85,38272.05,20,8.59,717,1111.88,2,4,32120.59,5933.99,-141.99,128858.18,outros,sim,solteiro,medio,autonomo,norte,0
5871,62,4167.75,22315.2,62,19.54,803,398.88,10,3,24687.92,1747.43,5299.0,112878.65,educacao,sim,casado,fundamental,clt,nordeste,0
5872,44,6839.96,43161.18,71,27.79,547,2124.7,9,0,31051.65,1647.27,-160.56,180930.15,casa,sim,casado,fundamental,clt,sudeste,0
5873,60,7795.41,19801.78,55,23.4,508,2303.3,10,0,12138.43,3335.92,309.28,46295.95,casa,nao,viuvo,medio,clt,centro_oeste,0
5874,36,3451.09,41827.0,64,9.51,551,1747.8,15,0,30228.13,2890.53,572.48,212434.24,veiculo,sim,solteiro,fundamental,clt,norte,1
5875,58,4325.92,3936.23,54,10.18,706,1211.63,15,1,16687.35,8824.77,-569.54,177915.39,casa,nao,viuvo,superior,estudante,sul,0
5876,22,5431.68,18298.98,45,10.3,563,1604.83,3,0,6638.29,707.04,5992.91,64464.2,educacao,sim,divorciado,fundamental,temporario,centro_oeste,0
5877,70,5675.88,41405.62,56,26.63,676,1460.33,3,3,34880.37,5151.98,3792.29,7173.31,outros,sim,solteiro,fundamental,estudante,norte,0
5878,31,3859.74,43509.59,69,9.89,559,299.61,9,0,33182.7,7760.04,543.05,158611.81,outros,sim,viuvo,pos,estudante,centro_oeste,1
5879,55,8190.34,36917.29,45,16.23,716,1095.06,17,2,4368.6,720.2,5790.82,5815.43,educacao,sim,viuvo,superior,clt,norte,0
5880,18,5559.77,32978.89,51,12.4,445,1703.84,12,1,15966.85,5206.68,3151.16,107059.74,veiculo,sim,divorciado,medio,autonomo,centro_oeste,0
5881,26,5756.49,39605.47,11,12.67,557,2146.89,2,3,34516.86,3729.95,4200.9,128051.17,casa,nao,casado,pos,autonomo,centro_oeste,1
5882,74,7965.99,34693.9,69,13.8,543,1012.82,11,0,19195.78,2335.12,880.87,215314.72,educacao,nao,casado,pos,temporario,sudeste,0
5883,65,3991.69,14067.05,57,12.28,659,2080.71,6,2,17398.09,2500.62,-109.52,69072.75,veiculo,sim,viuvo,fundamental,temporario,norte,0
5884,30,4640.82,23713.78,16,18.4,678,1936.05,1,4,6837.55,7422.78,1708.48,158035.08,outros,nao,solteiro,medio,estudante,centro_oeste,1
5885,25,2544.02,32562.08,25,14.21,710,2336.0,12,1,14683.29,4447.85,1450.38,209959.51,consumo,nao,casado,superior,autonomo,norte,0
5886,64,4489.77,29245.03,20,14.58,780,2475.48,4,4,17436.79,890.0,5879.47,101839.25,outros,nao,viuvo,fundamental,temporario,sudeste,0
5887,74,2119.93,42771.94,27,16.14,738,276.82,13,0,24991.76,3975.03,-668.07,26563.14,veiculo,nao,viuvo,superior,clt,nordeste,1
5888,27,6146.13,24059.93,64,12.55,436,1194.93,9,3,15751.19,7442.15,-745.66,27085.44,consumo,nao,solteiro,fundamental,clt,sul,1
5889,55,5555.99,10598.43,36,22.11,691,1974.66,8,1,22224.6,6357.83,3045.23,85695.73,outros,sim,viuvo,pos,autonomo,norte,0
5890,34,4301.28,12263.48,33,16.08,426,2089.75,3,1,3553.07,8617.1,2582.95,71397.3,veiculo,nao,divorciado,medio,autonomo,centro_oeste,0
5891,60,4619.24,40995.57,57,16.22,585,372.22,5,2,26732.48,7071.26,2460.58,69629.4,negocios,sim,viuvo,superior,autonomo,centro_oeste,0
5892,41,6170.64,2896.8,30,9.04,656,1587.29,6,3,114.64,1953.06,1413.84,106603.03,casa,nao,solteiro,pos,clt,norte,0
5893,25,2755.57,42045.43,64,4.74,547,2264.41,12,2,22475.43,1068.03,1016.75,118214.81,veiculo,sim,viuvo,superior,clt,norte,1
5894,36,5167.5,5029.26,55,23.42,699,706.78,7,2,28920.98,4431.73,-1120.38,58396.49,educacao,nao,casado,superior,estudante,sudeste,0
5895,48,6059.12,20320.46,22,24.53,738,985.87,0,1,26837.75,4280.89,4381.34,96844.27,outros,sim,casado,pos,clt,norte,0
5896,63,1591.91,38908.02,47,9.79,663,1096.05,0,3,5156.11,5155.45,1682.51,143364.77,educacao,sim,solteiro,superior,estudante,centro_oeste,0
5897,19,6032.89,21046.5,37,12.64,629,1095.33,4,0,29548.66,6209.04,5198.79,122532.56,educacao,sim,divorciado,medio,temporario,sudeste,0
5898,72,1786.69,39916.84,28,12.59,809,1483.16,9,0,2771.85,2661.74,2065.69,166119.93,casa,nao,solteiro,medio,clt,sul,0
5899,55,4588.33,7063.6,65,20.42,680,321.07,5,0,2322.5,8900.71,5247.59,60301.45,educacao,nao,casado,superior,estudante,sul,0
5900,67,2705.9,25775.17,32,8.49,511,1987.72,17,4,28791.23,4705.49,5407.26,82888.38,outros,sim,solteiro,medio,temporario,sul,0
5901,71,7376.24,29002.57,13,27.49,682,465.07,4,3,6388.21,6577.23,2561.82,121758.61,negocios,nao,divorciado,fundamental,temporario,nordeste,0
5902,26,2717.18,43034.52,32,5.48,612,2066.89,7,1,15647.06,3971.4,4420.1,199752.56,educacao,sim,divorciado,superior,clt,norte,0
5903,23,1829.66,6759.77,40,27.37,429,219.66,7,3,32782.16,6317.59,-989.38,134634.73,outros,nao,divorciado,superior,temporario,sudeste,1
5904,62,5040.03,17906.33,14,5.65,786,2005.9,4,1,7313.73,8858.87,-885.64,63328.5,consumo,nao,casado,superior,clt,sudeste,1
5905,28,4055.33,32500.34,55,11.62,738,1004.22,15,3,27320.43,1805.49,3662.29,8113.17,negocios,sim,viuvo,medio,autonomo,sul,0
5906,26,2091.71,47086.82,21,10.02,666,1701.59,4,1,20455.39,4205.37,-1403.29,113227.17,veiculo,nao,divorciado,fundamental,clt,nordeste,0
5907,44,5746.47,41096.48,12,10.23,689,595.68,0,3,14199.35,6424.71,3749.2,209121.23,outros,sim,solteiro,fundamental,estudante,sul,0
5908,70,1215.3,41015.53,41,27.87,650,1425.86,9,1,16073.08,7783.27,-0.89,146754.91,educacao,nao,solteiro,superior,clt,sudeste,0
5909,63,2934.77,26031.81,16,15.0,557,873.94,11,0,14360.87,5916.1,31.17,93383.7,outros,nao,solteiro,fundamental,temporario,sul,0
5910,47,3764.61,28175.61,57,6.87,793,189.11,8,4,28955.61,2465.92,1009.84,16902.18,veiculo,sim,viuvo,superior,temporario,sul,0
5911,29,6244.0,41565.39,10,27.57,641,1862.33,7,3,28489.49,5983.83,5410.68,25608.87,educacao,sim,casado,fundamental,autonomo,nordeste,1
5912,37,7131.84,42067.96,33,9.82,555,484.33,15,3,13069.69,5793.24,3742.94,163599.1,educacao,sim,solteiro,medio,autonomo,sudeste,1
5913,57,6785.01,39003.49,9,5.74,693,2360.11,6,3,24403.7,870.98,4061.71,69491.14,educacao,nao,casado,pos,autonomo,nordeste,1
5914,26,4524.11,39744.99,31,4.58,482,1441.44,11,4,18615.35,5658.6,4307.84,64416.38,veiculo,nao,viuvo,medio,temporario,centro_oeste,1
5915,47,1200.0,42523.16,67,15.12,547,183.88,15,0,26187.65,5026.97,4686.64,50785.78,consumo,sim,viuvo,medio,temporario,nordeste,1
5916,18,5503.54,7677.08,48,26.04,471,2372.22,7,4,1751.62,2960.49,-471.38,197392.41,veiculo,nao,casado,pos,estudante,centro_oeste,0
5917,36,7447.03,15815.09,41,4.41,454,488.06,9,2,11761.2,2530.8,5546.42,67192.76,consumo,sim,casado,fundamental,clt,sul,0
5918,32,7020.82,46913.17,16,21.4,748,2114.74,6,2,11753.22,7027.04,1296.67,38920.33,veiculo,sim,casado,medio,estudante,sul,1
5919,56,5633.31,27287.32,26,10.25,594,943.92,11,4,20888.43,1051.82,2581.44,80789.59,negocios,sim,casado,medio,autonomo,sul,0
5920,70,2658.9,10529.11,31,9.26,762,1497.9,9,4,7267.27,2918.29,4520.08,156303.12,casa,sim,divorciado,medio,clt,nordeste,0
5921,26,3854.45,25389.03,44,20.89,674,2118.88,15,1,18609.28,6459.08,4850.14,91138.44,consumo,sim,divorciado,pos,estudante,nordeste,1
5922,63,8280.87,31883.18,19,21.95,513,296.37,4,4,34295.08,2278.25,2147.63,168324.05,educacao,nao,divorciado,pos,autonomo,centro_oeste,0
5923,55,2249.89,40184.1,71,17.42,504,1757.73,2,0,1522.71,1499.65,2448.79,150040.67,casa,nao,viuvo,fundamental,temporario,sul,0
5924,73,2733.89,39454.04,49,8.85,602,524.71,7,0,17620.53,8854.61,1394.87,78237.44,educacao,nao,divorciado,pos,estudante,nordeste,1
5925,69,6496.59,4740.49,26,4.15,457,1842.04,11,1,4840.09,5307.87,-1413.73,192533.31,casa,nao,divorciado,fundamental,temporario,sul,0
5926,23,4023.91,23135.39,13,21.69,653,552.83,5,1,20384.04,2784.5,3251.34,16255.06,negocios,nao,casado,fundamental,estudante,centro_oeste,1
5927,60,2672.84,3435.89,45,18.39,603,230.91,17,3,8430.2,1808.71,3482.22,161736.54,casa,sim,solteiro,superior,autonomo,norte,0
5928,51,7550.35,42911.1,35,14.14,475,540.62,9,2,31587.81,560.4,1889.33,111721.49,negocios,sim,casado,medio,temporario,nordeste,0
5929,24,5629.9,10412.73,50,9.13,629,1631.71,14,4,11129.68,6872.89,-1424.75,70520.13,educacao,sim,divorciado,fundamental,clt,sul,0
5930,32,4112.76,30931.8,45,22.29,759,2466.89,9,3,33540.95,3538.72,2613.66,89909.82,casa,sim,solteiro,fundamental,autonomo,sul,1
5931,70,2737.61,28463.14,48,5.7,783,2430.68,7,3,144.72,2153.79,-996.0,129312.42,educacao,nao,casado,superior,clt,norte,0
5932,48,8485.33,30961.59,61,19.42,587,1910.0,15,3,29124.02,8180.01,1741.43,60158.55,outros,sim,solteiro,medio,autonomo,nordeste,1
5933,37,4755.99,28135.46,40,20.52,449,2093.03,2,2,9158.93,6418.81,4427.74,133523.8,outros,sim,casado,medio,clt,sul,0
5934,36,7315.19,35059.28,53,9.36,765,2207.6,4,1,7056.79,7388.49,-29.22,116609.61,veiculo,sim,divorciado,medio,autonomo,sudeste,0
5935,65,6408.54,30988.0,29,15.6,640,1405.78,13,0,30945.1,6073.79,5367.32,169133.2,negocios,nao,casado,fundamental,clt,sul,0
5936,34,3862.38,6608.66,68,16.48,724,710.36,16,4,10653.09,8292.04,3724.59,39464.22,negocios,sim,divorciado,pos,autonomo,sul,0
5937,27,3876.71,19187.94,32,18.19,438,1713.74,5,1,20435.74,3427.84,208.38,78446.28,casa,nao,divorciado,medio,clt,norte,1
5938,50,7403.37,27370.0,50,25.63,537,508.5,9,3,25787.28,1829.48,-7.87,112364.6,casa,sim,casado,pos,autonomo,norte,0
5939,74,7432.53,17296.48,71,17.11,534,2111.08,8,3,14672.06,556.69,-1217.85,160051.9,outros,nao,casado,superior,estudante,centro_oeste,0
5940,28,1421.55,37095.06,29,5.62,706,1136.05,13,1,3546.83,787.44,5016.32,73924.27,casa,sim,viuvo,fundamental,temporario,centro_oeste,0
5941,32,5789.6,16964.35,12,12.28,692,798.26,8,0,32281.8,7757.8,-1308.43,67241.29,casa,nao,divorciado,medio,clt,nordeste,0
5942,44,4581.81,40205.13,21,19.08,716,2136.82,11,3,22662.53,5726.29,3085.17,196465.77,veiculo,sim,viuvo,pos,temporario,nordeste,0
5943,29,2940.02,9176.38,22,12.0,578,437.97,12,1,31233.91,887.25,4061.35,23968.27,casa,sim,casado,fundamental,estudante,centro_oeste,0
5944,55,5271.14,37507.36,9,22.43,544,2441.6,14,4,26870.43,1407.17,189.85,159993.96,veiculo,sim,divorciado,fundamental,temporario,norte,0
5945,32,2370.73,10847.68,41,8.56,495,2384.96,2,2,27089.36,6420.34,1167.21,176951.93,educacao,nao,casado,superior,autonomo,sul,1
5946,25,3960.38,26524.7,24,7.43,521,1592.39,11,1,20645.89,3771.55,491.96,57503.87,consumo,nao,viuvo,medio,estudante,nordeste,1
5947,32,3362.75,17083.86,12,9.54,485,1832.14,3,3,216.79,7082.45,4453.5,96165.11,veiculo,nao,viuvo,superior,estudante,norte,0
5948,71,3900.38,31498.72,15,25.03,749,266.19,0,1,30893.04,8460.74,5964.24,114362.36,educacao,nao,casado,pos,estudante,nordeste,1
5949,71,4671.34,12179.69,24,20.34,691,1194.03,12,3,29082.35,6926.0,5770.66,169529.51,educacao,nao,solteiro,superior,autonomo,nordeste,0
5950,46,2971.98,38691.14,30,16.48,691,2232.31,7,3,25445.31,2043.4,-1257.87,192286.66,outros,sim,casado,medio,autonomo,sul,0
5951,40,7631.72,28598.07,70,11.21,774,206.73,12,4,30735.58,6022.2,3486.98,86388.36,casa,nao,solteiro,pos,autonomo,centro_oeste,0
5952,64,5687.91,46055.93,52,26.05,715,854.24,16,2,6447.28,5560.41,2762.74,76641.76,veiculo,sim,solteiro,fundamental,estudante,nordeste,0
5953,29,8030.21,34885.55,53,25.33,548,1000.91,2,0,9865.06,7707.29,5454.29,77276.63,veiculo,sim,solteiro,pos,estudante,nordeste,0
5954,55,4511.86,30136.5,51,13.59,545,1746.18,8,0,5499.25,2202.43,2707.95,43013.92,casa,sim,solteiro,fundamental,clt,centro_oeste,0
5955,56,3812.18,40226.72,59,22.07,470,1815.23,1,0,22631.66,6610.83,1768.18,12237.09,veiculo,sim,divorciado,fundamental,autonomo,norte,0
5956,58,7965.15,12495.56,26,25.93,708,331.24,14,4,15343.72,5598.16,1701.62,195594.86,casa,nao,viuvo,medio,autonomo,centro_oeste,1
5957,30,3759.49,31289.78,12,11.52,769,684.64,17,1,3592.54,4559.34,4858.21,68627.6,casa,sim,solteiro,fundamental,estudante,sudeste,0
5958,58,4479.07,20263.38,39,11.89,705,2095.15,15,1,20147.3,2974.22,3442.42,2445.56,outros,sim,divorciado,pos,clt,norte,0
5959,52,6096.09,36342.49,6,17.1,608,625.02,17,3,11864.5,721.27,-1222.35,31933.02,veiculo,nao,divorciado,superior,autonomo,sudeste,0
5960,67,2572.09,3613.36,20,13.8,553,844.76,5,1,17167.78,7347.61,5481.48,207334.88,veiculo,sim,solteiro,fundamental,estudante,sul,0
5961,27,6080.33,21960.9,55,22.28,595,556.41,5,4,9148.37,1413.15,3494.16,13438.34,casa,nao,divorciado,superior,temporario,sudeste,0
5962,52,5850.02,32152.44,39,16.89,528,1930.01,15,4,5640.21,3707.65,-590.61,152246.59,casa,sim,divorciado,fundamental,autonomo,norte,0
5963,65,7084.79,23459.09,51,9.08,486,242.89,11,2,15778.5,4717.32,1860.89,171794.34,consumo,nao,viuvo,superior,estudante,norte,0
5964,33,6402.08,13327.71,39,12.55,592,880.44,6,3,7915.19,3302.61,155.16,164606.47,consumo,nao,solteiro,pos,clt,nordeste,0
5965,60,7139.96,23627.89,41,20.11,514,1414.97,3,1,14175.48,6130.84,2812.74,73352.54,casa,sim,solteiro,fundamental,autonomo,centro_oeste,0
5966,23,4601.24,41163.38,25,5.28,715,193.97,0,2,13379.64,3292.14,2538.66,140710.63,veiculo,sim,casado,medio,estudante,sudeste,1
5967,58,3247.19,11911.18,20,12.21,782,2393.25,0,2,32914.88,4888.66,5768.05,61986.56,negocios,nao,divorciado,superior,autonomo,sul,0
5968,52,8597.97,19206.33,23,4.39,497,2196.75,12,1,6539.56,1309.14,-1369.73,91639.48,consumo,sim,viuvo,pos,estudante,nordeste,0
5969,28,2051.95,47560.27,58,23.7,422,1681.77,4,2,10025.48,4193.21,1712.47,182822.44,veiculo,nao,divorciado,superior,estudante,sul,0
5970,21,2232.28,44033.18,70,6.81,769,1198.78,14,0,27715.25,5455.5,-373.48,133452.65,educacao,nao,casado,medio,estudante,nordeste,0
5971,60,5817.23,4045.56,11,5.85,537,540.31,15,3,10355.18,7825.52,-1628.29,103081.42,educacao,nao,solteiro,fundamental,autonomo,sudeste,0
5972,31,7724.97,26630.1,41,22.88,522,1464.44,8,0,16809.21,2043.53,4269.68,151135.35,outros,nao,divorciado,superior,autonomo,norte,0
5973,46,5141.19,5476.29,37,6.15,762,734.96,5,4,26668.15,3378.4,4109.65,162853.83,consumo,sim,divorciado,medio,temporario,nordeste,0
5974,21,6598.75,44537.67,43,20.42,755,1660.2,3,4,153.57,2703.98,5486.79,204616.56,outros,nao,solteiro,pos,estudante,centro_oeste,0
5975,72,1207.56,22590.29,21,13.12,652,517.76,4,1,33479.57,1797.65,2788.8,169049.17,casa,nao,viuvo,superior,temporario,nordeste,1
5976,49,3900.82,21538.88,6,23.72,482,1843.72,11,0,16199.16,3777.75,195.21,105317.09,educacao,sim,casado,pos,autonomo,sudeste,0
5977,71,1426.89,14919.04,19,8.39,702,929.14,13,2,26580.74,8220.87,1031.28,47968.03,outros,nao,divorciado,superior,estudante,nordeste,0
5978,27,6204.74,28381.26,18,6.03,715,1344.6,13,0,32228.25,3669.98,2915.65,103494.2,negocios,nao,casado,fundamental,clt,centro_oeste,0
5979,29,2014.98,9097.44,9,9.48,597,555.44,17,2,30688.15,2813.4,3104.57,96776.53,negocios,sim,casado,fundamental,clt,sudeste,1
5980,52,2499.93,38852.45,29,26.37,644,774.56,11,3,7713.26,8643.36,-1467.78,131800.37,educacao,sim,viuvo,superior,clt,norte,1
5981,52,5725.25,24850.07,51,23.9,634,1224.49,9,1,19431.55,6581.53,5303.57,137598.23,educacao,sim,divorciado,fundamental,clt,norte,0
5982,63,6711.28,28274.06,69,10.86,684,1242.98,6,4,14372.92,3642.24,5423.26,47713.29,outros,sim,solteiro,medio,clt,sul,1
5983,70,4513.86,40756.62,49,8.95,626,2499.48,6,0,18632.69,6869.21,4428.39,177347.51,outros,sim,casado,superior,autonomo,centro_oeste,0
5984,64,5826.31,10924.27,17,7.76,809,958.18,6,3,27287.08,5927.63,148.47,90925.07,educacao,sim,casado,fundamental,temporario,sudeste,0
5985,25,5768.02,10470.83,29,9.31,434,375.76,15,2,12406.77,7766.14,915.04,173195.82,consumo,nao,viuvo,fundamental,estudante,nordeste,1
5986,35,4412.23,21646.48,26,8.92,441,1396.19,9,1,16702.34,1443.58,3678.91,3440.94,casa,sim,solteiro,fundamental,temporario,centro_oeste,0
5987,70,2829.53,38268.83,20,25.32,480,926.64,3,2,21279.27,5088.8,584.76,169356.92,consumo,nao,casado,medio,temporario,nordeste,0
5988,49,5816.8,5163.82,71,4.48,479,2216.44,3,1,9469.72,6468.06,1224.41,120845.71,outros,nao,casado,superior,temporario,norte,0
5989,67,5903.57,38680.24,49,25.12,619,667.89,0,3,21231.17,8980.24,3412.34,93107.28,consumo,nao,solteiro,medio,estudante,centro_oeste,1
5990,50,6409.24,25284.43,37,4.99,451,2165.14,15,4,5211.93,5614.78,-1534.69,31376.79,veiculo,sim,casado,fundamental,temporario,sudeste,0
5991,20,5361.72,28060.24,34,23.84,496,1719.5,3,2,21757.62,1695.86,-724.85,195069.72,casa,nao,divorciado,superior,estudante,sudeste,0
5992,44,2696.7,28179.56,27,14.22,627,616.14,1,3,5013.11,8758.08,-1519.22,11681.41,outros,nao,solteiro,pos,temporario,norte,0
5993,65,6042.61,5055.62,33,5.85,779,1120.17,5,3,27148.1,4399.55,272.44,25010.08,educacao,nao,divorciado,fundamental,clt,sudeste,0
5994,55,4797.51,13864.57,47,23.18,741,1322.44,8,4,6790.74,4649.7,1952.49,186122.88,negocios,sim,casado,fundamental,estudante,sul,0
5995,25,3931.07,36866.03,67,10.15,506,1390.57,17,2,22614.14,2651.75,4783.91,151497.72,casa,sim,viuvo,fundamental,temporario,sul,0
5996,29,4269.66,21258.2,38,25.07,441,1101.26,15,2,20341.92,7415.85,-404.48,185667.27,casa,nao,casado,medio,autonomo,nordeste,0
5997,66,3557.54,28003.52,18,22.05,715,1536.34,3,0,14886.6,4999.04,983.58,213809.63,educacao,nao,casado,fundamental,estudante,norte,0
5998,73,6399.92,45491.52,69,27.56,731,1842.84,9,3,22591.08,8778.17,-1726.44,74828.73,educacao,sim,casado,superior,autonomo,sul,1
5999,60,2247.39,4605.37,26,23.96,791,1354.35,14,4,29628.06,4911.74,1814.86,177992.11,casa,nao,solteiro,superior,clt,sudeste,1
6000,23,3011.73,22960.46,11,9.78,593,1577.64,13,4,4205.92,2034.72,-1602.45,8445.39,consumo,nao,viuvo,superior,estudante,sul,0
